{
  "post_stream": {
    "posts": [
      {
        "id": 598476,
        "name": "Bharat Choudhary",
        "username": "23f1000879",
        "avatar_template": "/user_avatar/discourse.onlinedegree.iitm.ac.in/23f1000879/{size}/66976_2.png",
        "created_at": "2025-02-22T12:48:54.513Z",
        "cooked": "<p>my score from week 2 to week 5 are still showing not submitted.</p>\n<p><div class=\"lightbox-wrapper\"><a class=\"lightbox\" href=\"https://europe1.discourse-cdn.com/flex013/uploads/iitm/original/3X/c/5/c554924d186f2c50faa5c62af45129a46b3ef06c.png\" data-download-href=\"/uploads/short-url/s9FfPd480umcjVrXvBInZppWZNW.png?dl=1\" title=\"Screenshot 2025-02-22 181257\" rel=\"noopener nofollow ugc\"><img src=\"https://europe1.discourse-cdn.com/flex013/uploads/iitm/optimized/3X/c/5/c554924d186f2c50faa5c62af45129a46b3ef06c_2_690x424.png\" alt=\"Screenshot 2025-02-22 181257\" data-base62-sha1=\"s9FfPd480umcjVrXvBInZppWZNW\" width=\"690\" height=\"424\" srcset=\"https://europe1.discourse-cdn.com/flex013/uploads/iitm/optimized/3X/c/5/c554924d186f2c50faa5c62af45129a46b3ef06c_2_690x424.png, https://europe1.discourse-cdn.com/flex013/uploads/iitm/optimized/3X/c/5/c554924d186f2c50faa5c62af45129a46b3ef06c_2_1035x636.png 1.5x, https://europe1.discourse-cdn.com/flex013/uploads/iitm/original/3X/c/5/c554924d186f2c50faa5c62af45129a46b3ef06c.png 2x\" data-dominant-color=\"FBFBFC\"><div class=\"meta\"><svg class=\"fa d-icon d-icon-far-image svg-icon\" aria-hidden=\"true\"><use href=\"#far-image\"></use></svg><span class=\"filename\">Screenshot 2025-02-22 181257</span><span class=\"informations\">1144×704 30.8 KB</span><svg class=\"fa d-icon d-icon-discourse-expand svg-icon\" aria-hidden=\"true\"><use href=\"#discourse-expand\"></use></svg></div></a></div></p>",
        "post_number": 1,
        "post_type": 1,
        "posts_count": 2,
        "updated_at": "2025-02-22T12:48:54.513Z",
        "reply_count": 0,
        "reply_to_post_number": null,
        "quote_count": 0,
        "incoming_link_count": 0,
        "reads": 59,
        "readers_count": 58,
        "score": 11.8,
        "yours": false,
        "topic_id": 168143,
        "topic_slug": "my-score-are-still-not-updated",
        "display_username": "Bharat Choudhary",
        "primary_group_name": "ds-students",
        "flair_name": "ds-students",
        "flair_url": null,
        "flair_bg_color": "",
        "flair_color": "",
        "flair_group_id": 294,
        "badges_granted": [],
        "version": 1,
        "can_edit": false,
        "can_delete": false,
        "can_recover": false,
        "can_see_hidden_post": false,
        "can_wiki": false,
        "read": false,
        "user_title": null,
        "bookmarked": false,
        "actions_summary": [
          {
            "id": 2,
            "can_act": true
          },
          {
            "id": 6,
            "can_act": true
          },
          {
            "id": 3,
            "can_act": true
          },
          {
            "id": 4,
            "can_act": true
          },
          {
            "id": 8,
            "can_act": true
          },
          {
            "id": 10,
            "can_act": true
          },
          {
            "id": 7,
            "can_act": true
          }
        ],
        "moderator": false,
        "admin": false,
        "staff": false,
        "user_id": 17940,
        "hidden": false,
        "trust_level": 1,
        "deleted_at": null,
        "user_deleted": false,
        "edit_reason": null,
        "can_view_edit_history": true,
        "wiki": false,
        "post_url": "/t/my-score-are-still-not-updated/168143/1",
        "user_cakedate": "2023-06-03",
        "reactions": [],
        "current_user_reaction": null,
        "reaction_users_count": 0,
        "current_user_used_main_reaction": false,
        "can_accept_answer": false,
        "can_unaccept_answer": false,
        "accepted_answer": false,
        "topic_accepted_answer": null,
        "can_vote": false
      },
      {
        "id": 598486,
        "name": "Carlton D'Silva",
        "username": "carlton",
        "avatar_template": "/user_avatar/discourse.onlinedegree.iitm.ac.in/carlton/{size}/56317_2.png",
        "created_at": "2025-02-22T13:06:55.864Z",
        "cooked": "<p><a class=\"mention\" href=\"/u/23f1000879\">@23f1000879</a> This is not the screen where you see your scores for Tools in Data Science. Its only shown on dashboard. Can you send a screenshot of your dashboard. Thanks</p>\n<p>Kind regards</p>",
        "post_number": 2,
        "post_type": 1,
        "posts_count": 2,
        "updated_at": "2025-02-22T13:06:55.864Z",
        "reply_count": 0,
        "reply_to_post_number": null,
        "quote_count": 0,
        "incoming_link_count": 0,
        "reads": 47,
        "readers_count": 46,
        "score": 9.4,
        "yours": false,
        "topic_id": 168143,
        "topic_slug": "my-score-are-still-not-updated",
        "display_username": "Carlton D'Silva",
        "primary_group_name": "ds-students",
        "flair_name": "ds-students",
        "flair_url": null,
        "flair_bg_color": "",
        "flair_color": "",
        "flair_group_id": 294,
        "badges_granted": [],
        "version": 1,
        "can_edit": false,
        "can_delete": false,
        "can_recover": false,
        "can_see_hidden_post": false,
        "can_wiki": false,
        "read": false,
        "user_title": "Regular",
        "title_is_group": false,
        "bookmarked": false,
        "actions_summary": [
          {
            "id": 2,
            "can_act": true
          },
          {
            "id": 6,
            "can_act": true
          },
          {
            "id": 3,
            "can_act": true
          },
          {
            "id": 4,
            "can_act": true
          },
          {
            "id": 8,
            "can_act": true
          },
          {
            "id": 10,
            "can_act": true
          },
          {
            "id": 7,
            "can_act": true
          }
        ],
        "moderator": false,
        "admin": false,
        "staff": false,
        "group_moderator": true,
        "user_id": 16094,
        "hidden": false,
        "trust_level": 3,
        "deleted_at": null,
        "user_deleted": false,
        "edit_reason": null,
        "can_view_edit_history": true,
        "wiki": false,
        "post_url": "/t/my-score-are-still-not-updated/168143/2",
        "user_cakedate": "2023-01-25",
        "reactions": [],
        "current_user_reaction": null,
        "reaction_users_count": 0,
        "current_user_used_main_reaction": false,
        "can_accept_answer": false,
        "can_unaccept_answer": false,
        "accepted_answer": false,
        "topic_accepted_answer": null
      }
    ],
    "stream": [
      598476,
      598486
    ]
  },
  "timeline_lookup": [
    [
      1,
      268
    ]
  ],
  "suggested_topics": [
    {
      "fancy_title": "Submission Issue",
      "id": 191628,
      "title": "Submission Issue",
      "slug": "submission-issue",
      "posts_count": 1,
      "reply_count": 0,
      "highest_post_number": 1,
      "image_url": "https://europe1.discourse-cdn.com/flex013/uploads/iitm/optimized/3X/4/4/44dc3c61e92c828ce41f420245a133ac58e7488c_2_1024x576.png",
      "created_at": "2025-11-16T18:34:00.062Z",
      "last_posted_at": "2025-11-16T18:34:00.258Z",
      "bumped": true,
      "bumped_at": "2025-11-16T18:34:00.258Z",
      "archetype": "regular",
      "unseen": true,
      "pinned": false,
      "unpinned": null,
      "visible": true,
      "closed": false,
      "archived": false,
      "bookmarked": null,
      "liked": null,
      "tags": [
        "clarification",
        "operational",
        "term3-2025"
      ],
      "tags_descriptions": {},
      "like_count": 0,
      "views": 7,
      "category_id": 34,
      "featured_link": null,
      "has_accepted_answer": false,
      "posters": [
        {
          "extras": "latest single",
          "description": "Original Poster, Most Recent Poster",
          "user": {
            "id": 18836,
            "username": "23f2003033",
            "name": "Vedang Pawar",
            "avatar_template": "/user_avatar/discourse.onlinedegree.iitm.ac.in/23f2003033/{size}/67243_2.png",
            "primary_group_name": "ds-students",
            "flair_name": "ds-students",
            "flair_group_id": 294,
            "trust_level": 1
          }
        }
      ]
    }
  ],
  "tags": [
    "clarification",
    "miscellaneous",
    "diploma-level",
    "course-portal"
  ],
  "tags_descriptions": {},
  "fancy_title": "My score are still not updated",
  "id": 168143,
  "title": "My score are still not updated",
  "posts_count": 2,
  "created_at": "2025-02-22T12:48:54.316Z",
  "views": 67,
  "reply_count": 0,
  "like_count": 0,
  "last_posted_at": "2025-02-22T13:06:55.864Z",
  "visible": true,
  "closed": false,
  "archived": false,
  "has_summary": false,
  "archetype": "regular",
  "slug": "my-score-are-still-not-updated",
  "category_id": 34,
  "word_count": 54,
  "deleted_at": null,
  "user_id": 17940,
  "featured_link": null,
  "pinned_globally": false,
  "pinned_at": null,
  "pinned_until": null,
  "image_url": "https://europe1.discourse-cdn.com/flex013/uploads/iitm/optimized/3X/c/5/c554924d186f2c50faa5c62af45129a46b3ef06c_2_1024x630.png",
  "slow_mode_seconds": 0,
  "draft": null,
  "draft_key": "topic_168143",
  "draft_sequence": 0,
  "posted": false,
  "unpinned": null,
  "pinned": false,
  "current_post_number": 1,
  "highest_post_number": 2,
  "last_read_post_number": null,
  "last_read_post_id": null,
  "deleted_by": null,
  "actions_summary": [
    {
      "id": 4,
      "count": 0,
      "hidden": false,
      "can_act": true
    },
    {
      "id": 8,
      "count": 0,
      "hidden": false,
      "can_act": true
    },
    {
      "id": 10,
      "count": 0,
      "hidden": false,
      "can_act": true
    },
    {
      "id": 7,
      "count": 0,
      "hidden": false,
      "can_act": true
    }
  ],
  "chunk_size": 20,
  "bookmarked": false,
  "topic_timer": null,
  "message_bus_last_id": 0,
  "participant_count": 2,
  "show_read_indicator": false,
  "thumbnails": [
    {
      "max_width": null,
      "max_height": null,
      "width": 1144,
      "height": 704,
      "url": "https://europe1.discourse-cdn.com/flex013/uploads/iitm/original/3X/c/5/c554924d186f2c50faa5c62af45129a46b3ef06c.png"
    },
    {
      "max_width": 1024,
      "max_height": 1024,
      "width": 1024,
      "height": 630,
      "url": "https://europe1.discourse-cdn.com/flex013/uploads/iitm/optimized/3X/c/5/c554924d186f2c50faa5c62af45129a46b3ef06c_2_1024x630.png"
    }
  ],
  "slow_mode_enabled_until": null,
  "tags_disable_ads": false,
  "related_topics": [
    {
      "fancy_title": "Weekly assignments &ldquo;Not Submitted&rdquo;",
      "id": 81342,
      "title": "Weekly assignments \"Not Submitted\"",
      "slug": "weekly-assignments-not-submitted",
      "posts_count": 2,
      "reply_count": 0,
      "highest_post_number": 2,
      "image_url": null,
      "created_at": "2023-03-15T06:40:24.197Z",
      "last_posted_at": "2023-03-15T06:48:25.243Z",
      "bumped": true,
      "bumped_at": "2023-03-15T06:48:25.243Z",
      "archetype": "regular",
      "unseen": false,
      "pinned": false,
      "unpinned": null,
      "visible": true,
      "closed": false,
      "archived": false,
      "bookmarked": null,
      "liked": null,
      "tags": [
        "course-portal"
      ],
      "tags_descriptions": {},
      "like_count": 1,
      "views": 34,
      "category_id": 23,
      "featured_link": null,
      "has_accepted_answer": false,
      "posters": [
        {
          "extras": null,
          "description": "Original Poster",
          "user": {
            "id": 13182,
            "username": "G3madras",
            "name": "Gayathri",
            "avatar_template": "/user_avatar/discourse.onlinedegree.iitm.ac.in/g3madras/{size}/33988_2.png",
            "primary_group_name": "ds-students",
            "flair_name": "ds-students",
            "flair_group_id": 294,
            "trust_level": 1
          }
        },
        {
          "extras": "latest",
          "description": "Most Recent Poster",
          "user": {
            "id": 15853,
            "username": "somsubhra",
            "name": "Somsubhra De",
            "avatar_template": "/user_avatar/discourse.onlinedegree.iitm.ac.in/somsubhra/{size}/138725_2.png",
            "primary_group_name": "ds-students",
            "trust_level": 2
          }
        }
      ]
    },
    {
      "fancy_title": "The incorrect score is showing",
      "id": 50806,
      "title": "The incorrect score is showing",
      "slug": "the-incorrect-score-is-showing",
      "posts_count": 10,
      "reply_count": 2,
      "highest_post_number": 10,
      "image_url": null,
      "created_at": "2022-05-29T07:04:52.907Z",
      "last_posted_at": "2022-06-03T07:06:57.761Z",
      "bumped": true,
      "bumped_at": "2022-06-03T07:06:57.761Z",
      "archetype": "regular",
      "unseen": false,
      "pinned": false,
      "unpinned": null,
      "visible": true,
      "closed": false,
      "archived": false,
      "bookmarked": null,
      "liked": null,
      "tags": [
        "clarification"
      ],
      "tags_descriptions": {},
      "like_count": 0,
      "views": 138,
      "category_id": 34,
      "featured_link": null,
      "has_accepted_answer": false,
      "posters": [
        {
          "extras": null,
          "description": "Original Poster",
          "user": {
            "id": 8695,
            "username": "22ds1000214",
            "name": "Abjasree S",
            "avatar_template": "/user_avatar/discourse.onlinedegree.iitm.ac.in/22ds1000214/{size}/14423_2.png",
            "primary_group_name": "ds-students",
            "flair_name": "ds-students",
            "flair_group_id": 294,
            "trust_level": 1
          }
        },
        {
          "extras": null,
          "description": "Frequent Poster",
          "user": {
            "id": 4484,
            "username": "sanjeevkumar",
            "name": "Sanjeev kumar",
            "avatar_template": "/user_avatar/discourse.onlinedegree.iitm.ac.in/sanjeevkumar/{size}/119348_2.png",
            "primary_group_name": "ds-students",
            "flair_name": "ds-students",
            "flair_group_id": 294,
            "trust_level": 1
          }
        },
        {
          "extras": null,
          "description": "Frequent Poster",
          "user": {
            "id": 4188,
            "username": "BhaskerIITMDS",
            "name": "bhaskar ch",
            "avatar_template": "/user_avatar/discourse.onlinedegree.iitm.ac.in/bhaskeriitmds/{size}/15660_2.png",
            "primary_group_name": "ds-students",
            "flair_name": "ds-students",
            "flair_group_id": 294,
            "trust_level": 1
          }
        },
        {
          "extras": null,
          "description": "Frequent Poster",
          "user": {
            "id": 1081,
            "username": "Vidya",
            "name": "Vidya P",
            "avatar_template": "/user_avatar/discourse.onlinedegree.iitm.ac.in/vidya/{size}/337_2.png",
            "primary_group_name": "ds-students",
            "flair_name": "ds-students",
            "flair_group_id": 294,
            "trust_level": 1
          }
        },
        {
          "extras": "latest",
          "description": "Most Recent Poster",
          "user": {
            "id": 248,
            "username": "Pallavi",
            "name": "Pallavi parihar",
            "avatar_template": "/user_avatar/discourse.onlinedegree.iitm.ac.in/pallavi/{size}/370_2.png",
            "primary_group_name": "ds-students",
            "flair_name": "ds-students",
            "flair_group_id": 294,
            "trust_level": 1
          }
        }
      ]
    },
    {
      "fancy_title": "Week1 scores not visible",
      "id": 67239,
      "title": "Week1 scores not visible",
      "slug": "week1-scores-not-visible",
      "posts_count": 6,
      "reply_count": 3,
      "highest_post_number": 6,
      "image_url": "https://europe1.discourse-cdn.com/flex013/uploads/iitm/original/3X/7/f/7fc695f13814a3875a25844c7f494395702774c6.png",
      "created_at": "2022-10-10T13:59:52.681Z",
      "last_posted_at": "2022-10-11T14:25:49.471Z",
      "bumped": true,
      "bumped_at": "2022-10-11T14:25:49.471Z",
      "archetype": "regular",
      "unseen": false,
      "pinned": false,
      "unpinned": null,
      "visible": true,
      "closed": false,
      "archived": false,
      "bookmarked": null,
      "liked": null,
      "tags": [
        "operational"
      ],
      "tags_descriptions": {},
      "like_count": 0,
      "views": 59,
      "category_id": 25,
      "featured_link": null,
      "has_accepted_answer": false,
      "posters": [
        {
          "extras": "latest",
          "description": "Original Poster, Most Recent Poster",
          "user": {
            "id": 14181,
            "username": "22f2001590",
            "name": "Sujay D",
            "avatar_template": "/user_avatar/discourse.onlinedegree.iitm.ac.in/22f2001590/{size}/12401_2.png",
            "primary_group_name": "ds-students",
            "flair_name": "ds-students",
            "flair_group_id": 294,
            "trust_level": 1
          }
        },
        {
          "extras": null,
          "description": "Frequent Poster",
          "user": {
            "id": 12147,
            "username": "sauvikgon",
            "name": "SAUVIK GON",
            "avatar_template": "/user_avatar/discourse.onlinedegree.iitm.ac.in/sauvikgon/{size}/12682_2.png",
            "primary_group_name": "ds-students",
            "flair_name": "ds-students",
            "flair_group_id": 294,
            "trust_level": 1
          }
        },
        {
          "extras": null,
          "description": "Frequent Poster",
          "user": {
            "id": 23,
            "username": "Narayanan.POD",
            "name": "Narayanan R",
            "avatar_template": "/user_avatar/discourse.onlinedegree.iitm.ac.in/narayanan.pod/{size}/297_2.png",
            "primary_group_name": "pod-ops",
            "flair_name": "pod-ops",
            "flair_url": "sun",
            "flair_bg_color": "0E7B55",
            "flair_color": "24633F",
            "flair_group_id": 43,
            "admin": true,
            "trust_level": 4
          }
        },
        {
          "extras": null,
          "description": "Frequent Poster",
          "user": {
            "id": 9453,
            "username": "venkat",
            "name": "Venkata Satish",
            "avatar_template": "/user_avatar/discourse.onlinedegree.iitm.ac.in/venkat/{size}/13711_2.png",
            "primary_group_name": "ds-students",
            "flair_name": "ds-students",
            "flair_group_id": 294,
            "trust_level": 1
          }
        }
      ]
    },
    {
      "fancy_title": "Week 5 assignment score in Dashboard",
      "id": 56800,
      "title": "Week 5 assignment score in Dashboard",
      "slug": "week-5-assignment-score-in-dashboard",
      "posts_count": 3,
      "reply_count": 0,
      "highest_post_number": 3,
      "image_url": "https://europe1.discourse-cdn.com/flex013/uploads/iitm/optimized/3X/c/d/cde3d3847ddb2545ac2e5137bcd4cc9ecf2894fe_2_1024x387.png",
      "created_at": "2022-07-07T15:52:17.066Z",
      "last_posted_at": "2022-07-20T07:27:26.943Z",
      "bumped": true,
      "bumped_at": "2022-07-20T07:27:26.943Z",
      "archetype": "regular",
      "unseen": false,
      "pinned": false,
      "unpinned": null,
      "visible": true,
      "closed": false,
      "archived": false,
      "bookmarked": null,
      "liked": null,
      "tags": [
        "week-6"
      ],
      "tags_descriptions": {},
      "like_count": 1,
      "views": 59,
      "category_id": 34,
      "featured_link": null,
      "has_accepted_answer": false,
      "posters": [
        {
          "extras": "latest",
          "description": "Original Poster, Most Recent Poster",
          "user": {
            "id": 9532,
            "username": "abhinav1",
            "name": "Abhinav Tiwari",
            "avatar_template": "/user_avatar/discourse.onlinedegree.iitm.ac.in/abhinav1/{size}/21452_2.png",
            "primary_group_name": "ds-students",
            "flair_name": "ds-students",
            "flair_group_id": 294,
            "trust_level": 1
          }
        },
        {
          "extras": null,
          "description": "Frequent Poster",
          "user": {
            "id": 1446,
            "username": "Priya1",
            "name": "Priyanka Tripathi",
            "avatar_template": "/user_avatar/discourse.onlinedegree.iitm.ac.in/priya1/{size}/344_2.png",
            "primary_group_name": "ds-students",
            "flair_name": "ds-students",
            "flair_group_id": 294,
            "trust_level": 1
          }
        }
      ]
    },
    {
      "fancy_title": "Discrepancy in scores displayed on the dashboard",
      "id": 35517,
      "title": "Discrepancy in scores displayed on the dashboard",
      "slug": "discrepancy-in-scores-displayed-on-the-dashboard",
      "posts_count": 5,
      "reply_count": 2,
      "highest_post_number": 5,
      "image_url": "https://europe1.discourse-cdn.com/flex013/uploads/iitm/original/3X/b/0/b0b04f6b134ce1c7c0b22a46609a5b4b52beed00.jpeg",
      "created_at": "2022-02-21T15:12:40.570Z",
      "last_posted_at": "2022-02-26T11:08:01.720Z",
      "bumped": true,
      "bumped_at": "2022-02-26T11:08:01.720Z",
      "archetype": "regular",
      "unseen": false,
      "pinned": false,
      "unpinned": null,
      "visible": true,
      "closed": false,
      "archived": false,
      "bookmarked": null,
      "liked": null,
      "tags": [
        "clarification"
      ],
      "tags_descriptions": {},
      "like_count": 0,
      "views": 64,
      "category_id": 24,
      "featured_link": null,
      "has_accepted_answer": false,
      "posters": [
        {
          "extras": null,
          "description": "Original Poster",
          "user": {
            "id": 5244,
            "username": "21f1_002624",
            "name": "Tanu Prasad",
            "avatar_template": "/user_avatar/discourse.onlinedegree.iitm.ac.in/21f1_002624/{size}/476_2.png",
            "primary_group_name": "ds-students",
            "flair_name": "ds-students",
            "flair_group_id": 294,
            "trust_level": 1
          }
        },
        {
          "extras": null,
          "description": "Frequent Poster",
          "user": {
            "id": 848,
            "username": "Adi",
            "name": "Divya",
            "avatar_template": "/user_avatar/discourse.onlinedegree.iitm.ac.in/adi/{size}/42_2.png",
            "primary_group_name": "ds-students",
            "flair_name": "ds-students",
            "flair_group_id": 294,
            "trust_level": 1
          }
        },
        {
          "extras": null,
          "description": "Frequent Poster",
          "user": {
            "id": 11216,
            "username": "Varshaa",
            "name": "Varshaa Surabhi Jena",
            "avatar_template": "https://avatars.discourse-cdn.com/v4/letter/v/f475e1/{size}.png",
            "primary_group_name": "ds-students",
            "flair_name": "ds-students",
            "flair_group_id": 294,
            "trust_level": 1
          }
        },
        {
          "extras": "latest",
          "description": "Most Recent Poster",
          "user": {
            "id": 1308,
            "username": "anuragsingh",
            "name": "Anurag singh",
            "avatar_template": "/user_avatar/discourse.onlinedegree.iitm.ac.in/anuragsingh/{size}/295_2.png",
            "primary_group_name": "ds-students",
            "flair_name": "ds-students",
            "flair_group_id": 294,
            "trust_level": 1
          }
        }
      ]
    }
  ],
  "summarizable": true,
  "valid_reactions": [
    "heart",
    "+1",
    "laughing",
    "open_mouth",
    "clap",
    "confetti_ball",
    "rocket",
    "-1"
  ],
  "can_vote": false,
  "vote_count": 0,
  "user_voted": false,
  "discourse_zendesk_plugin_zendesk_id": null,
  "discourse_zendesk_plugin_zendesk_url": "https://your-url.zendesk.com/agent/tickets/",
  "details": {
    "can_edit": false,
    "notification_level": 1,
    "notifications_reason_id": null,
    "can_create_post": true,
    "can_reply_as_new_topic": true,
    "can_flag_topic": true,
    "participants": [
      {
        "id": 16094,
        "username": "carlton",
        "name": "Carlton D'Silva",
        "avatar_template": "/user_avatar/discourse.onlinedegree.iitm.ac.in/carlton/{size}/56317_2.png",
        "post_count": 1,
        "primary_group_name": "ds-students",
        "flair_name": "ds-students",
        "flair_url": null,
        "flair_color": "",
        "flair_bg_color": "",
        "flair_group_id": 294,
        "trust_level": 3
      },
      {
        "id": 17940,
        "username": "23f1000879",
        "name": "Bharat Choudhary",
        "avatar_template": "/user_avatar/discourse.onlinedegree.iitm.ac.in/23f1000879/{size}/66976_2.png",
        "post_count": 1,
        "primary_group_name": "ds-students",
        "flair_name": "ds-students",
        "flair_url": null,
        "flair_color": "",
        "flair_bg_color": "",
        "flair_group_id": 294,
        "trust_level": 1
      }
    ],
    "created_by": {
      "id": 17940,
      "username": "23f1000879",
      "name": "Bharat Choudhary",
      "avatar_template": "/user_avatar/discourse.onlinedegree.iitm.ac.in/23f1000879/{size}/66976_2.png"
    },
    "last_poster": {
      "id": 16094,
      "username": "carlton",
      "name": "Carlton D'Silva",
      "avatar_template": "/user_avatar/discourse.onlinedegree.iitm.ac.in/carlton/{size}/56317_2.png"
    }
  },
  "pending_posts": [],
  "bookmarks": []
}