{
  "post_stream": {
    "posts": [
      {
        "id": 586611,
        "name": "Anushka Kumar",
        "username": "22f2000559",
        "avatar_template": "/user_avatar/discourse.onlinedegree.iitm.ac.in/22f2000559/{size}/13152_2.png",
        "created_at": "2025-01-27T07:08:49.269Z",
        "cooked": "<p>Respected Sir <a class=\"mention\" href=\"/u/carlton\">@carlton</a>,</p>\n<p>I realized there are still many topics to learn in order to complete the TDS Course ( With an A or S Grade) as I have missed some questions (Couldn’t do even after studying the videos ) .</p>\n<p>Therefore wanted to learn and regardless of the scoring I still wish to complete GA1 but, I see that I can’t access the questions  anymore …</p>\n<p>Is there any way to give the answers in the portal and check. I just want to learn and test my knowledge</p>\n<p>Thank You,<br>\n22f2000559.</p>",
        "post_number": 1,
        "post_type": 1,
        "posts_count": 7,
        "updated_at": "2025-01-27T07:08:49.269Z",
        "reply_count": 0,
        "reply_to_post_number": null,
        "quote_count": 0,
        "incoming_link_count": 2,
        "reads": 75,
        "readers_count": 74,
        "score": 40.0,
        "yours": false,
        "topic_id": 165433,
        "topic_slug": "questions-closed-ga",
        "display_username": "Anushka Kumar",
        "primary_group_name": "ds-students",
        "flair_name": "ds-students",
        "flair_url": null,
        "flair_bg_color": "",
        "flair_color": "",
        "flair_group_id": 294,
        "badges_granted": [],
        "version": 1,
        "can_edit": false,
        "can_delete": false,
        "can_recover": false,
        "can_see_hidden_post": false,
        "can_wiki": false,
        "read": false,
        "user_title": "",
        "bookmarked": false,
        "actions_summary": [
          {
            "id": 2,
            "count": 1,
            "can_act": true
          },
          {
            "id": 6,
            "can_act": true
          },
          {
            "id": 3,
            "can_act": true
          },
          {
            "id": 4,
            "can_act": true
          },
          {
            "id": 8,
            "can_act": true
          },
          {
            "id": 10,
            "can_act": true
          },
          {
            "id": 7,
            "can_act": true
          }
        ],
        "moderator": false,
        "admin": false,
        "staff": false,
        "user_id": 13976,
        "hidden": false,
        "trust_level": 1,
        "deleted_at": null,
        "user_deleted": false,
        "edit_reason": null,
        "can_view_edit_history": true,
        "wiki": false,
        "post_url": "/t/questions-closed-ga/165433/1",
        "user_cakedate": "2022-08-01",
        "reactions": [
          {
            "id": "heart",
            "type": "emoji",
            "count": 1
          }
        ],
        "current_user_reaction": null,
        "reaction_users_count": 1,
        "current_user_used_main_reaction": false,
        "can_accept_answer": false,
        "can_unaccept_answer": false,
        "accepted_answer": false,
        "topic_accepted_answer": true,
        "can_vote": false
      },
      {
        "id": 586634,
        "name": "Yogesh",
        "username": "Yogesh1",
        "avatar_template": "/user_avatar/discourse.onlinedegree.iitm.ac.in/yogesh1/{size}/32697_2.png",
        "created_at": "2025-01-27T07:46:21.658Z",
        "cooked": "<p>Yeah. There must be a mechanism by which the scores get frozen but students are able to practise even after the deadline.</p>",
        "post_number": 2,
        "post_type": 1,
        "posts_count": 7,
        "updated_at": "2025-01-27T07:46:21.658Z",
        "reply_count": 0,
        "reply_to_post_number": null,
        "quote_count": 0,
        "incoming_link_count": 0,
        "reads": 65,
        "readers_count": 64,
        "score": 58.0,
        "yours": false,
        "topic_id": 165433,
        "topic_slug": "questions-closed-ga",
        "display_username": "Yogesh",
        "primary_group_name": "ds-students",
        "flair_name": "ds-students",
        "flair_url": null,
        "flair_bg_color": "",
        "flair_color": "",
        "flair_group_id": 294,
        "badges_granted": [],
        "version": 1,
        "can_edit": false,
        "can_delete": false,
        "can_recover": false,
        "can_see_hidden_post": false,
        "can_wiki": false,
        "read": false,
        "user_title": null,
        "bookmarked": false,
        "actions_summary": [
          {
            "id": 2,
            "count": 3,
            "can_act": true
          },
          {
            "id": 6,
            "can_act": true
          },
          {
            "id": 3,
            "can_act": true
          },
          {
            "id": 4,
            "can_act": true
          },
          {
            "id": 8,
            "can_act": true
          },
          {
            "id": 10,
            "can_act": true
          },
          {
            "id": 7,
            "can_act": true
          }
        ],
        "moderator": false,
        "admin": false,
        "staff": false,
        "user_id": 7795,
        "hidden": false,
        "trust_level": 1,
        "deleted_at": null,
        "user_deleted": false,
        "edit_reason": null,
        "can_view_edit_history": true,
        "wiki": false,
        "post_url": "/t/questions-closed-ga/165433/2",
        "user_cakedate": "2021-10-14",
        "reactions": [
          {
            "id": "heart",
            "type": "emoji",
            "count": 3
          }
        ],
        "current_user_reaction": null,
        "reaction_users_count": 3,
        "current_user_used_main_reaction": false,
        "can_accept_answer": false,
        "can_unaccept_answer": false,
        "accepted_answer": false,
        "topic_accepted_answer": true
      },
      {
        "id": 587241,
        "name": "Parth Patel",
        "username": "parthpatel",
        "avatar_template": "/user_avatar/discourse.onlinedegree.iitm.ac.in/parthpatel/{size}/253_2.png",
        "created_at": "2025-01-28T14:11:36.042Z",
        "cooked": "<p><a class=\"mention\" href=\"/u/carlton\">@carlton</a> <a class=\"mention\" href=\"/u/s.anand\">@s.anand</a> Please provide a solution</p>\n<p>Edit: <a class=\"mention\" href=\"/u/yogesh1\">@Yogesh1</a> <a class=\"mention\" href=\"/u/22f2000559\">@22f2000559</a> There is a way to access GA1 - you can login with any other email ID, as the site is meant for general public too. You won’t be able to submit the assignments, so you might have to self-evaluate.</p>",
        "post_number": 3,
        "post_type": 1,
        "posts_count": 7,
        "updated_at": "2025-01-28T14:47:13.946Z",
        "reply_count": 0,
        "reply_to_post_number": null,
        "quote_count": 0,
        "incoming_link_count": 1,
        "reads": 49,
        "readers_count": 48,
        "score": 29.8,
        "yours": false,
        "topic_id": 165433,
        "topic_slug": "questions-closed-ga",
        "display_username": "Parth Patel",
        "primary_group_name": "ds-students",
        "flair_name": "ds-students",
        "flair_url": null,
        "flair_bg_color": "",
        "flair_color": "",
        "flair_group_id": 294,
        "badges_granted": [],
        "version": 3,
        "can_edit": false,
        "can_delete": false,
        "can_recover": false,
        "can_see_hidden_post": false,
        "can_wiki": false,
        "read": false,
        "user_title": "",
        "bookmarked": false,
        "actions_summary": [
          {
            "id": 2,
            "count": 1,
            "can_act": true
          },
          {
            "id": 6,
            "can_act": true
          },
          {
            "id": 3,
            "can_act": true
          },
          {
            "id": 4,
            "can_act": true
          },
          {
            "id": 8,
            "can_act": true
          },
          {
            "id": 10,
            "can_act": true
          },
          {
            "id": 7,
            "can_act": true
          }
        ],
        "moderator": false,
        "admin": false,
        "staff": false,
        "user_id": 3672,
        "hidden": false,
        "trust_level": 1,
        "deleted_at": null,
        "user_deleted": false,
        "edit_reason": null,
        "can_view_edit_history": true,
        "wiki": false,
        "post_url": "/t/questions-closed-ga/165433/3",
        "user_cakedate": "2021-05-05",
        "reactions": [
          {
            "id": "heart",
            "type": "emoji",
            "count": 1
          }
        ],
        "current_user_reaction": null,
        "reaction_users_count": 1,
        "current_user_used_main_reaction": false,
        "can_accept_answer": false,
        "can_unaccept_answer": false,
        "accepted_answer": false,
        "topic_accepted_answer": true
      },
      {
        "id": 587348,
        "name": "Anand S",
        "username": "s.anand",
        "avatar_template": "/user_avatar/discourse.onlinedegree.iitm.ac.in/s.anand/{size}/15264_2.png",
        "created_at": "2025-01-29T00:47:24.122Z",
        "cooked": "<p><a class=\"mention\" href=\"/u/22f2000559\">@22f2000559</a> – Good point. I’ve enabled access now.</p>\n<p><a class=\"mention\" href=\"/u/parthpatel\">@parthpatel</a> – nice workaround!</p>",
        "post_number": 4,
        "post_type": 1,
        "posts_count": 7,
        "updated_at": "2025-01-29T00:47:24.122Z",
        "reply_count": 1,
        "reply_to_post_number": null,
        "quote_count": 0,
        "incoming_link_count": 1,
        "reads": 45,
        "readers_count": 44,
        "score": 64.0,
        "yours": false,
        "topic_id": 165433,
        "topic_slug": "questions-closed-ga",
        "display_username": "Anand S",
        "primary_group_name": "faculty",
        "flair_name": "faculty",
        "flair_url": "chalkboard-user",
        "flair_bg_color": "f2c26e",
        "flair_color": "000",
        "flair_group_id": 54,
        "badges_granted": [],
        "version": 1,
        "can_edit": false,
        "can_delete": false,
        "can_recover": false,
        "can_see_hidden_post": false,
        "can_wiki": false,
        "read": false,
        "user_title": "Course_faculty",
        "title_is_group": true,
        "bookmarked": false,
        "actions_summary": [
          {
            "id": 2,
            "count": 3,
            "can_act": true
          },
          {
            "id": 6,
            "can_act": true
          },
          {
            "id": 3,
            "can_act": true
          },
          {
            "id": 4,
            "can_act": true
          },
          {
            "id": 8,
            "can_act": true
          },
          {
            "id": 10,
            "can_act": true
          },
          {
            "id": 7,
            "can_act": true
          }
        ],
        "moderator": false,
        "admin": false,
        "staff": false,
        "user_id": 9419,
        "hidden": false,
        "trust_level": 4,
        "deleted_at": null,
        "user_deleted": false,
        "edit_reason": null,
        "can_view_edit_history": true,
        "wiki": false,
        "post_url": "/t/questions-closed-ga/165433/4",
        "user_cakedate": "2022-01-03",
        "reactions": [
          {
            "id": "heart",
            "type": "emoji",
            "count": 3
          }
        ],
        "current_user_reaction": null,
        "reaction_users_count": 3,
        "current_user_used_main_reaction": false,
        "can_accept_answer": false,
        "can_unaccept_answer": false,
        "accepted_answer": true,
        "topic_accepted_answer": true
      },
      {
        "id": 590377,
        "name": "Parth Patel",
        "username": "parthpatel",
        "avatar_template": "/user_avatar/discourse.onlinedegree.iitm.ac.in/parthpatel/{size}/253_2.png",
        "created_at": "2025-02-03T17:34:54.550Z",
        "cooked": "<p><a class=\"mention\" href=\"/u/carlton\">@carlton</a> <a class=\"mention\" href=\"/u/s.anand\">@s.anand</a></p>\n<p>Sorry to bother you again, but there is another issue about inactive download buttons for required files for the problems. Also it will be nice if the evaluations are turned on too.</p>",
        "post_number": 5,
        "post_type": 1,
        "posts_count": 7,
        "updated_at": "2025-02-04T03:54:18.408Z",
        "reply_count": 1,
        "reply_to_post_number": 4,
        "quote_count": 0,
        "incoming_link_count": 1,
        "reads": 35,
        "readers_count": 34,
        "score": 17.0,
        "yours": false,
        "topic_id": 165433,
        "topic_slug": "questions-closed-ga",
        "display_username": "Parth Patel",
        "primary_group_name": "ds-students",
        "flair_name": "ds-students",
        "flair_url": null,
        "flair_bg_color": "",
        "flair_color": "",
        "flair_group_id": 294,
        "badges_granted": [],
        "version": 2,
        "can_edit": false,
        "can_delete": false,
        "can_recover": false,
        "can_see_hidden_post": false,
        "can_wiki": false,
        "read": false,
        "user_title": "",
        "reply_to_user": {
          "id": 9419,
          "username": "s.anand",
          "name": "Anand S",
          "avatar_template": "/user_avatar/discourse.onlinedegree.iitm.ac.in/s.anand/{size}/15264_2.png"
        },
        "bookmarked": false,
        "actions_summary": [
          {
            "id": 2,
            "can_act": true
          },
          {
            "id": 6,
            "can_act": true
          },
          {
            "id": 3,
            "can_act": true
          },
          {
            "id": 4,
            "can_act": true
          },
          {
            "id": 8,
            "can_act": true
          },
          {
            "id": 10,
            "can_act": true
          },
          {
            "id": 7,
            "can_act": true
          }
        ],
        "moderator": false,
        "admin": false,
        "staff": false,
        "user_id": 3672,
        "hidden": false,
        "trust_level": 1,
        "deleted_at": null,
        "user_deleted": false,
        "edit_reason": null,
        "can_view_edit_history": true,
        "wiki": false,
        "post_url": "/t/questions-closed-ga/165433/5",
        "user_cakedate": "2021-05-05",
        "reactions": [],
        "current_user_reaction": null,
        "reaction_users_count": 0,
        "current_user_used_main_reaction": false,
        "can_accept_answer": false,
        "can_unaccept_answer": false,
        "accepted_answer": false,
        "topic_accepted_answer": true
      },
      {
        "id": 590441,
        "name": "Anand S",
        "username": "s.anand",
        "avatar_template": "/user_avatar/discourse.onlinedegree.iitm.ac.in/s.anand/{size}/15264_2.png",
        "created_at": "2025-02-04T04:24:53.476Z",
        "cooked": "<p>Good point. Fixed now.</p>",
        "post_number": 6,
        "post_type": 1,
        "posts_count": 7,
        "updated_at": "2025-02-04T04:24:53.476Z",
        "reply_count": 0,
        "reply_to_post_number": 5,
        "quote_count": 0,
        "incoming_link_count": 0,
        "reads": 35,
        "readers_count": 34,
        "score": 37.0,
        "yours": false,
        "topic_id": 165433,
        "topic_slug": "questions-closed-ga",
        "display_username": "Anand S",
        "primary_group_name": "faculty",
        "flair_name": "faculty",
        "flair_url": "chalkboard-user",
        "flair_bg_color": "f2c26e",
        "flair_color": "000",
        "flair_group_id": 54,
        "badges_granted": [],
        "version": 1,
        "can_edit": false,
        "can_delete": false,
        "can_recover": false,
        "can_see_hidden_post": false,
        "can_wiki": false,
        "read": false,
        "user_title": "Course_faculty",
        "title_is_group": true,
        "reply_to_user": {
          "id": 3672,
          "username": "parthpatel",
          "name": "Parth Patel",
          "avatar_template": "/user_avatar/discourse.onlinedegree.iitm.ac.in/parthpatel/{size}/253_2.png"
        },
        "bookmarked": false,
        "actions_summary": [
          {
            "id": 2,
            "count": 2,
            "can_act": true
          },
          {
            "id": 6,
            "can_act": true
          },
          {
            "id": 3,
            "can_act": true
          },
          {
            "id": 4,
            "can_act": true
          },
          {
            "id": 8,
            "can_act": true
          },
          {
            "id": 10,
            "can_act": true
          },
          {
            "id": 7,
            "can_act": true
          }
        ],
        "moderator": false,
        "admin": false,
        "staff": false,
        "user_id": 9419,
        "hidden": false,
        "trust_level": 4,
        "deleted_at": null,
        "user_deleted": false,
        "edit_reason": null,
        "can_view_edit_history": true,
        "wiki": false,
        "post_url": "/t/questions-closed-ga/165433/6",
        "user_cakedate": "2022-01-03",
        "reactions": [
          {
            "id": "heart",
            "type": "emoji",
            "count": 2
          }
        ],
        "current_user_reaction": null,
        "reaction_users_count": 2,
        "current_user_used_main_reaction": false,
        "can_accept_answer": false,
        "can_unaccept_answer": false,
        "accepted_answer": false,
        "topic_accepted_answer": true
      },
      {
        "id": 591519,
        "name": "Anushka Kumar",
        "username": "22f2000559",
        "avatar_template": "/user_avatar/discourse.onlinedegree.iitm.ac.in/22f2000559/{size}/13152_2.png",
        "created_at": "2025-02-07T07:36:00.899Z",
        "cooked": "<p><a class=\"mention\" href=\"/u/s.anand\">@s.anand</a> Sir,<br>\nCan you please enable the evaluations for all GAs who have crossed the deadlines?</p>",
        "post_number": 7,
        "post_type": 1,
        "posts_count": 7,
        "updated_at": "2025-02-07T07:36:00.899Z",
        "reply_count": 0,
        "reply_to_post_number": null,
        "quote_count": 0,
        "incoming_link_count": 0,
        "reads": 27,
        "readers_count": 26,
        "score": 5.4,
        "yours": false,
        "topic_id": 165433,
        "topic_slug": "questions-closed-ga",
        "display_username": "Anushka Kumar",
        "primary_group_name": "ds-students",
        "flair_name": "ds-students",
        "flair_url": null,
        "flair_bg_color": "",
        "flair_color": "",
        "flair_group_id": 294,
        "badges_granted": [],
        "version": 1,
        "can_edit": false,
        "can_delete": false,
        "can_recover": false,
        "can_see_hidden_post": false,
        "can_wiki": false,
        "read": false,
        "user_title": "",
        "bookmarked": false,
        "actions_summary": [
          {
            "id": 2,
            "can_act": true
          },
          {
            "id": 6,
            "can_act": true
          },
          {
            "id": 3,
            "can_act": true
          },
          {
            "id": 4,
            "can_act": true
          },
          {
            "id": 8,
            "can_act": true
          },
          {
            "id": 10,
            "can_act": true
          },
          {
            "id": 7,
            "can_act": true
          }
        ],
        "moderator": false,
        "admin": false,
        "staff": false,
        "user_id": 13976,
        "hidden": false,
        "trust_level": 1,
        "deleted_at": null,
        "user_deleted": false,
        "edit_reason": null,
        "can_view_edit_history": true,
        "wiki": false,
        "post_url": "/t/questions-closed-ga/165433/7",
        "user_cakedate": "2022-08-01",
        "reactions": [],
        "current_user_reaction": null,
        "reaction_users_count": 0,
        "current_user_used_main_reaction": false,
        "can_accept_answer": false,
        "can_unaccept_answer": false,
        "accepted_answer": false,
        "topic_accepted_answer": true
      }
    ],
    "stream": [
      586611,
      586634,
      587241,
      587348,
      590377,
      590441,
      591519
    ]
  },
  "timeline_lookup": [
    [
      1,
      294
    ],
    [
      3,
      293
    ],
    [
      4,
      292
    ],
    [
      5,
      286
    ],
    [
      7,
      283
    ]
  ],
  "suggested_topics": [
    {
      "fancy_title": "Submission Issue",
      "id": 191628,
      "title": "Submission Issue",
      "slug": "submission-issue",
      "posts_count": 1,
      "reply_count": 0,
      "highest_post_number": 1,
      "image_url": "https://europe1.discourse-cdn.com/flex013/uploads/iitm/optimized/3X/4/4/44dc3c61e92c828ce41f420245a133ac58e7488c_2_1024x576.png",
      "created_at": "2025-11-16T18:34:00.062Z",
      "last_posted_at": "2025-11-16T18:34:00.258Z",
      "bumped": true,
      "bumped_at": "2025-11-16T18:34:00.258Z",
      "archetype": "regular",
      "unseen": true,
      "pinned": false,
      "unpinned": null,
      "visible": true,
      "closed": false,
      "archived": false,
      "bookmarked": null,
      "liked": null,
      "tags": [
        "clarification",
        "operational",
        "term3-2025"
      ],
      "tags_descriptions": {},
      "like_count": 0,
      "views": 7,
      "category_id": 34,
      "featured_link": null,
      "has_accepted_answer": false,
      "posters": [
        {
          "extras": "latest single",
          "description": "Original Poster, Most Recent Poster",
          "user": {
            "id": 18836,
            "username": "23f2003033",
            "name": "Vedang Pawar",
            "avatar_template": "/user_avatar/discourse.onlinedegree.iitm.ac.in/23f2003033/{size}/67243_2.png",
            "primary_group_name": "ds-students",
            "flair_name": "ds-students",
            "flair_group_id": 294,
            "trust_level": 1
          }
        }
      ]
    }
  ],
  "tags": [
    "miscellaneous",
    "operational",
    "diploma-level",
    "tds"
  ],
  "tags_descriptions": {},
  "fancy_title": "Questions closed (GA)",
  "id": 165433,
  "title": "Questions closed (GA)",
  "posts_count": 7,
  "created_at": "2025-01-27T07:08:48.980Z",
  "views": 110,
  "reply_count": 2,
  "like_count": 10,
  "last_posted_at": "2025-02-07T07:36:00.899Z",
  "visible": true,
  "closed": false,
  "archived": false,
  "has_summary": false,
  "archetype": "regular",
  "slug": "questions-closed-ga",
  "category_id": 34,
  "word_count": 229,
  "deleted_at": null,
  "user_id": 13976,
  "featured_link": null,
  "pinned_globally": false,
  "pinned_at": null,
  "pinned_until": null,
  "image_url": null,
  "slow_mode_seconds": 0,
  "draft": null,
  "draft_key": "topic_165433",
  "draft_sequence": 0,
  "posted": false,
  "unpinned": null,
  "pinned": false,
  "current_post_number": 1,
  "highest_post_number": 7,
  "last_read_post_number": null,
  "last_read_post_id": null,
  "deleted_by": null,
  "actions_summary": [
    {
      "id": 4,
      "count": 0,
      "hidden": false,
      "can_act": true
    },
    {
      "id": 8,
      "count": 0,
      "hidden": false,
      "can_act": true
    },
    {
      "id": 10,
      "count": 0,
      "hidden": false,
      "can_act": true
    },
    {
      "id": 7,
      "count": 0,
      "hidden": false,
      "can_act": true
    }
  ],
  "chunk_size": 20,
  "bookmarked": false,
  "topic_timer": null,
  "message_bus_last_id": 0,
  "participant_count": 4,
  "show_read_indicator": false,
  "thumbnails": null,
  "slow_mode_enabled_until": null,
  "tags_disable_ads": false,
  "related_topics": [
    {
      "fancy_title": "Where can i find the TDS GA1 after the submission date has passed?",
      "id": 165416,
      "title": "Where can i find the TDS GA1 after the submission date has passed?",
      "slug": "where-can-i-find-the-tds-ga1-after-the-submission-date-has-passed",
      "posts_count": 2,
      "reply_count": 0,
      "highest_post_number": 3,
      "image_url": null,
      "created_at": "2025-01-27T05:03:26.563Z",
      "last_posted_at": "2025-02-07T12:27:11.389Z",
      "bumped": true,
      "bumped_at": "2025-02-07T12:27:11.389Z",
      "archetype": "regular",
      "unseen": false,
      "last_read_post_number": null,
      "unread": 0,
      "new_posts": 0,
      "unread_posts": 0,
      "pinned": false,
      "unpinned": null,
      "visible": true,
      "closed": false,
      "archived": false,
      "notification_level": 1,
      "bookmarked": false,
      "liked": false,
      "tags": [
        "clarification",
        "diploma-level"
      ],
      "tags_descriptions": {},
      "like_count": 0,
      "views": 74,
      "category_id": 34,
      "featured_link": null,
      "has_accepted_answer": false,
      "posters": [
        {
          "extras": null,
          "description": "Original Poster",
          "user": {
            "id": 13105,
            "username": "cshetty",
            "name": "Chitrakshi Sawant",
            "avatar_template": "/user_avatar/discourse.onlinedegree.iitm.ac.in/cshetty/{size}/33340_2.png",
            "primary_group_name": "ds-students",
            "flair_name": "ds-students",
            "flair_group_id": 294,
            "trust_level": 1
          }
        },
        {
          "extras": "latest",
          "description": "Most Recent Poster",
          "user": {
            "id": 3230,
            "username": "shriaviator",
            "name": "Srinivas Chilukuri",
            "avatar_template": "https://avatars.discourse-cdn.com/v4/letter/s/59ef9b/{size}.png",
            "primary_group_name": "ds-students",
            "flair_name": "Community-TA",
            "flair_url": "handshake-angle",
            "flair_bg_color": "717BF7",
            "flair_color": "6BEE3D",
            "flair_group_id": 89,
            "trust_level": 2
          }
        }
      ]
    },
    {
      "fancy_title": "PLEASE, give us our GA-1 results and solutions at-least now , please",
      "id": 169117,
      "title": "PLEASE, give us our GA-1 results and solutions at-least now , please",
      "slug": "please-give-us-our-ga-1-results-and-solutions-at-least-now-please",
      "posts_count": 8,
      "reply_count": 4,
      "highest_post_number": 8,
      "image_url": null,
      "created_at": "2025-03-04T04:33:16.459Z",
      "last_posted_at": "2025-03-07T17:23:18.231Z",
      "bumped": true,
      "bumped_at": "2025-03-07T17:23:18.231Z",
      "archetype": "regular",
      "unseen": false,
      "pinned": false,
      "unpinned": null,
      "visible": true,
      "closed": false,
      "archived": false,
      "bookmarked": null,
      "liked": null,
      "tags": [
        "clarification",
        "operational"
      ],
      "tags_descriptions": {},
      "like_count": 19,
      "views": 197,
      "category_id": 30,
      "featured_link": null,
      "has_accepted_answer": false,
      "posters": [
        {
          "extras": null,
          "description": "Original Poster",
          "user": {
            "id": 25148,
            "username": "23f3004043",
            "name": "Achyuta Sai Ghanta",
            "avatar_template": "/user_avatar/discourse.onlinedegree.iitm.ac.in/23f3004043/{size}/67652_2.png",
            "primary_group_name": "ds-students",
            "flair_name": "ds-students",
            "flair_group_id": 294,
            "trust_level": 1
          }
        },
        {
          "extras": null,
          "description": "Frequent Poster",
          "user": {
            "id": 9033,
            "username": "siddharthghosh",
            "name": "Siddharth",
            "avatar_template": "/user_avatar/discourse.onlinedegree.iitm.ac.in/siddharthghosh/{size}/18449_2.png",
            "primary_group_name": "ds-students",
            "flair_name": "ds-students",
            "flair_group_id": 294,
            "trust_level": 1
          }
        },
        {
          "extras": null,
          "description": "Frequent Poster",
          "user": {
            "id": 40112,
            "username": "24f2008495",
            "name": "Dhruva Goyal",
            "avatar_template": "/user_avatar/discourse.onlinedegree.iitm.ac.in/24f2008495/{size}/113959_2.png",
            "primary_group_name": "ds-students",
            "flair_name": "ds-students",
            "flair_group_id": 294,
            "trust_level": 1
          }
        },
        {
          "extras": null,
          "description": "Frequent Poster",
          "user": {
            "id": 22968,
            "username": "rajan.iitm",
            "name": "Dr. Rajan Ranjith Kumar",
            "avatar_template": "/user_avatar/discourse.onlinedegree.iitm.ac.in/rajan.iitm/{size}/115224_2.png",
            "primary_group_name": "course_support",
            "flair_name": "course_support",
            "flair_url": "scale-balanced",
            "flair_bg_color": "0040ff",
            "flair_color": "1affc6",
            "flair_group_id": 41,
            "trust_level": 4
          }
        },
        {
          "extras": "latest",
          "description": "Most Recent Poster",
          "user": {
            "id": 23320,
            "username": "23f3002696",
            "name": "Subhradeep Bhowmik",
            "avatar_template": "/user_avatar/discourse.onlinedegree.iitm.ac.in/23f3002696/{size}/82832_2.png",
            "primary_group_name": "ds-students",
            "flair_name": "ds-students",
            "flair_group_id": 294,
            "trust_level": 1
          }
        }
      ]
    },
    {
      "fancy_title": "Request for a functionality to revise the GAs of TDS",
      "id": 168310,
      "title": "Request for a functionality to revise the GAs of TDS",
      "slug": "request-for-a-functionality-to-revise-the-gas-of-tds",
      "posts_count": 1,
      "reply_count": 0,
      "highest_post_number": 1,
      "image_url": null,
      "created_at": "2025-02-24T10:45:52.091Z",
      "last_posted_at": "2025-02-24T10:45:52.414Z",
      "bumped": true,
      "bumped_at": "2025-02-24T10:45:52.414Z",
      "archetype": "regular",
      "unseen": false,
      "last_read_post_number": null,
      "unread": 0,
      "new_posts": 0,
      "unread_posts": 0,
      "pinned": false,
      "unpinned": null,
      "visible": true,
      "closed": false,
      "archived": false,
      "notification_level": 1,
      "bookmarked": false,
      "liked": false,
      "tags": [
        "operational",
        "diploma-level",
        "extra-resources",
        "guidelines"
      ],
      "tags_descriptions": {},
      "like_count": 3,
      "views": 80,
      "category_id": 34,
      "featured_link": null,
      "has_accepted_answer": false,
      "posters": [
        {
          "extras": "latest single",
          "description": "Original Poster, Most Recent Poster",
          "user": {
            "id": 16209,
            "username": "22f3002813",
            "name": "Aryan Bartwal",
            "avatar_template": "/user_avatar/discourse.onlinedegree.iitm.ac.in/22f3002813/{size}/137415_2.png",
            "primary_group_name": "ds-students",
            "flair_name": "ds-students",
            "flair_group_id": 294,
            "trust_level": 1
          }
        }
      ]
    },
    {
      "fancy_title": "Marks not updated for Week-7 and 8 GA",
      "id": 72814,
      "title": "Marks not updated for Week-7 and 8 GA",
      "slug": "marks-not-updated-for-week-7-and-8-ga",
      "posts_count": 1,
      "reply_count": 0,
      "highest_post_number": 1,
      "image_url": null,
      "created_at": "2022-12-06T17:24:06.612Z",
      "last_posted_at": "2022-12-06T17:24:06.765Z",
      "bumped": true,
      "bumped_at": "2022-12-06T17:24:06.765Z",
      "archetype": "regular",
      "unseen": false,
      "pinned": false,
      "unpinned": null,
      "visible": true,
      "closed": false,
      "archived": false,
      "bookmarked": null,
      "liked": null,
      "tags": [
        "week-7",
        "week-8"
      ],
      "tags_descriptions": {},
      "like_count": 0,
      "views": 36,
      "category_id": 34,
      "featured_link": null,
      "has_accepted_answer": false,
      "posters": [
        {
          "extras": "latest single",
          "description": "Original Poster, Most Recent Poster",
          "user": {
            "id": 8083,
            "username": "21f3001941",
            "name": "Chirag Singla",
            "avatar_template": "/user_avatar/discourse.onlinedegree.iitm.ac.in/21f3001941/{size}/29317_2.png",
            "primary_group_name": "ds-students",
            "flair_name": "ds-students",
            "flair_group_id": 294,
            "trust_level": 1
          }
        }
      ]
    },
    {
      "fancy_title": "Quiz2 &amp; Final - where the previous few question papers of TDS and their solutions available?",
      "id": 97571,
      "title": "Quiz2 & Final - where the previous few question papers of TDS and their solutions available?",
      "slug": "quiz2-final-where-the-previous-few-question-papers-of-tds-and-their-solutions-available",
      "posts_count": 1,
      "reply_count": 0,
      "highest_post_number": 1,
      "image_url": null,
      "created_at": "2023-08-02T02:02:11.279Z",
      "last_posted_at": "2023-08-02T02:02:11.412Z",
      "bumped": true,
      "bumped_at": "2023-08-02T02:02:11.412Z",
      "archetype": "regular",
      "unseen": false,
      "pinned": false,
      "unpinned": null,
      "visible": true,
      "closed": false,
      "archived": false,
      "bookmarked": null,
      "liked": null,
      "tags": [
        "operational",
        "course-portal"
      ],
      "tags_descriptions": {},
      "like_count": 0,
      "views": 37,
      "category_id": 34,
      "featured_link": null,
      "has_accepted_answer": false,
      "posters": [
        {
          "extras": "latest single",
          "description": "Original Poster, Most Recent Poster",
          "user": {
            "id": 11746,
            "username": "21f3002825",
            "name": "Shyam Kumar Sinha",
            "avatar_template": "/user_avatar/discourse.onlinedegree.iitm.ac.in/21f3002825/{size}/13038_2.png",
            "primary_group_name": "ds-students",
            "flair_name": "ds-students",
            "flair_group_id": 294,
            "trust_level": 1
          }
        }
      ]
    }
  ],
  "summarizable": true,
  "valid_reactions": [
    "heart",
    "+1",
    "laughing",
    "open_mouth",
    "clap",
    "confetti_ball",
    "rocket",
    "-1"
  ],
  "accepted_answer": {
    "post_number": 4,
    "username": "s.anand",
    "name": null,
    "excerpt": "<a class=\"mention\" href=\"/u/22f2000559\">@22f2000559</a> – Good point. I’ve enabled access now. \n<a class=\"mention\" href=\"/u/parthpatel\">@parthpatel</a> – nice workaround!",
    "accepter_name": null,
    "accepter_username": "s.anand"
  },
  "can_vote": false,
  "vote_count": 0,
  "user_voted": false,
  "discourse_zendesk_plugin_zendesk_id": null,
  "discourse_zendesk_plugin_zendesk_url": "https://your-url.zendesk.com/agent/tickets/",
  "details": {
    "can_edit": false,
    "notification_level": 1,
    "notifications_reason_id": null,
    "can_create_post": true,
    "can_reply_as_new_topic": true,
    "can_flag_topic": true,
    "participants": [
      {
        "id": 9419,
        "username": "s.anand",
        "name": "Anand S",
        "avatar_template": "/user_avatar/discourse.onlinedegree.iitm.ac.in/s.anand/{size}/15264_2.png",
        "post_count": 2,
        "primary_group_name": "faculty",
        "flair_name": "faculty",
        "flair_url": "chalkboard-user",
        "flair_color": "000",
        "flair_bg_color": "f2c26e",
        "flair_group_id": 54,
        "trust_level": 4
      },
      {
        "id": 3672,
        "username": "parthpatel",
        "name": "Parth Patel",
        "avatar_template": "/user_avatar/discourse.onlinedegree.iitm.ac.in/parthpatel/{size}/253_2.png",
        "post_count": 2,
        "primary_group_name": "ds-students",
        "flair_name": "ds-students",
        "flair_url": null,
        "flair_color": "",
        "flair_bg_color": "",
        "flair_group_id": 294,
        "trust_level": 1
      },
      {
        "id": 13976,
        "username": "22f2000559",
        "name": "Anushka Kumar",
        "avatar_template": "/user_avatar/discourse.onlinedegree.iitm.ac.in/22f2000559/{size}/13152_2.png",
        "post_count": 2,
        "primary_group_name": "ds-students",
        "flair_name": "ds-students",
        "flair_url": null,
        "flair_color": "",
        "flair_bg_color": "",
        "flair_group_id": 294,
        "trust_level": 1
      },
      {
        "id": 7795,
        "username": "Yogesh1",
        "name": "Yogesh",
        "avatar_template": "/user_avatar/discourse.onlinedegree.iitm.ac.in/yogesh1/{size}/32697_2.png",
        "post_count": 1,
        "primary_group_name": "ds-students",
        "flair_name": "ds-students",
        "flair_url": null,
        "flair_color": "",
        "flair_bg_color": "",
        "flair_group_id": 294,
        "trust_level": 1
      }
    ],
    "created_by": {
      "id": 13976,
      "username": "22f2000559",
      "name": "Anushka Kumar",
      "avatar_template": "/user_avatar/discourse.onlinedegree.iitm.ac.in/22f2000559/{size}/13152_2.png"
    },
    "last_poster": {
      "id": 13976,
      "username": "22f2000559",
      "name": "Anushka Kumar",
      "avatar_template": "/user_avatar/discourse.onlinedegree.iitm.ac.in/22f2000559/{size}/13152_2.png"
    }
  },
  "pending_posts": [],
  "bookmarks": []
}