{
  "post_stream": {
    "posts": [
      {
        "id": 616499,
        "name": "Dhruv Agrawal",
        "username": "24f1001616",
        "avatar_template": "/user_avatar/discourse.onlinedegree.iitm.ac.in/24f1001616/{size}/117988_2.png",
        "created_at": "2025-04-07T08:50:43.355Z",
        "cooked": "<p><a class=\"mention\" href=\"/u/carlton\">@carlton</a> sir in google form it is written to submit email address of peer but the mail TDS team has sent has 3 drive links .so we have to submit drive links or like create the email by adding “<span class=\"mention\">@ds.study.iitm.ac.in</span>” after the username</p>",
        "post_number": 1,
        "post_type": 1,
        "posts_count": 2,
        "updated_at": "2025-04-07T08:50:43.355Z",
        "reply_count": 0,
        "reply_to_post_number": null,
        "quote_count": 0,
        "incoming_link_count": 0,
        "reads": 76,
        "readers_count": 75,
        "score": 15.2,
        "yours": false,
        "topic_id": 172021,
        "topic_slug": "email-in-ga-7",
        "display_username": "Dhruv Agrawal",
        "primary_group_name": "ds-students",
        "flair_name": "ds-students",
        "flair_url": null,
        "flair_bg_color": "",
        "flair_color": "",
        "flair_group_id": 294,
        "badges_granted": [],
        "version": 1,
        "can_edit": false,
        "can_delete": false,
        "can_recover": false,
        "can_see_hidden_post": false,
        "can_wiki": false,
        "read": false,
        "user_title": null,
        "bookmarked": false,
        "actions_summary": [
          {
            "id": 2,
            "can_act": true
          },
          {
            "id": 6,
            "can_act": true
          },
          {
            "id": 3,
            "can_act": true
          },
          {
            "id": 4,
            "can_act": true
          },
          {
            "id": 8,
            "can_act": true
          },
          {
            "id": 10,
            "can_act": true
          },
          {
            "id": 7,
            "can_act": true
          }
        ],
        "moderator": false,
        "admin": false,
        "staff": false,
        "user_id": 39249,
        "hidden": false,
        "trust_level": 1,
        "deleted_at": null,
        "user_deleted": false,
        "edit_reason": null,
        "can_view_edit_history": true,
        "wiki": false,
        "post_url": "/t/email-in-ga-7/172021/1",
        "user_cakedate": "2024-09-30",
        "reactions": [],
        "current_user_reaction": null,
        "reaction_users_count": 0,
        "current_user_used_main_reaction": false,
        "can_accept_answer": false,
        "can_unaccept_answer": false,
        "accepted_answer": false,
        "topic_accepted_answer": null,
        "can_vote": false
      },
      {
        "id": 616529,
        "name": "Carlton D'Silva",
        "username": "carlton",
        "avatar_template": "/user_avatar/discourse.onlinedegree.iitm.ac.in/carlton/{size}/56317_2.png",
        "created_at": "2025-04-07T10:13:37.054Z",
        "cooked": "<p>If you actually open the drive link you will see the student email. You have to use that email for submitting the form.</p>",
        "post_number": 2,
        "post_type": 1,
        "posts_count": 2,
        "updated_at": "2025-04-07T10:13:37.054Z",
        "reply_count": 0,
        "reply_to_post_number": null,
        "quote_count": 0,
        "incoming_link_count": 1,
        "reads": 74,
        "readers_count": 73,
        "score": 19.8,
        "yours": false,
        "topic_id": 172021,
        "topic_slug": "email-in-ga-7",
        "display_username": "Carlton D'Silva",
        "primary_group_name": "ds-students",
        "flair_name": "ds-students",
        "flair_url": null,
        "flair_bg_color": "",
        "flair_color": "",
        "flair_group_id": 294,
        "badges_granted": [],
        "version": 1,
        "can_edit": false,
        "can_delete": false,
        "can_recover": false,
        "can_see_hidden_post": false,
        "can_wiki": false,
        "read": false,
        "user_title": "Regular",
        "title_is_group": false,
        "bookmarked": false,
        "actions_summary": [
          {
            "id": 2,
            "can_act": true
          },
          {
            "id": 6,
            "can_act": true
          },
          {
            "id": 3,
            "can_act": true
          },
          {
            "id": 4,
            "can_act": true
          },
          {
            "id": 8,
            "can_act": true
          },
          {
            "id": 10,
            "can_act": true
          },
          {
            "id": 7,
            "can_act": true
          }
        ],
        "moderator": false,
        "admin": false,
        "staff": false,
        "group_moderator": true,
        "user_id": 16094,
        "hidden": false,
        "trust_level": 3,
        "deleted_at": null,
        "user_deleted": false,
        "edit_reason": null,
        "can_view_edit_history": true,
        "wiki": false,
        "post_url": "/t/email-in-ga-7/172021/2",
        "user_cakedate": "2023-01-25",
        "reactions": [],
        "current_user_reaction": null,
        "reaction_users_count": 0,
        "current_user_used_main_reaction": false,
        "can_accept_answer": false,
        "can_unaccept_answer": false,
        "accepted_answer": false,
        "topic_accepted_answer": null
      }
    ],
    "stream": [
      616499,
      616529
    ]
  },
  "timeline_lookup": [
    [
      1,
      224
    ]
  ],
  "suggested_topics": [
    {
      "fancy_title": "Submission Issue",
      "id": 191628,
      "title": "Submission Issue",
      "slug": "submission-issue",
      "posts_count": 1,
      "reply_count": 0,
      "highest_post_number": 1,
      "image_url": "https://europe1.discourse-cdn.com/flex013/uploads/iitm/optimized/3X/4/4/44dc3c61e92c828ce41f420245a133ac58e7488c_2_1024x576.png",
      "created_at": "2025-11-16T18:34:00.062Z",
      "last_posted_at": "2025-11-16T18:34:00.258Z",
      "bumped": true,
      "bumped_at": "2025-11-16T18:34:00.258Z",
      "archetype": "regular",
      "unseen": true,
      "pinned": false,
      "unpinned": null,
      "visible": true,
      "closed": false,
      "archived": false,
      "bookmarked": null,
      "liked": null,
      "tags": [
        "clarification",
        "operational",
        "term3-2025"
      ],
      "tags_descriptions": {},
      "like_count": 0,
      "views": 7,
      "category_id": 34,
      "featured_link": null,
      "has_accepted_answer": false,
      "posters": [
        {
          "extras": "latest single",
          "description": "Original Poster, Most Recent Poster",
          "user": {
            "id": 18836,
            "username": "23f2003033",
            "name": "Vedang Pawar",
            "avatar_template": "/user_avatar/discourse.onlinedegree.iitm.ac.in/23f2003033/{size}/67243_2.png",
            "primary_group_name": "ds-students",
            "flair_name": "ds-students",
            "flair_group_id": 294,
            "trust_level": 1
          }
        }
      ]
    }
  ],
  "tags": [
    "clarification"
  ],
  "tags_descriptions": {},
  "fancy_title": "EMAIL IN ga-7",
  "id": 172021,
  "title": "EMAIL IN ga-7",
  "posts_count": 2,
  "created_at": "2025-04-07T08:50:43.142Z",
  "views": 96,
  "reply_count": 0,
  "like_count": 0,
  "last_posted_at": "2025-04-07T10:13:37.054Z",
  "visible": true,
  "closed": false,
  "archived": false,
  "has_summary": false,
  "archetype": "regular",
  "slug": "email-in-ga-7",
  "category_id": 34,
  "word_count": 70,
  "deleted_at": null,
  "user_id": 39249,
  "featured_link": null,
  "pinned_globally": false,
  "pinned_at": null,
  "pinned_until": null,
  "image_url": null,
  "slow_mode_seconds": 0,
  "draft": null,
  "draft_key": "topic_172021",
  "draft_sequence": 0,
  "posted": false,
  "unpinned": null,
  "pinned": false,
  "current_post_number": 1,
  "highest_post_number": 2,
  "last_read_post_number": null,
  "last_read_post_id": null,
  "deleted_by": null,
  "actions_summary": [
    {
      "id": 4,
      "count": 0,
      "hidden": false,
      "can_act": true
    },
    {
      "id": 8,
      "count": 0,
      "hidden": false,
      "can_act": true
    },
    {
      "id": 10,
      "count": 0,
      "hidden": false,
      "can_act": true
    },
    {
      "id": 7,
      "count": 0,
      "hidden": false,
      "can_act": true
    }
  ],
  "chunk_size": 20,
  "bookmarked": false,
  "topic_timer": null,
  "message_bus_last_id": 0,
  "participant_count": 2,
  "show_read_indicator": false,
  "thumbnails": null,
  "slow_mode_enabled_until": null,
  "tags_disable_ads": false,
  "related_topics": [
    {
      "fancy_title": "Graded Assignment 6a",
      "id": 81624,
      "title": "Graded Assignment 6a",
      "slug": "graded-assignment-6a",
      "posts_count": 16,
      "reply_count": 11,
      "highest_post_number": 19,
      "image_url": null,
      "created_at": "2023-03-18T10:34:37.094Z",
      "last_posted_at": "2023-07-24T09:44:49.193Z",
      "bumped": true,
      "bumped_at": "2023-07-25T07:27:40.910Z",
      "archetype": "regular",
      "unseen": false,
      "pinned": false,
      "unpinned": null,
      "visible": true,
      "closed": false,
      "archived": false,
      "bookmarked": null,
      "liked": null,
      "tags": [
        "graded-assignment",
        "week-6"
      ],
      "tags_descriptions": {},
      "like_count": 3,
      "views": 176,
      "category_id": 34,
      "featured_link": null,
      "has_accepted_answer": false,
      "posters": [
        {
          "extras": null,
          "description": "Original Poster",
          "user": {
            "id": 623,
            "username": "melvin9598",
            "name": "MELVIN MONCY JOSEPH",
            "avatar_template": "/user_avatar/discourse.onlinedegree.iitm.ac.in/melvin9598/{size}/839_2.png",
            "primary_group_name": "ds-students",
            "flair_name": "ds-students",
            "flair_group_id": 294,
            "trust_level": 1
          }
        },
        {
          "extras": null,
          "description": "Frequent Poster",
          "user": {
            "id": 6142,
            "username": "Dixon",
            "name": "Dixon",
            "avatar_template": "/user_avatar/discourse.onlinedegree.iitm.ac.in/dixon/{size}/1027_2.png",
            "trust_level": 1
          }
        },
        {
          "extras": null,
          "description": "Frequent Poster",
          "user": {
            "id": 2138,
            "username": "AMULYA_VERMA",
            "name": "AMULYA VERMA",
            "avatar_template": "/user_avatar/discourse.onlinedegree.iitm.ac.in/amulya_verma/{size}/345_2.png",
            "primary_group_name": "ds-students",
            "flair_name": "ds-students",
            "flair_group_id": 294,
            "trust_level": 1
          }
        },
        {
          "extras": null,
          "description": "Frequent Poster",
          "user": {
            "id": 7907,
            "username": "dibujohn",
            "name": "Dibu Philip",
            "avatar_template": "/user_avatar/discourse.onlinedegree.iitm.ac.in/dibujohn/{size}/12560_2.png",
            "primary_group_name": "course_support",
            "flair_name": "course_support",
            "flair_url": "scale-balanced",
            "flair_bg_color": "0040ff",
            "flair_color": "1affc6",
            "flair_group_id": 41,
            "trust_level": 4
          }
        },
        {
          "extras": "latest",
          "description": "Most Recent Poster",
          "user": {
            "id": 15853,
            "username": "somsubhra",
            "name": "Somsubhra De",
            "avatar_template": "/user_avatar/discourse.onlinedegree.iitm.ac.in/somsubhra/{size}/138725_2.png",
            "primary_group_name": "ds-students",
            "trust_level": 2
          }
        }
      ]
    },
    {
      "fancy_title": "TDS Project 2 Q15 and Q16 Keep Getting &ldquo;Get Link&rsquo; button",
      "id": 57574,
      "title": "TDS Project 2 Q15 and Q16 Keep Getting \"Get Link' button",
      "slug": "tds-project-2-q15-and-q16-keep-getting-get-link-button",
      "posts_count": 8,
      "reply_count": 4,
      "highest_post_number": 8,
      "image_url": null,
      "created_at": "2022-07-14T12:31:04.789Z",
      "last_posted_at": "2022-07-19T16:28:40.390Z",
      "bumped": true,
      "bumped_at": "2022-07-19T16:28:40.390Z",
      "archetype": "regular",
      "unseen": false,
      "pinned": false,
      "unpinned": null,
      "visible": true,
      "closed": false,
      "archived": false,
      "bookmarked": null,
      "liked": null,
      "tags": [
        "clarification"
      ],
      "tags_descriptions": {},
      "like_count": 6,
      "views": 232,
      "category_id": 34,
      "featured_link": null,
      "has_accepted_answer": true,
      "posters": [
        {
          "extras": null,
          "description": "Original Poster",
          "user": {
            "id": 3249,
            "username": "Paras",
            "name": "Paras Gupta",
            "avatar_template": "https://avatars.discourse-cdn.com/v4/letter/p/9de053/{size}.png",
            "primary_group_name": "ds-students",
            "flair_name": "ds-students",
            "flair_group_id": 294,
            "trust_level": 1
          }
        },
        {
          "extras": null,
          "description": "Frequent Poster, Accepted Answer",
          "user": {
            "id": 1689,
            "username": "ckg",
            "name": "Cherian George",
            "avatar_template": "/user_avatar/discourse.onlinedegree.iitm.ac.in/ckg/{size}/19464_2.png",
            "primary_group_name": "ds-students",
            "flair_name": "ds-students",
            "flair_group_id": 294,
            "trust_level": 1
          }
        },
        {
          "extras": null,
          "description": "Frequent Poster",
          "user": {
            "id": 7183,
            "username": "21f2001112",
            "name": "Azhaguraja.R",
            "avatar_template": "/user_avatar/discourse.onlinedegree.iitm.ac.in/21f2001112/{size}/17533_2.png",
            "primary_group_name": "ds-students",
            "flair_name": "ds-students",
            "flair_group_id": 294,
            "trust_level": 1
          }
        },
        {
          "extras": null,
          "description": "Frequent Poster",
          "user": {
            "id": 686,
            "username": "nmaddala",
            "name": "Narayana Maddala",
            "avatar_template": "/user_avatar/discourse.onlinedegree.iitm.ac.in/nmaddala/{size}/67626_2.png",
            "primary_group_name": "ds-students",
            "flair_name": "ds-students",
            "flair_group_id": 294,
            "trust_level": 1
          }
        },
        {
          "extras": "latest",
          "description": "Most Recent Poster",
          "user": {
            "id": 5497,
            "username": "javeedahmadahanger",
            "name": "Javeed AHMAD AHANGER",
            "avatar_template": "/user_avatar/discourse.onlinedegree.iitm.ac.in/javeedahmadahanger/{size}/6596_2.png",
            "primary_group_name": "ds-students",
            "flair_name": "ds-students",
            "flair_group_id": 294,
            "trust_level": 1
          }
        }
      ]
    },
    {
      "fancy_title": "Tds project 1 submission issue please help",
      "id": 123821,
      "title": "Tds project 1 submission issue please help",
      "slug": "tds-project-1-submission-issue-please-help",
      "posts_count": 10,
      "reply_count": 5,
      "highest_post_number": 10,
      "image_url": null,
      "created_at": "2024-03-12T19:39:41.989Z",
      "last_posted_at": "2024-03-13T16:54:02.686Z",
      "bumped": true,
      "bumped_at": "2024-03-13T16:54:02.686Z",
      "archetype": "regular",
      "unseen": false,
      "pinned": false,
      "unpinned": null,
      "visible": true,
      "closed": false,
      "archived": false,
      "bookmarked": null,
      "liked": null,
      "tags": [
        "clarification",
        "miscellaneous",
        "operational",
        "diploma-level",
        "extra-resources"
      ],
      "tags_descriptions": {},
      "like_count": 11,
      "views": 115,
      "category_id": 34,
      "featured_link": null,
      "has_accepted_answer": false,
      "posters": [
        {
          "extras": null,
          "description": "Original Poster",
          "user": {
            "id": 11774,
            "username": "21f3002894",
            "name": "hesha",
            "avatar_template": "/user_avatar/discourse.onlinedegree.iitm.ac.in/21f3002894/{size}/71643_2.png",
            "primary_group_name": "ds-students",
            "flair_name": "ds-students",
            "flair_group_id": 294,
            "trust_level": 0
          }
        },
        {
          "extras": null,
          "description": "Frequent Poster",
          "user": {
            "id": 23,
            "username": "Narayanan.POD",
            "name": "Narayanan R",
            "avatar_template": "/user_avatar/discourse.onlinedegree.iitm.ac.in/narayanan.pod/{size}/297_2.png",
            "primary_group_name": "pod-ops",
            "flair_name": "pod-ops",
            "flair_url": "sun",
            "flair_bg_color": "0E7B55",
            "flair_color": "24633F",
            "flair_group_id": 43,
            "admin": true,
            "trust_level": 4
          }
        },
        {
          "extras": null,
          "description": "Frequent Poster",
          "user": {
            "id": 8734,
            "username": "Kavya311",
            "name": "Kavya Dwivedi",
            "avatar_template": "/user_avatar/discourse.onlinedegree.iitm.ac.in/kavya311/{size}/13152_2.png",
            "primary_group_name": "ds-students",
            "flair_name": "ds-students",
            "flair_group_id": 294,
            "trust_level": 1
          }
        },
        {
          "extras": null,
          "description": "Frequent Poster",
          "user": {
            "id": 24417,
            "username": "23ds3000172",
            "name": "Shankar",
            "avatar_template": "/user_avatar/discourse.onlinedegree.iitm.ac.in/23ds3000172/{size}/66738_2.png",
            "primary_group_name": "ds-students",
            "flair_name": "ds-students",
            "flair_group_id": 294,
            "trust_level": 0
          }
        },
        {
          "extras": "latest",
          "description": "Most Recent Poster",
          "user": {
            "id": 11915,
            "username": "Raunak_Sen",
            "name": "Raunak Sen",
            "avatar_template": "https://avatars.discourse-cdn.com/v4/letter/r/aca169/{size}.png",
            "primary_group_name": "ds-students",
            "flair_name": "ds-students",
            "flair_group_id": 294,
            "trust_level": 1
          }
        }
      ]
    },
    {
      "fancy_title": "Not able to submit the Flourish Links of Project-2 Question 15 and 16",
      "id": 57970,
      "title": "Not able to submit the Flourish Links of Project-2 Question 15 and 16",
      "slug": "not-able-to-submit-the-flourish-links-of-project-2-question-15-and-16",
      "posts_count": 2,
      "reply_count": 0,
      "highest_post_number": 2,
      "image_url": "https://europe1.discourse-cdn.com/flex013/uploads/iitm/optimized/3X/3/8/386a8c12dc44335ab8e22a7dc73eef1ddbd2094d_2_1024x576.jpeg",
      "created_at": "2022-07-17T17:36:10.059Z",
      "last_posted_at": "2022-07-17T17:58:02.562Z",
      "bumped": true,
      "bumped_at": "2022-07-17T17:58:02.562Z",
      "archetype": "regular",
      "unseen": false,
      "pinned": false,
      "unpinned": null,
      "visible": true,
      "closed": false,
      "archived": false,
      "bookmarked": null,
      "liked": null,
      "tags": [
        "clarification"
      ],
      "tags_descriptions": {},
      "like_count": 0,
      "views": 61,
      "category_id": 34,
      "featured_link": null,
      "has_accepted_answer": false,
      "posters": [
        {
          "extras": null,
          "description": "Original Poster",
          "user": {
            "id": 686,
            "username": "nmaddala",
            "name": "Narayana Maddala",
            "avatar_template": "/user_avatar/discourse.onlinedegree.iitm.ac.in/nmaddala/{size}/67626_2.png",
            "primary_group_name": "ds-students",
            "flair_name": "ds-students",
            "flair_group_id": 294,
            "trust_level": 1
          }
        },
        {
          "extras": "latest",
          "description": "Most Recent Poster",
          "user": {
            "id": 1689,
            "username": "ckg",
            "name": "Cherian George",
            "avatar_template": "/user_avatar/discourse.onlinedegree.iitm.ac.in/ckg/{size}/19464_2.png",
            "primary_group_name": "ds-students",
            "flair_name": "ds-students",
            "flair_group_id": 294,
            "trust_level": 1
          }
        }
      ]
    },
    {
      "fancy_title": "Mid-term submission: The gform won&rsquo;t accept any email address",
      "id": 74317,
      "title": "Mid-term submission: The gform won't accept any email address",
      "slug": "mid-term-submission-the-gform-wont-accept-any-email-address",
      "posts_count": 13,
      "reply_count": 8,
      "highest_post_number": 13,
      "image_url": null,
      "created_at": "2023-01-01T15:14:17.004Z",
      "last_posted_at": "2023-01-03T11:45:09.858Z",
      "bumped": true,
      "bumped_at": "2023-01-03T11:45:09.858Z",
      "archetype": "regular",
      "unseen": false,
      "pinned": false,
      "unpinned": null,
      "visible": true,
      "closed": false,
      "archived": false,
      "bookmarked": null,
      "liked": null,
      "tags": [
        "operational",
        "term3-2022"
      ],
      "tags_descriptions": {},
      "like_count": 2,
      "views": 109,
      "category_id": 51,
      "featured_link": null,
      "has_accepted_answer": true,
      "posters": [
        {
          "extras": null,
          "description": "Original Poster, Accepted Answer",
          "user": {
            "id": 15105,
            "username": "22ds3000003",
            "name": "Aashrit B K",
            "avatar_template": "/user_avatar/discourse.onlinedegree.iitm.ac.in/22ds3000003/{size}/13136_2.png",
            "primary_group_name": "ds-students",
            "flair_name": "ds-students",
            "flair_group_id": 294,
            "trust_level": 1
          }
        },
        {
          "extras": null,
          "description": "Frequent Poster",
          "user": {
            "id": 6140,
            "username": "Ashwin_J",
            "name": "Dr. Ashwin J. Baliga",
            "avatar_template": "/user_avatar/discourse.onlinedegree.iitm.ac.in/ashwin_j/{size}/69588_2.png",
            "primary_group_name": "course_support",
            "flair_name": "course_support",
            "flair_url": "scale-balanced",
            "flair_bg_color": "0040ff",
            "flair_color": "1affc6",
            "flair_group_id": 41,
            "trust_level": 4
          }
        },
        {
          "extras": null,
          "description": "Frequent Poster",
          "user": {
            "id": 4110,
            "username": "godpotato",
            "name": "M S Srinivass",
            "avatar_template": "/user_avatar/discourse.onlinedegree.iitm.ac.in/godpotato/{size}/94046_2.png",
            "primary_group_name": "ds-students",
            "flair_name": "ds-students",
            "flair_group_id": 294,
            "trust_level": 1
          }
        },
        {
          "extras": "latest",
          "description": "Most Recent Poster",
          "user": {
            "id": 3147,
            "username": "Manishiit",
            "name": "Manish Kumar",
            "avatar_template": "https://avatars.discourse-cdn.com/v4/letter/m/71c47a/{size}.png",
            "primary_group_name": "ds-students",
            "flair_name": "ds-students",
            "flair_group_id": 294,
            "trust_level": 1
          }
        }
      ]
    }
  ],
  "summarizable": true,
  "valid_reactions": [
    "heart",
    "+1",
    "laughing",
    "open_mouth",
    "clap",
    "confetti_ball",
    "rocket",
    "-1"
  ],
  "can_vote": false,
  "vote_count": 0,
  "user_voted": false,
  "discourse_zendesk_plugin_zendesk_id": null,
  "discourse_zendesk_plugin_zendesk_url": "https://your-url.zendesk.com/agent/tickets/",
  "details": {
    "can_edit": false,
    "notification_level": 1,
    "notifications_reason_id": null,
    "can_create_post": true,
    "can_reply_as_new_topic": true,
    "can_flag_topic": true,
    "participants": [
      {
        "id": 16094,
        "username": "carlton",
        "name": "Carlton D'Silva",
        "avatar_template": "/user_avatar/discourse.onlinedegree.iitm.ac.in/carlton/{size}/56317_2.png",
        "post_count": 1,
        "primary_group_name": "ds-students",
        "flair_name": "ds-students",
        "flair_url": null,
        "flair_color": "",
        "flair_bg_color": "",
        "flair_group_id": 294,
        "trust_level": 3
      },
      {
        "id": 39249,
        "username": "24f1001616",
        "name": "Dhruv Agrawal",
        "avatar_template": "/user_avatar/discourse.onlinedegree.iitm.ac.in/24f1001616/{size}/117988_2.png",
        "post_count": 1,
        "primary_group_name": "ds-students",
        "flair_name": "ds-students",
        "flair_url": null,
        "flair_color": "",
        "flair_bg_color": "",
        "flair_group_id": 294,
        "trust_level": 1
      }
    ],
    "created_by": {
      "id": 39249,
      "username": "24f1001616",
      "name": "Dhruv Agrawal",
      "avatar_template": "/user_avatar/discourse.onlinedegree.iitm.ac.in/24f1001616/{size}/117988_2.png"
    },
    "last_poster": {
      "id": 16094,
      "username": "carlton",
      "name": "Carlton D'Silva",
      "avatar_template": "/user_avatar/discourse.onlinedegree.iitm.ac.in/carlton/{size}/56317_2.png"
    }
  },
  "pending_posts": [],
  "bookmarks": []
}