{
  "post_stream": {
    "posts": [
      {
        "id": 617911,
        "name": "Dhruv Agrawal",
        "username": "24f1001616",
        "avatar_template": "/user_avatar/discourse.onlinedegree.iitm.ac.in/24f1001616/{size}/117988_2.png",
        "created_at": "2025-04-10T14:21:56.393Z",
        "cooked": "<p><div class=\"lightbox-wrapper\"><a class=\"lightbox\" href=\"https://europe1.discourse-cdn.com/flex013/uploads/iitm/original/3X/1/1/1147fa7bca00db3d2085d116f674364128961293.jpeg\" data-download-href=\"/uploads/short-url/2sSksYtujWWAwKNlXlW2eJXwnDR.jpeg?dl=1\" title=\"image\" rel=\"noopener nofollow ugc\"><img src=\"https://europe1.discourse-cdn.com/flex013/uploads/iitm/optimized/3X/1/1/1147fa7bca00db3d2085d116f674364128961293_2_690x410.jpeg\" alt=\"image\" data-base62-sha1=\"2sSksYtujWWAwKNlXlW2eJXwnDR\" width=\"690\" height=\"410\" srcset=\"https://europe1.discourse-cdn.com/flex013/uploads/iitm/optimized/3X/1/1/1147fa7bca00db3d2085d116f674364128961293_2_690x410.jpeg, https://europe1.discourse-cdn.com/flex013/uploads/iitm/optimized/3X/1/1/1147fa7bca00db3d2085d116f674364128961293_2_1035x615.jpeg 1.5x, https://europe1.discourse-cdn.com/flex013/uploads/iitm/original/3X/1/1/1147fa7bca00db3d2085d116f674364128961293.jpeg 2x\" data-dominant-color=\"EDEDEC\"><div class=\"meta\"><svg class=\"fa d-icon d-icon-far-image svg-icon\" aria-hidden=\"true\"><use href=\"#far-image\"></use></svg><span class=\"filename\">image</span><span class=\"informations\">1141×678 102 KB</span><svg class=\"fa d-icon d-icon-discourse-expand svg-icon\" aria-hidden=\"true\"><use href=\"#discourse-expand\"></use></svg></div></a></div><br>\n<a class=\"mention\" href=\"/u/carlton\">@carlton</a> sir plz review it<br>\ni think the correct answer should be A</p>",
        "post_number": 1,
        "post_type": 1,
        "posts_count": 2,
        "updated_at": "2025-04-10T14:22:09.793Z",
        "reply_count": 0,
        "reply_to_post_number": null,
        "quote_count": 0,
        "incoming_link_count": 1,
        "reads": 82,
        "readers_count": 81,
        "score": 21.4,
        "yours": false,
        "topic_id": 172373,
        "topic_slug": "pyq-doubt",
        "display_username": "Dhruv Agrawal",
        "primary_group_name": "ds-students",
        "flair_name": "ds-students",
        "flair_url": null,
        "flair_bg_color": "",
        "flair_color": "",
        "flair_group_id": 294,
        "badges_granted": [],
        "version": 1,
        "can_edit": false,
        "can_delete": false,
        "can_recover": false,
        "can_see_hidden_post": false,
        "can_wiki": false,
        "read": false,
        "user_title": null,
        "bookmarked": false,
        "actions_summary": [
          {
            "id": 2,
            "can_act": true
          },
          {
            "id": 6,
            "can_act": true
          },
          {
            "id": 3,
            "can_act": true
          },
          {
            "id": 4,
            "can_act": true
          },
          {
            "id": 8,
            "can_act": true
          },
          {
            "id": 10,
            "can_act": true
          },
          {
            "id": 7,
            "can_act": true
          }
        ],
        "moderator": false,
        "admin": false,
        "staff": false,
        "user_id": 39249,
        "hidden": false,
        "trust_level": 1,
        "deleted_at": null,
        "user_deleted": false,
        "edit_reason": null,
        "can_view_edit_history": true,
        "wiki": false,
        "post_url": "/t/pyq-doubt/172373/1",
        "user_cakedate": "2024-09-30",
        "reactions": [],
        "current_user_reaction": null,
        "reaction_users_count": 0,
        "current_user_used_main_reaction": false,
        "can_accept_answer": false,
        "can_unaccept_answer": false,
        "accepted_answer": false,
        "topic_accepted_answer": true,
        "can_vote": false
      },
      {
        "id": 617921,
        "name": "Carlton D'Silva",
        "username": "carlton",
        "avatar_template": "/user_avatar/discourse.onlinedegree.iitm.ac.in/carlton/{size}/56317_2.png",
        "created_at": "2025-04-10T14:50:28.002Z",
        "cooked": "<p>yes saturday is 5 when using weekday ()</p>",
        "post_number": 2,
        "post_type": 1,
        "posts_count": 2,
        "updated_at": "2025-04-10T14:50:28.002Z",
        "reply_count": 0,
        "reply_to_post_number": null,
        "quote_count": 0,
        "incoming_link_count": 0,
        "reads": 69,
        "readers_count": 68,
        "score": 28.8,
        "yours": false,
        "topic_id": 172373,
        "topic_slug": "pyq-doubt",
        "display_username": "Carlton D'Silva",
        "primary_group_name": "ds-students",
        "flair_name": "ds-students",
        "flair_url": null,
        "flair_bg_color": "",
        "flair_color": "",
        "flair_group_id": 294,
        "badges_granted": [],
        "version": 1,
        "can_edit": false,
        "can_delete": false,
        "can_recover": false,
        "can_see_hidden_post": false,
        "can_wiki": false,
        "read": false,
        "user_title": "Regular",
        "title_is_group": false,
        "bookmarked": false,
        "actions_summary": [
          {
            "id": 2,
            "count": 1,
            "can_act": true
          },
          {
            "id": 6,
            "can_act": true
          },
          {
            "id": 3,
            "can_act": true
          },
          {
            "id": 4,
            "can_act": true
          },
          {
            "id": 8,
            "can_act": true
          },
          {
            "id": 10,
            "can_act": true
          },
          {
            "id": 7,
            "can_act": true
          }
        ],
        "moderator": false,
        "admin": false,
        "staff": false,
        "group_moderator": true,
        "user_id": 16094,
        "hidden": false,
        "trust_level": 3,
        "deleted_at": null,
        "user_deleted": false,
        "edit_reason": null,
        "can_view_edit_history": true,
        "wiki": false,
        "post_url": "/t/pyq-doubt/172373/2",
        "user_cakedate": "2023-01-25",
        "reactions": [
          {
            "id": "heart",
            "type": "emoji",
            "count": 1
          }
        ],
        "current_user_reaction": null,
        "reaction_users_count": 1,
        "current_user_used_main_reaction": false,
        "can_accept_answer": false,
        "can_unaccept_answer": false,
        "accepted_answer": true,
        "topic_accepted_answer": true
      }
    ],
    "stream": [
      617911,
      617921
    ]
  },
  "timeline_lookup": [
    [
      1,
      221
    ]
  ],
  "suggested_topics": [
    {
      "fancy_title": "Submission Issue",
      "id": 191628,
      "title": "Submission Issue",
      "slug": "submission-issue",
      "posts_count": 1,
      "reply_count": 0,
      "highest_post_number": 1,
      "image_url": "https://europe1.discourse-cdn.com/flex013/uploads/iitm/optimized/3X/4/4/44dc3c61e92c828ce41f420245a133ac58e7488c_2_1024x576.png",
      "created_at": "2025-11-16T18:34:00.062Z",
      "last_posted_at": "2025-11-16T18:34:00.258Z",
      "bumped": true,
      "bumped_at": "2025-11-16T18:34:00.258Z",
      "archetype": "regular",
      "unseen": true,
      "pinned": false,
      "unpinned": null,
      "visible": true,
      "closed": false,
      "archived": false,
      "bookmarked": null,
      "liked": null,
      "tags": [
        "clarification",
        "operational",
        "term3-2025"
      ],
      "tags_descriptions": {},
      "like_count": 0,
      "views": 7,
      "category_id": 34,
      "featured_link": null,
      "has_accepted_answer": false,
      "posters": [
        {
          "extras": "latest single",
          "description": "Original Poster, Most Recent Poster",
          "user": {
            "id": 18836,
            "username": "23f2003033",
            "name": "Vedang Pawar",
            "avatar_template": "/user_avatar/discourse.onlinedegree.iitm.ac.in/23f2003033/{size}/67243_2.png",
            "primary_group_name": "ds-students",
            "flair_name": "ds-students",
            "flair_group_id": 294,
            "trust_level": 1
          }
        }
      ]
    }
  ],
  "tags": [
    "clarification"
  ],
  "tags_descriptions": {},
  "fancy_title": "PYQ doubt",
  "id": 172373,
  "title": "PYQ doubt",
  "posts_count": 2,
  "created_at": "2025-04-10T14:21:56.165Z",
  "views": 97,
  "reply_count": 0,
  "like_count": 1,
  "last_posted_at": "2025-04-10T14:50:28.002Z",
  "visible": true,
  "closed": false,
  "archived": false,
  "has_summary": false,
  "archetype": "regular",
  "slug": "pyq-doubt",
  "category_id": 34,
  "word_count": 25,
  "deleted_at": null,
  "user_id": 39249,
  "featured_link": null,
  "pinned_globally": false,
  "pinned_at": null,
  "pinned_until": null,
  "image_url": "https://europe1.discourse-cdn.com/flex013/uploads/iitm/optimized/3X/1/1/1147fa7bca00db3d2085d116f674364128961293_2_1024x608.jpeg",
  "slow_mode_seconds": 0,
  "draft": null,
  "draft_key": "topic_172373",
  "draft_sequence": 0,
  "posted": false,
  "unpinned": null,
  "pinned": false,
  "current_post_number": 1,
  "highest_post_number": 2,
  "last_read_post_number": null,
  "last_read_post_id": null,
  "deleted_by": null,
  "actions_summary": [
    {
      "id": 4,
      "count": 0,
      "hidden": false,
      "can_act": true
    },
    {
      "id": 8,
      "count": 0,
      "hidden": false,
      "can_act": true
    },
    {
      "id": 10,
      "count": 0,
      "hidden": false,
      "can_act": true
    },
    {
      "id": 7,
      "count": 0,
      "hidden": false,
      "can_act": true
    }
  ],
  "chunk_size": 20,
  "bookmarked": false,
  "topic_timer": null,
  "message_bus_last_id": 0,
  "participant_count": 2,
  "show_read_indicator": false,
  "thumbnails": [
    {
      "max_width": null,
      "max_height": null,
      "width": 1141,
      "height": 678,
      "url": "https://europe1.discourse-cdn.com/flex013/uploads/iitm/original/3X/1/1/1147fa7bca00db3d2085d116f674364128961293.jpeg"
    },
    {
      "max_width": 1024,
      "max_height": 1024,
      "width": 1024,
      "height": 608,
      "url": "https://europe1.discourse-cdn.com/flex013/uploads/iitm/optimized/3X/1/1/1147fa7bca00db3d2085d116f674364128961293_2_1024x608.jpeg"
    }
  ],
  "slow_mode_enabled_until": null,
  "tags_disable_ads": false,
  "related_topics": [
    {
      "fancy_title": "Doubt in week 5",
      "id": 36683,
      "title": "Doubt in week 5",
      "slug": "doubt-in-week-5",
      "posts_count": 3,
      "reply_count": 0,
      "highest_post_number": 3,
      "image_url": "https://europe1.discourse-cdn.com/flex013/uploads/iitm/optimized/3X/d/b/dbc9d18c43d3c82c720e21c5efa46577cbfcd111_2_1023x530.png",
      "created_at": "2022-02-28T08:59:27.572Z",
      "last_posted_at": "2022-02-28T09:03:21.324Z",
      "bumped": true,
      "bumped_at": "2022-02-28T09:03:21.324Z",
      "archetype": "regular",
      "unseen": false,
      "pinned": false,
      "unpinned": null,
      "visible": true,
      "closed": false,
      "archived": false,
      "bookmarked": null,
      "liked": null,
      "tags": [
        "clarification",
        "activity-question",
        "week-5"
      ],
      "tags_descriptions": {},
      "like_count": 0,
      "views": 23,
      "category_id": 24,
      "featured_link": null,
      "has_accepted_answer": false,
      "posters": [
        {
          "extras": "latest",
          "description": "Original Poster, Most Recent Poster",
          "user": {
            "id": 6555,
            "username": "21f2001329",
            "name": "SHUBHAM KOKILA",
            "avatar_template": "/user_avatar/discourse.onlinedegree.iitm.ac.in/21f2001329/{size}/14160_2.png",
            "primary_group_name": "ds-students",
            "flair_name": "ds-students",
            "flair_group_id": 294,
            "trust_level": 1
          }
        },
        {
          "extras": null,
          "description": "Frequent Poster",
          "user": {
            "id": 6463,
            "username": "21f2000548",
            "name": "Sakshi",
            "avatar_template": "/user_avatar/discourse.onlinedegree.iitm.ac.in/21f2000548/{size}/68_2.png",
            "primary_group_name": "ds-students",
            "flair_name": "ds-students",
            "flair_group_id": 294,
            "trust_level": 1
          }
        }
      ]
    },
    {
      "fancy_title": "Week 8 act 8.6 question 5",
      "id": 42479,
      "title": "Week 8 act 8.6 question 5",
      "slug": "week-8-act-8-6-question-5",
      "posts_count": 1,
      "reply_count": 0,
      "highest_post_number": 1,
      "image_url": "https://europe1.discourse-cdn.com/flex013/uploads/iitm/original/3X/8/2/8281a8baa892d86bd20cc0cec42dd16caa729c74.png",
      "created_at": "2022-03-28T11:52:41.616Z",
      "last_posted_at": "2022-03-28T11:52:41.738Z",
      "bumped": true,
      "bumped_at": "2022-03-28T11:52:41.738Z",
      "archetype": "regular",
      "unseen": false,
      "pinned": false,
      "unpinned": null,
      "visible": true,
      "closed": false,
      "archived": false,
      "bookmarked": null,
      "liked": null,
      "tags": [
        "clarification"
      ],
      "tags_descriptions": {},
      "like_count": 0,
      "views": 8,
      "category_id": 28,
      "featured_link": null,
      "has_accepted_answer": false,
      "posters": [
        {
          "extras": "latest single",
          "description": "Original Poster, Most Recent Poster",
          "user": {
            "id": 3320,
            "username": "lakshaymalhotra",
            "name": "lakshay",
            "avatar_template": "/user_avatar/discourse.onlinedegree.iitm.ac.in/lakshaymalhotra/{size}/2939_2.png",
            "primary_group_name": "ds-students",
            "flair_name": "ds-students",
            "flair_group_id": 294,
            "trust_level": 1
          }
        }
      ]
    },
    {
      "fancy_title": "NG - Week 5: Q. No. 4",
      "id": 18380,
      "title": "NG - Week 5: Q. No. 4",
      "slug": "ng-week-5-q-no-4",
      "posts_count": 1,
      "reply_count": 0,
      "highest_post_number": 1,
      "image_url": null,
      "created_at": "2021-10-13T09:31:20.233Z",
      "last_posted_at": "2021-10-13T09:31:20.326Z",
      "bumped": true,
      "bumped_at": "2021-10-13T09:31:55.644Z",
      "archetype": "regular",
      "unseen": false,
      "pinned": false,
      "unpinned": null,
      "visible": true,
      "closed": false,
      "archived": false,
      "bookmarked": null,
      "liked": null,
      "tags": [
        "practice-question",
        "week-5"
      ],
      "tags_descriptions": {},
      "like_count": 0,
      "views": 32,
      "category_id": 23,
      "featured_link": null,
      "has_accepted_answer": false,
      "posters": [
        {
          "extras": "latest single",
          "description": "Original Poster, Most Recent Poster",
          "user": {
            "id": 19335,
            "username": "21f2000143",
            "name": "Sachin Kumar",
            "avatar_template": "/user_avatar/discourse.onlinedegree.iitm.ac.in/21f2000143/{size}/66863_2.png",
            "primary_group_name": "ds-students",
            "flair_name": "ds-students",
            "flair_group_id": 294,
            "trust_level": 1
          }
        }
      ]
    },
    {
      "fancy_title": "Alternate implementation of bbc wether week 2",
      "id": 76677,
      "title": "Alternate implementation of bbc wether week 2",
      "slug": "alternate-implementation-of-bbc-wether-week-2",
      "posts_count": 1,
      "reply_count": 0,
      "highest_post_number": 1,
      "image_url": "https://europe1.discourse-cdn.com/flex013/uploads/iitm/optimized/3X/7/7/779f136e57479f0ec0c2a833a2307883ebe4763d_2_1024x385.png",
      "created_at": "2023-02-03T06:49:40.463Z",
      "last_posted_at": "2023-02-03T06:49:40.606Z",
      "bumped": true,
      "bumped_at": "2023-02-03T06:49:40.606Z",
      "archetype": "regular",
      "unseen": false,
      "pinned": false,
      "unpinned": null,
      "visible": true,
      "closed": false,
      "archived": false,
      "bookmarked": null,
      "liked": null,
      "tags": [
        "week-2"
      ],
      "tags_descriptions": {},
      "like_count": 0,
      "views": 49,
      "category_id": 34,
      "featured_link": null,
      "has_accepted_answer": false,
      "posters": [
        {
          "extras": "latest single",
          "description": "Original Poster, Most Recent Poster",
          "user": {
            "id": 4091,
            "username": "y3nath",
            "name": "yarlagadda trinath",
            "avatar_template": "/user_avatar/discourse.onlinedegree.iitm.ac.in/y3nath/{size}/2148_2.png",
            "primary_group_name": "ds-students",
            "flair_name": "ds-students",
            "flair_group_id": 294,
            "trust_level": 1
          }
        }
      ]
    },
    {
      "fancy_title": "Unable to solve a question",
      "id": 34893,
      "title": "Unable to solve a question",
      "slug": "unable-to-solve-a-question",
      "posts_count": 3,
      "reply_count": 1,
      "highest_post_number": 3,
      "image_url": "https://europe1.discourse-cdn.com/flex013/uploads/iitm/optimized/3X/1/9/19c28d74f99760e6e012b5d1941c8322a7cdba77_2_1024x159.jpeg",
      "created_at": "2022-02-19T06:08:05.941Z",
      "last_posted_at": "2022-02-19T16:53:36.645Z",
      "bumped": true,
      "bumped_at": "2022-02-19T16:53:36.645Z",
      "archetype": "regular",
      "unseen": false,
      "pinned": false,
      "unpinned": null,
      "visible": true,
      "closed": false,
      "archived": false,
      "bookmarked": null,
      "liked": null,
      "tags": [
        "clarification"
      ],
      "tags_descriptions": {},
      "like_count": 0,
      "views": 57,
      "category_id": 24,
      "featured_link": null,
      "has_accepted_answer": false,
      "posters": [
        {
          "extras": "latest",
          "description": "Original Poster, Most Recent Poster",
          "user": {
            "id": 1013,
            "username": "RitikKaushal",
            "name": "Ritik Kaushal ",
            "avatar_template": "/user_avatar/discourse.onlinedegree.iitm.ac.in/ritikkaushal/{size}/53680_2.png",
            "primary_group_name": "ds-students",
            "flair_name": "ds-students",
            "flair_group_id": 294,
            "trust_level": 1
          }
        },
        {
          "extras": null,
          "description": "Frequent Poster",
          "user": {
            "id": 8365,
            "username": "Pallavi-Pandey",
            "name": "Pallavi Pandey",
            "avatar_template": "/user_avatar/discourse.onlinedegree.iitm.ac.in/pallavi-pandey/{size}/100325_2.png",
            "primary_group_name": "ds-students",
            "flair_name": "ds-students",
            "flair_group_id": 294,
            "trust_level": 1
          }
        }
      ]
    }
  ],
  "summarizable": true,
  "valid_reactions": [
    "heart",
    "+1",
    "laughing",
    "open_mouth",
    "clap",
    "confetti_ball",
    "rocket",
    "-1"
  ],
  "accepted_answer": {
    "post_number": 2,
    "username": "carlton",
    "name": null,
    "excerpt": "yes saturday is 5 when using weekday ()",
    "accepter_name": null,
    "accepter_username": "Jivraj"
  },
  "can_vote": false,
  "vote_count": 0,
  "user_voted": false,
  "discourse_zendesk_plugin_zendesk_id": null,
  "discourse_zendesk_plugin_zendesk_url": "https://your-url.zendesk.com/agent/tickets/",
  "details": {
    "can_edit": false,
    "notification_level": 1,
    "notifications_reason_id": null,
    "can_create_post": true,
    "can_reply_as_new_topic": true,
    "can_flag_topic": true,
    "participants": [
      {
        "id": 16094,
        "username": "carlton",
        "name": "Carlton D'Silva",
        "avatar_template": "/user_avatar/discourse.onlinedegree.iitm.ac.in/carlton/{size}/56317_2.png",
        "post_count": 1,
        "primary_group_name": "ds-students",
        "flair_name": "ds-students",
        "flair_url": null,
        "flair_color": "",
        "flair_bg_color": "",
        "flair_group_id": 294,
        "trust_level": 3
      },
      {
        "id": 39249,
        "username": "24f1001616",
        "name": "Dhruv Agrawal",
        "avatar_template": "/user_avatar/discourse.onlinedegree.iitm.ac.in/24f1001616/{size}/117988_2.png",
        "post_count": 1,
        "primary_group_name": "ds-students",
        "flair_name": "ds-students",
        "flair_url": null,
        "flair_color": "",
        "flair_bg_color": "",
        "flair_group_id": 294,
        "trust_level": 1
      }
    ],
    "created_by": {
      "id": 39249,
      "username": "24f1001616",
      "name": "Dhruv Agrawal",
      "avatar_template": "/user_avatar/discourse.onlinedegree.iitm.ac.in/24f1001616/{size}/117988_2.png"
    },
    "last_poster": {
      "id": 16094,
      "username": "carlton",
      "name": "Carlton D'Silva",
      "avatar_template": "/user_avatar/discourse.onlinedegree.iitm.ac.in/carlton/{size}/56317_2.png"
    }
  },
  "pending_posts": [],
  "bookmarks": []
}