{
  "post_stream": {
    "posts": [
      {
        "id": 599875,
        "name": "Anand S",
        "username": "s.anand",
        "avatar_template": "/user_avatar/discourse.onlinedegree.iitm.ac.in/s.anand/{size}/15264_2.png",
        "created_at": "2025-02-26T05:11:28.936Z",
        "cooked": "<p>A few updates on dates. Hope this eases pressure a little.</p>\n<ul>\n<li>Graded Assignment 6 moved from 14 Feb to 28 Feb 2025. Submission date moved from 9 Mar to 16 Mar 2025.</li>\n<li>Project 2 moved from 21 Feb to 3 Mar 2025. Submission date moved from 17 Mar to 31 Mar 2025.</li>\n<li>Graded Assignment 7 moved from 28 Feb to 7 Mar 2025. Submission date moved from 16 Mar to 26 Mar 2025.</li>\n<li>Project 1 results will be released by 16 Mar 2025.</li>\n</ul>\n<p>The <a href=\"https://tds.s-anand.net/\">TDS course page</a> now reflects these dates.</p>",
        "post_number": 1,
        "post_type": 1,
        "posts_count": 5,
        "updated_at": "2025-02-26T14:06:50.556Z",
        "reply_count": 0,
        "reply_to_post_number": null,
        "quote_count": 0,
        "incoming_link_count": 8,
        "reads": 205,
        "readers_count": 204,
        "score": 201.0,
        "yours": false,
        "topic_id": 168506,
        "topic_slug": "revised-dates-tds-jan-2025",
        "display_username": "Anand S",
        "primary_group_name": "faculty",
        "flair_name": "faculty",
        "flair_url": "chalkboard-user",
        "flair_bg_color": "f2c26e",
        "flair_color": "000",
        "flair_group_id": 54,
        "badges_granted": [],
        "version": 2,
        "can_edit": false,
        "can_delete": false,
        "can_recover": false,
        "can_see_hidden_post": false,
        "can_wiki": false,
        "link_counts": [
          {
            "url": "https://tds.s-anand.net/",
            "internal": false,
            "reflection": false,
            "title": "Tools in Data Science",
            "clicks": 27
          },
          {
            "url": "https://discourse.onlinedegree.iitm.ac.in/t/project-1-tds-score-not-showing-i/168916/2",
            "internal": true,
            "reflection": true,
            "title": "Project 1 tds score not showing i",
            "clicks": 2
          }
        ],
        "read": false,
        "user_title": "Course_faculty",
        "title_is_group": true,
        "bookmarked": false,
        "actions_summary": [
          {
            "id": 2,
            "count": 8,
            "can_act": true
          },
          {
            "id": 6,
            "can_act": true
          },
          {
            "id": 3,
            "can_act": true
          },
          {
            "id": 4,
            "can_act": true
          },
          {
            "id": 8,
            "can_act": true
          },
          {
            "id": 10,
            "can_act": true
          },
          {
            "id": 7,
            "can_act": true
          }
        ],
        "moderator": false,
        "admin": false,
        "staff": false,
        "user_id": 9419,
        "hidden": false,
        "trust_level": 4,
        "deleted_at": null,
        "user_deleted": false,
        "edit_reason": null,
        "can_view_edit_history": true,
        "wiki": false,
        "post_url": "/t/revised-dates-tds-jan-2025/168506/1",
        "user_cakedate": "2022-01-03",
        "reactions": [
          {
            "id": "heart",
            "type": "emoji",
            "count": 8
          }
        ],
        "current_user_reaction": null,
        "reaction_users_count": 8,
        "current_user_used_main_reaction": false,
        "can_accept_answer": false,
        "can_unaccept_answer": false,
        "accepted_answer": false,
        "topic_accepted_answer": null,
        "can_vote": false
      },
      {
        "id": 599880,
        "name": "Carlton D'Silva",
        "username": "carlton",
        "avatar_template": "/user_avatar/discourse.onlinedegree.iitm.ac.in/carlton/{size}/56317_2.png",
        "created_at": "2025-02-26T05:23:17.350Z",
        "cooked": "",
        "post_number": 2,
        "post_type": 3,
        "posts_count": 5,
        "updated_at": "2025-02-26T05:23:17.350Z",
        "reply_count": 0,
        "reply_to_post_number": null,
        "quote_count": 0,
        "incoming_link_count": 3,
        "reads": 187,
        "readers_count": 186,
        "score": 52.4,
        "yours": false,
        "topic_id": 168506,
        "topic_slug": "revised-dates-tds-jan-2025",
        "display_username": "Carlton D'Silva",
        "primary_group_name": "ds-students",
        "flair_name": "ds-students",
        "flair_url": null,
        "flair_bg_color": "",
        "flair_color": "",
        "flair_group_id": 294,
        "badges_granted": [],
        "version": 1,
        "can_edit": false,
        "can_delete": false,
        "can_recover": false,
        "can_see_hidden_post": false,
        "can_wiki": false,
        "read": false,
        "user_title": "Regular",
        "title_is_group": false,
        "bookmarked": false,
        "actions_summary": [
          {
            "id": 2,
            "can_act": true
          },
          {
            "id": 6,
            "can_act": true
          },
          {
            "id": 3,
            "can_act": true
          },
          {
            "id": 4,
            "can_act": true
          },
          {
            "id": 8,
            "can_act": true
          },
          {
            "id": 10,
            "can_act": true
          },
          {
            "id": 7,
            "can_act": true
          }
        ],
        "moderator": false,
        "admin": false,
        "staff": false,
        "group_moderator": true,
        "user_id": 16094,
        "hidden": false,
        "trust_level": 3,
        "deleted_at": null,
        "user_deleted": false,
        "edit_reason": null,
        "can_view_edit_history": true,
        "wiki": false,
        "action_code": "pinned.enabled",
        "post_url": "/t/revised-dates-tds-jan-2025/168506/2",
        "user_cakedate": "2023-01-25",
        "reactions": [],
        "current_user_reaction": null,
        "reaction_users_count": 0,
        "current_user_used_main_reaction": false,
        "can_accept_answer": false,
        "can_unaccept_answer": false,
        "accepted_answer": false,
        "topic_accepted_answer": null
      },
      {
        "id": 602240,
        "name": "Yogesh",
        "username": "Yogesh1",
        "avatar_template": "/user_avatar/discourse.onlinedegree.iitm.ac.in/yogesh1/{size}/32697_2.png",
        "created_at": "2025-03-02T09:03:36.547Z",
        "cooked": "<p><a class=\"mention\" href=\"/u/carlton\">@carlton</a> <a class=\"mention\" href=\"/u/s.anand\">@s.anand</a> I don’t see the link to GA6 on the course page.</p>",
        "post_number": 4,
        "post_type": 1,
        "posts_count": 5,
        "updated_at": "2025-03-02T09:03:36.547Z",
        "reply_count": 1,
        "reply_to_post_number": null,
        "quote_count": 0,
        "incoming_link_count": 2,
        "reads": 98,
        "readers_count": 97,
        "score": 34.6,
        "yours": false,
        "topic_id": 168506,
        "topic_slug": "revised-dates-tds-jan-2025",
        "display_username": "Yogesh",
        "primary_group_name": "ds-students",
        "flair_name": "ds-students",
        "flair_url": null,
        "flair_bg_color": "",
        "flair_color": "",
        "flair_group_id": 294,
        "badges_granted": [],
        "version": 1,
        "can_edit": false,
        "can_delete": false,
        "can_recover": false,
        "can_see_hidden_post": false,
        "can_wiki": false,
        "read": false,
        "user_title": null,
        "bookmarked": false,
        "actions_summary": [
          {
            "id": 2,
            "can_act": true
          },
          {
            "id": 6,
            "can_act": true
          },
          {
            "id": 3,
            "can_act": true
          },
          {
            "id": 4,
            "can_act": true
          },
          {
            "id": 8,
            "can_act": true
          },
          {
            "id": 10,
            "can_act": true
          },
          {
            "id": 7,
            "can_act": true
          }
        ],
        "moderator": false,
        "admin": false,
        "staff": false,
        "user_id": 7795,
        "hidden": false,
        "trust_level": 1,
        "deleted_at": null,
        "user_deleted": false,
        "edit_reason": null,
        "can_view_edit_history": true,
        "wiki": false,
        "post_url": "/t/revised-dates-tds-jan-2025/168506/4",
        "user_cakedate": "2021-10-14",
        "reactions": [],
        "current_user_reaction": null,
        "reaction_users_count": 0,
        "current_user_used_main_reaction": false,
        "can_accept_answer": false,
        "can_unaccept_answer": false,
        "accepted_answer": false,
        "topic_accepted_answer": null
      },
      {
        "id": 602286,
        "name": "Carlton D'Silva",
        "username": "carlton",
        "avatar_template": "/user_avatar/discourse.onlinedegree.iitm.ac.in/carlton/{size}/56317_2.png",
        "created_at": "2025-03-02T10:18:30.587Z",
        "cooked": "<p>Its in seek portal. Please login to your Dashboard and check.</p>",
        "post_number": 5,
        "post_type": 1,
        "posts_count": 5,
        "updated_at": "2025-03-02T10:18:30.587Z",
        "reply_count": 0,
        "reply_to_post_number": 4,
        "quote_count": 0,
        "incoming_link_count": 0,
        "reads": 90,
        "readers_count": 89,
        "score": 48.0,
        "yours": false,
        "topic_id": 168506,
        "topic_slug": "revised-dates-tds-jan-2025",
        "display_username": "Carlton D'Silva",
        "primary_group_name": "ds-students",
        "flair_name": "ds-students",
        "flair_url": null,
        "flair_bg_color": "",
        "flair_color": "",
        "flair_group_id": 294,
        "badges_granted": [],
        "version": 1,
        "can_edit": false,
        "can_delete": false,
        "can_recover": false,
        "can_see_hidden_post": false,
        "can_wiki": false,
        "read": false,
        "user_title": "Regular",
        "title_is_group": false,
        "reply_to_user": {
          "id": 7795,
          "username": "Yogesh1",
          "name": "Yogesh",
          "avatar_template": "/user_avatar/discourse.onlinedegree.iitm.ac.in/yogesh1/{size}/32697_2.png"
        },
        "bookmarked": false,
        "actions_summary": [
          {
            "id": 2,
            "count": 2,
            "can_act": true
          },
          {
            "id": 6,
            "can_act": true
          },
          {
            "id": 3,
            "can_act": true
          },
          {
            "id": 4,
            "can_act": true
          },
          {
            "id": 8,
            "can_act": true
          },
          {
            "id": 10,
            "can_act": true
          },
          {
            "id": 7,
            "can_act": true
          }
        ],
        "moderator": false,
        "admin": false,
        "staff": false,
        "group_moderator": true,
        "user_id": 16094,
        "hidden": false,
        "trust_level": 3,
        "deleted_at": null,
        "user_deleted": false,
        "edit_reason": null,
        "can_view_edit_history": true,
        "wiki": false,
        "post_url": "/t/revised-dates-tds-jan-2025/168506/5",
        "user_cakedate": "2023-01-25",
        "reactions": [
          {
            "id": "+1",
            "type": "emoji",
            "count": 1
          },
          {
            "id": "heart",
            "type": "emoji",
            "count": 1
          }
        ],
        "current_user_reaction": null,
        "reaction_users_count": 2,
        "current_user_used_main_reaction": false,
        "can_accept_answer": false,
        "can_unaccept_answer": false,
        "accepted_answer": false,
        "topic_accepted_answer": null
      },
      {
        "id": 605773,
        "name": "Jivraj Singh Shekhawat",
        "username": "Jivraj",
        "avatar_template": "/user_avatar/discourse.onlinedegree.iitm.ac.in/jivraj/{size}/135985_2.png",
        "created_at": "2025-03-11T22:37:17.459Z",
        "cooked": "<p>A post was merged into an existing topic: <a href=\"/t/graded-assignment-6/169283/11\">Graded assignment 6</a></p>",
        "post_number": 6,
        "post_type": 3,
        "posts_count": 5,
        "updated_at": "2025-03-11T22:37:17.459Z",
        "reply_count": 0,
        "reply_to_post_number": null,
        "quote_count": 0,
        "incoming_link_count": 0,
        "reads": 49,
        "readers_count": 48,
        "score": 9.8,
        "yours": false,
        "topic_id": 168506,
        "topic_slug": "revised-dates-tds-jan-2025",
        "display_username": "Jivraj Singh Shekhawat",
        "primary_group_name": "ds-students",
        "flair_name": "ds-students",
        "flair_url": null,
        "flair_bg_color": "",
        "flair_color": "",
        "flair_group_id": 294,
        "badges_granted": [],
        "version": 1,
        "can_edit": false,
        "can_delete": false,
        "can_recover": false,
        "can_see_hidden_post": false,
        "can_wiki": false,
        "link_counts": [
          {
            "url": "https://discourse.onlinedegree.iitm.ac.in/t/graded-assignment-6/169283/11",
            "internal": true,
            "reflection": false,
            "title": "Graded assignment 6",
            "clicks": 0
          },
          {
            "url": "https://discourse.onlinedegree.iitm.ac.in/t/project1-virtual-ta-discussion-thread-tds-may-2025/176077/516",
            "internal": true,
            "reflection": true,
            "title": "Project1 - Virtual TA - Discussion Thread [TDS May 2025]",
            "clicks": 0
          }
        ],
        "read": false,
        "user_title": "Course TA",
        "title_is_group": false,
        "bookmarked": false,
        "actions_summary": [
          {
            "id": 2,
            "can_act": true
          },
          {
            "id": 6,
            "can_act": true
          },
          {
            "id": 3,
            "can_act": true
          },
          {
            "id": 4,
            "can_act": true
          },
          {
            "id": 8,
            "can_act": true
          },
          {
            "id": 10,
            "can_act": true
          },
          {
            "id": 7,
            "can_act": true
          }
        ],
        "moderator": false,
        "admin": false,
        "staff": false,
        "group_moderator": true,
        "user_id": 15651,
        "hidden": false,
        "trust_level": 2,
        "deleted_at": null,
        "user_deleted": false,
        "edit_reason": null,
        "can_view_edit_history": true,
        "wiki": false,
        "action_code": "split_topic",
        "post_url": "/t/revised-dates-tds-jan-2025/168506/6",
        "user_cakedate": "2023-01-25",
        "reactions": [],
        "current_user_reaction": null,
        "reaction_users_count": 0,
        "current_user_used_main_reaction": false,
        "can_accept_answer": false,
        "can_unaccept_answer": false,
        "accepted_answer": false,
        "topic_accepted_answer": null
      }
    ],
    "stream": [
      599875,
      599880,
      602240,
      602286,
      605773
    ]
  },
  "timeline_lookup": [
    [
      1,
      264
    ],
    [
      3,
      260
    ],
    [
      5,
      250
    ]
  ],
  "suggested_topics": [
    {
      "fancy_title": "Submission Issue",
      "id": 191628,
      "title": "Submission Issue",
      "slug": "submission-issue",
      "posts_count": 1,
      "reply_count": 0,
      "highest_post_number": 1,
      "image_url": "https://europe1.discourse-cdn.com/flex013/uploads/iitm/optimized/3X/4/4/44dc3c61e92c828ce41f420245a133ac58e7488c_2_1024x576.png",
      "created_at": "2025-11-16T18:34:00.062Z",
      "last_posted_at": "2025-11-16T18:34:00.258Z",
      "bumped": true,
      "bumped_at": "2025-11-16T18:34:00.258Z",
      "archetype": "regular",
      "unseen": true,
      "pinned": false,
      "unpinned": null,
      "visible": true,
      "closed": false,
      "archived": false,
      "bookmarked": null,
      "liked": null,
      "tags": [
        "clarification",
        "operational",
        "term3-2025"
      ],
      "tags_descriptions": {},
      "like_count": 0,
      "views": 7,
      "category_id": 34,
      "featured_link": null,
      "has_accepted_answer": false,
      "posters": [
        {
          "extras": "latest single",
          "description": "Original Poster, Most Recent Poster",
          "user": {
            "id": 18836,
            "username": "23f2003033",
            "name": "Vedang Pawar",
            "avatar_template": "/user_avatar/discourse.onlinedegree.iitm.ac.in/23f2003033/{size}/67243_2.png",
            "primary_group_name": "ds-students",
            "flair_name": "ds-students",
            "flair_group_id": 294,
            "trust_level": 1
          }
        }
      ]
    }
  ],
  "tags": [
    "operational",
    "term1-2025",
    "announcement"
  ],
  "tags_descriptions": {},
  "fancy_title": "Revised dates [TDS Jan 2025]",
  "id": 168506,
  "title": "Revised dates [TDS Jan 2025]",
  "posts_count": 5,
  "created_at": "2025-02-26T05:11:28.731Z",
  "views": 346,
  "reply_count": 1,
  "like_count": 10,
  "last_posted_at": "2025-03-11T22:37:17.459Z",
  "visible": true,
  "closed": false,
  "archived": false,
  "has_summary": false,
  "archetype": "regular",
  "slug": "revised-dates-tds-jan-2025",
  "category_id": 34,
  "word_count": 139,
  "deleted_at": null,
  "user_id": 9419,
  "featured_link": null,
  "pinned_globally": false,
  "pinned_at": null,
  "pinned_until": null,
  "image_url": null,
  "slow_mode_seconds": 0,
  "draft": null,
  "draft_key": "topic_168506",
  "draft_sequence": 0,
  "posted": false,
  "unpinned": null,
  "pinned": false,
  "current_post_number": 1,
  "highest_post_number": 6,
  "last_read_post_number": null,
  "last_read_post_id": null,
  "deleted_by": null,
  "actions_summary": [
    {
      "id": 4,
      "count": 0,
      "hidden": false,
      "can_act": true
    },
    {
      "id": 8,
      "count": 0,
      "hidden": false,
      "can_act": true
    },
    {
      "id": 10,
      "count": 0,
      "hidden": false,
      "can_act": true
    },
    {
      "id": 7,
      "count": 0,
      "hidden": false,
      "can_act": true
    }
  ],
  "chunk_size": 20,
  "bookmarked": false,
  "topic_timer": null,
  "message_bus_last_id": 0,
  "participant_count": 3,
  "show_read_indicator": false,
  "thumbnails": null,
  "slow_mode_enabled_until": null,
  "tags_disable_ads": false,
  "related_topics": [
    {
      "fancy_title": "Project Work-1 : TDS",
      "id": 55448,
      "title": "Project Work-1 : TDS",
      "slug": "project-work-1-tds",
      "posts_count": 6,
      "reply_count": 3,
      "highest_post_number": 6,
      "image_url": null,
      "created_at": "2022-06-28T10:07:50.768Z",
      "last_posted_at": "2022-06-28T13:50:20.723Z",
      "bumped": true,
      "bumped_at": "2022-06-28T13:50:20.723Z",
      "archetype": "regular",
      "unseen": false,
      "pinned": false,
      "unpinned": null,
      "visible": true,
      "closed": false,
      "archived": false,
      "bookmarked": null,
      "liked": null,
      "tags": [
        "clarification"
      ],
      "tags_descriptions": {},
      "like_count": 2,
      "views": 128,
      "category_id": 34,
      "featured_link": null,
      "has_accepted_answer": false,
      "posters": [
        {
          "extras": null,
          "description": "Original Poster",
          "user": {
            "id": 686,
            "username": "nmaddala",
            "name": "Narayana Maddala",
            "avatar_template": "/user_avatar/discourse.onlinedegree.iitm.ac.in/nmaddala/{size}/67626_2.png",
            "primary_group_name": "ds-students",
            "flair_name": "ds-students",
            "flair_group_id": 294,
            "trust_level": 1
          }
        },
        {
          "extras": null,
          "description": "Frequent Poster",
          "user": {
            "id": 8147,
            "username": "22ds1000035",
            "name": "A.Srinivasa Reddy",
            "avatar_template": "/user_avatar/discourse.onlinedegree.iitm.ac.in/22ds1000035/{size}/12886_2.png",
            "primary_group_name": "ds-students",
            "flair_name": "ds-students",
            "flair_group_id": 294,
            "trust_level": 1
          }
        },
        {
          "extras": null,
          "description": "Frequent Poster",
          "user": {
            "id": 2076,
            "username": "lehani",
            "name": "lehani raj mohanta",
            "avatar_template": "/user_avatar/discourse.onlinedegree.iitm.ac.in/lehani/{size}/131523_2.png",
            "primary_group_name": "ds-students",
            "flair_name": "ds-students",
            "flair_group_id": 294,
            "trust_level": 1
          }
        },
        {
          "extras": null,
          "description": "Frequent Poster",
          "user": {
            "id": 1399,
            "username": "Vaidehi",
            "name": "Vaidehi ",
            "avatar_template": "/user_avatar/discourse.onlinedegree.iitm.ac.in/vaidehi/{size}/310_2.png",
            "primary_group_name": "ds-students",
            "flair_name": "ds-students",
            "flair_group_id": 294,
            "trust_level": 1
          }
        },
        {
          "extras": "latest",
          "description": "Most Recent Poster",
          "user": {
            "id": 8278,
            "username": "22ds1000219",
            "name": "Abhilasha ",
            "avatar_template": "/user_avatar/discourse.onlinedegree.iitm.ac.in/22ds1000219/{size}/12424_2.png",
            "primary_group_name": "ds-students",
            "flair_name": "ds-students",
            "flair_group_id": 294,
            "trust_level": 1
          }
        }
      ]
    },
    {
      "fancy_title": "Week 2 Assignment deadline",
      "id": 48677,
      "title": "Week 2 Assignment deadline",
      "slug": "week-2-assignment-deadline",
      "posts_count": 3,
      "reply_count": 0,
      "highest_post_number": 3,
      "image_url": null,
      "created_at": "2022-05-14T12:51:02.938Z",
      "last_posted_at": "2022-05-14T16:10:24.658Z",
      "bumped": true,
      "bumped_at": "2022-05-14T16:10:24.658Z",
      "archetype": "regular",
      "unseen": false,
      "pinned": false,
      "unpinned": null,
      "visible": true,
      "closed": false,
      "archived": false,
      "bookmarked": null,
      "liked": null,
      "tags": [
        "clarification",
        "week-2"
      ],
      "tags_descriptions": {},
      "like_count": 2,
      "views": 77,
      "category_id": 34,
      "featured_link": null,
      "has_accepted_answer": true,
      "posters": [
        {
          "extras": null,
          "description": "Original Poster",
          "user": {
            "id": 751,
            "username": "aarthi_76",
            "name": "Aarthi",
            "avatar_template": "/user_avatar/discourse.onlinedegree.iitm.ac.in/aarthi_76/{size}/295_2.png",
            "primary_group_name": "ds-students",
            "flair_name": "ds-students",
            "flair_group_id": 294,
            "trust_level": 1
          }
        },
        {
          "extras": null,
          "description": "Frequent Poster, Accepted Answer",
          "user": {
            "id": 5790,
            "username": "Abhi7",
            "name": "ABHISHEK SHARAN",
            "avatar_template": "/user_avatar/discourse.onlinedegree.iitm.ac.in/abhi7/{size}/12565_2.png",
            "primary_group_name": "ds-students",
            "flair_name": "ds-students",
            "flair_group_id": 294,
            "trust_level": 1
          }
        },
        {
          "extras": "latest",
          "description": "Most Recent Poster",
          "user": {
            "id": 8147,
            "username": "22ds1000035",
            "name": "A.Srinivasa Reddy",
            "avatar_template": "/user_avatar/discourse.onlinedegree.iitm.ac.in/22ds1000035/{size}/12886_2.png",
            "primary_group_name": "ds-students",
            "flair_name": "ds-students",
            "flair_group_id": 294,
            "trust_level": 1
          }
        }
      ]
    },
    {
      "fancy_title": "Take Home Project",
      "id": 55278,
      "title": "Take Home Project",
      "slug": "take-home-project",
      "posts_count": 12,
      "reply_count": 7,
      "highest_post_number": 13,
      "image_url": null,
      "created_at": "2022-06-27T05:29:23.129Z",
      "last_posted_at": "2022-06-28T14:31:02.932Z",
      "bumped": true,
      "bumped_at": "2022-06-28T14:31:02.932Z",
      "archetype": "regular",
      "unseen": false,
      "pinned": false,
      "unpinned": null,
      "visible": true,
      "closed": false,
      "archived": false,
      "bookmarked": null,
      "liked": null,
      "tags": [
        "clarification"
      ],
      "tags_descriptions": {},
      "like_count": 6,
      "views": 214,
      "category_id": 34,
      "featured_link": null,
      "has_accepted_answer": false,
      "posters": [
        {
          "extras": null,
          "description": "Original Poster",
          "user": {
            "id": 8278,
            "username": "22ds1000219",
            "name": "Abhilasha ",
            "avatar_template": "/user_avatar/discourse.onlinedegree.iitm.ac.in/22ds1000219/{size}/12424_2.png",
            "primary_group_name": "ds-students",
            "flair_name": "ds-students",
            "flair_group_id": 294,
            "trust_level": 1
          }
        },
        {
          "extras": null,
          "description": "Frequent Poster",
          "user": {
            "id": 1689,
            "username": "ckg",
            "name": "Cherian George",
            "avatar_template": "/user_avatar/discourse.onlinedegree.iitm.ac.in/ckg/{size}/19464_2.png",
            "primary_group_name": "ds-students",
            "flair_name": "ds-students",
            "flair_group_id": 294,
            "trust_level": 1
          }
        },
        {
          "extras": null,
          "description": "Frequent Poster",
          "user": {
            "id": 1399,
            "username": "Vaidehi",
            "name": "Vaidehi ",
            "avatar_template": "/user_avatar/discourse.onlinedegree.iitm.ac.in/vaidehi/{size}/310_2.png",
            "primary_group_name": "ds-students",
            "flair_name": "ds-students",
            "flair_group_id": 294,
            "trust_level": 1
          }
        },
        {
          "extras": null,
          "description": "Frequent Poster",
          "user": {
            "id": 3600,
            "username": "21f1005996",
            "name": "manu pandit",
            "avatar_template": "/user_avatar/discourse.onlinedegree.iitm.ac.in/21f1005996/{size}/807_2.png",
            "primary_group_name": "ds-students",
            "flair_name": "ds-students",
            "flair_group_id": 294,
            "trust_level": 1
          }
        },
        {
          "extras": "latest",
          "description": "Most Recent Poster",
          "user": {
            "id": 1762,
            "username": "pphep",
            "name": "Pooja Pareek",
            "avatar_template": "/user_avatar/discourse.onlinedegree.iitm.ac.in/pphep/{size}/161_2.png",
            "primary_group_name": "ds-students",
            "flair_name": "ds-students",
            "flair_group_id": 294,
            "trust_level": 1
          }
        }
      ]
    },
    {
      "fancy_title": "Error in Graded Assignment 6b of Tools in Data Science Course",
      "id": 124161,
      "title": "Error in Graded Assignment 6b of Tools in Data Science Course",
      "slug": "error-in-graded-assignment-6b-of-tools-in-data-science-course",
      "posts_count": 2,
      "reply_count": 0,
      "highest_post_number": 2,
      "image_url": "https://europe1.discourse-cdn.com/flex013/uploads/iitm/optimized/3X/1/7/17efd6f469d1ac85c3ce8efa0052e5d342f91311_2_1024x511.png",
      "created_at": "2024-03-16T18:32:58.434Z",
      "last_posted_at": "2024-03-17T08:54:17.725Z",
      "bumped": true,
      "bumped_at": "2024-03-17T08:54:17.725Z",
      "archetype": "regular",
      "unseen": false,
      "pinned": false,
      "unpinned": null,
      "visible": true,
      "closed": false,
      "archived": false,
      "bookmarked": null,
      "liked": null,
      "tags": [
        "miscellaneous",
        "operational",
        "diploma-level"
      ],
      "tags_descriptions": {},
      "like_count": 2,
      "views": 76,
      "category_id": 34,
      "featured_link": null,
      "has_accepted_answer": false,
      "posters": [
        {
          "extras": null,
          "description": "Original Poster",
          "user": {
            "id": 15786,
            "username": "Aryan_Chowdhary",
            "name": "Aryan Chowdhary",
            "avatar_template": "/user_avatar/discourse.onlinedegree.iitm.ac.in/aryan_chowdhary/{size}/110652_2.png",
            "primary_group_name": "ds-students",
            "flair_name": "ds-students",
            "flair_group_id": 294,
            "trust_level": 1
          }
        },
        {
          "extras": "latest",
          "description": "Most Recent Poster",
          "user": {
            "id": 7946,
            "username": "GKay",
            "name": "21f3002029",
            "avatar_template": "/user_avatar/discourse.onlinedegree.iitm.ac.in/gkay/{size}/56132_2.png",
            "primary_group_name": "ds-students",
            "flair_name": "ds-students",
            "flair_group_id": 294,
            "trust_level": 1
          }
        }
      ]
    },
    {
      "fancy_title": "Graded Assignment Submission date",
      "id": 50069,
      "title": "Graded Assignment Submission date",
      "slug": "graded-assignment-submission-date",
      "posts_count": 5,
      "reply_count": 2,
      "highest_post_number": 5,
      "image_url": null,
      "created_at": "2022-05-24T18:06:02.611Z",
      "last_posted_at": "2022-05-27T16:41:35.447Z",
      "bumped": true,
      "bumped_at": "2022-05-27T16:41:35.447Z",
      "archetype": "regular",
      "unseen": false,
      "pinned": false,
      "unpinned": null,
      "visible": true,
      "closed": false,
      "archived": false,
      "bookmarked": null,
      "liked": null,
      "tags": [
        "clarification"
      ],
      "tags_descriptions": {},
      "like_count": 2,
      "views": 68,
      "category_id": 24,
      "featured_link": null,
      "has_accepted_answer": false,
      "posters": [
        {
          "extras": null,
          "description": "Original Poster",
          "user": {
            "id": 12770,
            "username": "SONAM_SHARMA",
            "name": "SONAM SHARMA",
            "avatar_template": "/user_avatar/discourse.onlinedegree.iitm.ac.in/sonam_sharma/{size}/13359_2.png",
            "primary_group_name": "ds-students",
            "flair_name": "ds-students",
            "flair_group_id": 294,
            "trust_level": 1
          }
        },
        {
          "extras": null,
          "description": "Frequent Poster",
          "user": {
            "id": 2450,
            "username": "Evie",
            "name": "Shweta",
            "avatar_template": "/user_avatar/discourse.onlinedegree.iitm.ac.in/evie/{size}/189_2.png",
            "primary_group_name": "ds-students",
            "flair_name": "ds-students",
            "flair_group_id": 294,
            "trust_level": 1
          }
        },
        {
          "extras": null,
          "description": "Frequent Poster",
          "user": {
            "id": 6871,
            "username": "21f2000560",
            "name": "Debashree Nandi",
            "avatar_template": "/user_avatar/discourse.onlinedegree.iitm.ac.in/21f2000560/{size}/1199_2.png",
            "primary_group_name": "ds-students",
            "flair_name": "ds-students",
            "flair_group_id": 294,
            "trust_level": 1
          }
        },
        {
          "extras": null,
          "description": "Frequent Poster",
          "user": {
            "id": 2102,
            "username": "Saketh",
            "name": "Saketh",
            "avatar_template": "/user_avatar/discourse.onlinedegree.iitm.ac.in/saketh/{size}/59_2.png",
            "primary_group_name": "ds-students",
            "flair_name": "ds-students",
            "flair_group_id": 294,
            "trust_level": 1
          }
        },
        {
          "extras": "latest",
          "description": "Most Recent Poster",
          "user": {
            "id": 3935,
            "username": "vikramjncasr",
            "name": "Vikram Suriyanarayanan",
            "avatar_template": "/user_avatar/discourse.onlinedegree.iitm.ac.in/vikramjncasr/{size}/1844_2.png",
            "primary_group_name": "ds-students",
            "flair_name": "ds-students",
            "flair_group_id": 294,
            "trust_level": 1
          }
        }
      ]
    }
  ],
  "summarizable": true,
  "valid_reactions": [
    "heart",
    "+1",
    "laughing",
    "open_mouth",
    "clap",
    "confetti_ball",
    "rocket",
    "-1"
  ],
  "can_vote": false,
  "vote_count": 0,
  "user_voted": false,
  "discourse_zendesk_plugin_zendesk_id": null,
  "discourse_zendesk_plugin_zendesk_url": "https://your-url.zendesk.com/agent/tickets/",
  "details": {
    "can_edit": false,
    "notification_level": 1,
    "notifications_reason_id": null,
    "can_create_post": true,
    "can_reply_as_new_topic": true,
    "can_flag_topic": true,
    "participants": [
      {
        "id": 9419,
        "username": "s.anand",
        "name": "Anand S",
        "avatar_template": "/user_avatar/discourse.onlinedegree.iitm.ac.in/s.anand/{size}/15264_2.png",
        "post_count": 1,
        "primary_group_name": "faculty",
        "flair_name": "faculty",
        "flair_url": "chalkboard-user",
        "flair_color": "000",
        "flair_bg_color": "f2c26e",
        "flair_group_id": 54,
        "trust_level": 4
      },
      {
        "id": 16094,
        "username": "carlton",
        "name": "Carlton D'Silva",
        "avatar_template": "/user_avatar/discourse.onlinedegree.iitm.ac.in/carlton/{size}/56317_2.png",
        "post_count": 1,
        "primary_group_name": "ds-students",
        "flair_name": "ds-students",
        "flair_url": null,
        "flair_color": "",
        "flair_bg_color": "",
        "flair_group_id": 294,
        "trust_level": 3
      },
      {
        "id": 7795,
        "username": "Yogesh1",
        "name": "Yogesh",
        "avatar_template": "/user_avatar/discourse.onlinedegree.iitm.ac.in/yogesh1/{size}/32697_2.png",
        "post_count": 1,
        "primary_group_name": "ds-students",
        "flair_name": "ds-students",
        "flair_url": null,
        "flair_color": "",
        "flair_bg_color": "",
        "flair_group_id": 294,
        "trust_level": 1
      }
    ],
    "created_by": {
      "id": 9419,
      "username": "s.anand",
      "name": "Anand S",
      "avatar_template": "/user_avatar/discourse.onlinedegree.iitm.ac.in/s.anand/{size}/15264_2.png"
    },
    "last_poster": {
      "id": 15651,
      "username": "Jivraj",
      "name": "Jivraj Singh Shekhawat",
      "avatar_template": "/user_avatar/discourse.onlinedegree.iitm.ac.in/jivraj/{size}/135985_2.png"
    },
    "links": [
      {
        "url": "https://tds.s-anand.net/",
        "title": "Tools in Data Science",
        "internal": false,
        "attachment": false,
        "reflection": false,
        "clicks": 27,
        "user_id": 9419,
        "domain": "tds.s-anand.net",
        "root_domain": "s-anand.net"
      },
      {
        "url": "https://discourse.onlinedegree.iitm.ac.in/t/project-1-tds-score-not-showing-i/168916/2",
        "title": "Project 1 tds score not showing i",
        "internal": true,
        "attachment": false,
        "reflection": true,
        "clicks": 2,
        "user_id": 17862,
        "domain": "discourse.onlinedegree.iitm.ac.in",
        "root_domain": "iitm.ac.in"
      }
    ]
  },
  "pending_posts": [],
  "bookmarks": []
}