{
  "post_stream": {
    "posts": [
      {
        "id": 613806,
        "name": "Akula Raja Rajeshwari",
        "username": "raji_13",
        "avatar_template": "/user_avatar/discourse.onlinedegree.iitm.ac.in/raji_13/{size}/110182_2.png",
        "created_at": "2025-03-31T09:36:18.418Z",
        "cooked": "<p>I am really facing difficulty completing Project 2 on time as we had our OPPE exam yesterday, and the past week was dedicated to preparing for it. Additionally, due to an unforeseen emergency, I was unable to write the ROE exam, which resulted in lost marks. This makes it even more crucial for me to perform well in this project to make up for it.</p>\n<p>I sincerely request if it would be possible to extend the deadline by 2 days. This would allow me to put in my best effort and submit quality work. I truly value this opportunity and would be extremely grateful for your consideration.</p>\n<p>Thank you for your time and understanding.</p>",
        "post_number": 1,
        "post_type": 1,
        "posts_count": 2,
        "updated_at": "2025-03-31T09:36:18.418Z",
        "reply_count": 0,
        "reply_to_post_number": null,
        "quote_count": 0,
        "incoming_link_count": 3,
        "reads": 136,
        "readers_count": 135,
        "score": 207.2,
        "yours": false,
        "topic_id": 171428,
        "topic_slug": "request-for-extension-on-tds-project-2-deadline",
        "display_username": "Akula Raja Rajeshwari",
        "primary_group_name": "ds-students",
        "flair_name": "ds-students",
        "flair_url": null,
        "flair_bg_color": "",
        "flair_color": "",
        "flair_group_id": 294,
        "badges_granted": [],
        "version": 1,
        "can_edit": false,
        "can_delete": false,
        "can_recover": false,
        "can_see_hidden_post": false,
        "can_wiki": false,
        "read": true,
        "user_title": null,
        "bookmarked": false,
        "actions_summary": [
          {
            "id": 2,
            "count": 11,
            "can_act": true
          },
          {
            "id": 6,
            "can_act": true
          },
          {
            "id": 3,
            "can_act": true
          },
          {
            "id": 4,
            "can_act": true
          },
          {
            "id": 8,
            "can_act": true
          },
          {
            "id": 10,
            "can_act": true
          },
          {
            "id": 7,
            "can_act": true
          }
        ],
        "moderator": false,
        "admin": false,
        "staff": false,
        "user_id": 26558,
        "hidden": false,
        "trust_level": 0,
        "deleted_at": null,
        "user_deleted": false,
        "edit_reason": null,
        "can_view_edit_history": true,
        "wiki": false,
        "post_url": "/t/request-for-extension-on-tds-project-2-deadline/171428/1",
        "user_cakedate": "2024-02-01",
        "reactions": [
          {
            "id": "heart",
            "type": "emoji",
            "count": 8
          },
          {
            "id": "+1",
            "type": "emoji",
            "count": 3
          }
        ],
        "current_user_reaction": null,
        "reaction_users_count": 11,
        "current_user_used_main_reaction": false,
        "can_accept_answer": false,
        "can_unaccept_answer": false,
        "accepted_answer": false,
        "topic_accepted_answer": null,
        "can_vote": false
      },
      {
        "id": 613975,
        "name": "Ritwik Trivedi",
        "username": "22f1000120",
        "avatar_template": "/user_avatar/discourse.onlinedegree.iitm.ac.in/22f1000120/{size}/119261_2.png",
        "created_at": "2025-03-31T18:25:33.133Z",
        "cooked": "<p>A little more time will help us deploy properly as well. <a class=\"mention\" href=\"/u/carlton\">@carlton</a> <a class=\"mention\" href=\"/u/jivraj\">@Jivraj</a> please allow for some more time. Even when working in groups and mixing and matching code… the real messy work is debugging and deployment due to the sheer variety of it. Some are deploying on AWS, some on scalingo, some on Digitalocean, some on Render, some on Azure… even helping amongst ourselves is getting complex because of this.</p>",
        "post_number": 2,
        "post_type": 1,
        "posts_count": 2,
        "updated_at": "2025-03-31T18:25:33.133Z",
        "reply_count": 0,
        "reply_to_post_number": null,
        "quote_count": 0,
        "incoming_link_count": 0,
        "reads": 78,
        "readers_count": 77,
        "score": 45.6,
        "yours": false,
        "topic_id": 171428,
        "topic_slug": "request-for-extension-on-tds-project-2-deadline",
        "display_username": "Ritwik Trivedi",
        "primary_group_name": "ds-students",
        "flair_name": "ds-students",
        "flair_url": null,
        "flair_bg_color": "",
        "flair_color": "",
        "flair_group_id": 294,
        "badges_granted": [],
        "version": 1,
        "can_edit": false,
        "can_delete": false,
        "can_recover": false,
        "can_see_hidden_post": false,
        "can_wiki": false,
        "read": true,
        "user_title": null,
        "bookmarked": false,
        "actions_summary": [
          {
            "id": 2,
            "count": 2,
            "can_act": true
          },
          {
            "id": 6,
            "can_act": true
          },
          {
            "id": 3,
            "can_act": true
          },
          {
            "id": 4,
            "can_act": true
          },
          {
            "id": 8,
            "can_act": true
          },
          {
            "id": 10,
            "can_act": true
          },
          {
            "id": 7,
            "can_act": true
          }
        ],
        "moderator": false,
        "admin": false,
        "staff": false,
        "user_id": 8725,
        "hidden": false,
        "trust_level": 1,
        "deleted_at": null,
        "user_deleted": false,
        "edit_reason": null,
        "can_view_edit_history": true,
        "wiki": false,
        "post_url": "/t/request-for-extension-on-tds-project-2-deadline/171428/2",
        "user_cakedate": "2021-12-30",
        "reactions": [
          {
            "id": "heart",
            "type": "emoji",
            "count": 2
          }
        ],
        "current_user_reaction": null,
        "reaction_users_count": 2,
        "current_user_used_main_reaction": false,
        "can_accept_answer": false,
        "can_unaccept_answer": false,
        "accepted_answer": false,
        "topic_accepted_answer": null
      }
    ],
    "stream": [
      613806,
      613975
    ]
  },
  "timeline_lookup": [
    [
      1,
      231
    ],
    [
      2,
      230
    ]
  ],
  "suggested_topics": [
    {
      "fancy_title": "Submission Issue",
      "id": 191628,
      "title": "Submission Issue",
      "slug": "submission-issue",
      "posts_count": 1,
      "reply_count": 0,
      "highest_post_number": 1,
      "image_url": "https://europe1.discourse-cdn.com/flex013/uploads/iitm/optimized/3X/4/4/44dc3c61e92c828ce41f420245a133ac58e7488c_2_1024x576.png",
      "created_at": "2025-11-16T18:34:00.062Z",
      "last_posted_at": "2025-11-16T18:34:00.258Z",
      "bumped": true,
      "bumped_at": "2025-11-16T18:34:00.258Z",
      "archetype": "regular",
      "unseen": true,
      "pinned": false,
      "unpinned": null,
      "visible": true,
      "closed": false,
      "archived": false,
      "bookmarked": null,
      "liked": null,
      "tags": [
        "clarification",
        "operational",
        "term3-2025"
      ],
      "tags_descriptions": {},
      "like_count": 0,
      "views": 7,
      "category_id": 34,
      "featured_link": null,
      "has_accepted_answer": false,
      "posters": [
        {
          "extras": "latest single",
          "description": "Original Poster, Most Recent Poster",
          "user": {
            "id": 18836,
            "username": "23f2003033",
            "name": "Vedang Pawar",
            "avatar_template": "/user_avatar/discourse.onlinedegree.iitm.ac.in/23f2003033/{size}/67243_2.png",
            "primary_group_name": "ds-students",
            "flair_name": "ds-students",
            "flair_group_id": 294,
            "trust_level": 1
          }
        }
      ]
    }
  ],
  "tags": [
    "diploma-level",
    "tds-project-2"
  ],
  "tags_descriptions": {},
  "fancy_title": "Request for Extension on TDS Project 2 Deadline",
  "id": 171428,
  "title": "Request for Extension on TDS Project 2 Deadline",
  "posts_count": 2,
  "created_at": "2025-03-31T09:36:18.178Z",
  "views": 155,
  "reply_count": 0,
  "like_count": 13,
  "last_posted_at": "2025-03-31T18:25:33.133Z",
  "visible": true,
  "closed": false,
  "archived": false,
  "has_summary": false,
  "archetype": "regular",
  "slug": "request-for-extension-on-tds-project-2-deadline",
  "category_id": 34,
  "word_count": 185,
  "deleted_at": null,
  "user_id": 26558,
  "featured_link": null,
  "pinned_globally": false,
  "pinned_at": null,
  "pinned_until": null,
  "image_url": null,
  "slow_mode_seconds": 0,
  "draft": null,
  "draft_key": "topic_171428",
  "draft_sequence": 0,
  "posted": false,
  "unpinned": null,
  "pinned": false,
  "current_post_number": 1,
  "highest_post_number": 2,
  "last_read_post_number": 2,
  "last_read_post_id": 613975,
  "deleted_by": null,
  "actions_summary": [
    {
      "id": 4,
      "count": 0,
      "hidden": false,
      "can_act": true
    },
    {
      "id": 8,
      "count": 0,
      "hidden": false,
      "can_act": true
    },
    {
      "id": 10,
      "count": 0,
      "hidden": false,
      "can_act": true
    },
    {
      "id": 7,
      "count": 0,
      "hidden": false,
      "can_act": true
    }
  ],
  "chunk_size": 20,
  "bookmarked": false,
  "topic_timer": null,
  "message_bus_last_id": 0,
  "participant_count": 2,
  "show_read_indicator": false,
  "thumbnails": null,
  "slow_mode_enabled_until": null,
  "tags_disable_ads": false,
  "related_topics": [
    {
      "fancy_title": "Request for extending the deadline of Project 2",
      "id": 42487,
      "title": "Request for extending the deadline of Project 2",
      "slug": "request-for-extending-the-deadline-of-project-2",
      "posts_count": 2,
      "reply_count": 0,
      "highest_post_number": 2,
      "image_url": null,
      "created_at": "2022-03-28T12:31:48.800Z",
      "last_posted_at": "2022-03-28T14:32:24.240Z",
      "bumped": true,
      "bumped_at": "2022-03-28T14:32:24.240Z",
      "archetype": "regular",
      "unseen": false,
      "pinned": false,
      "unpinned": null,
      "visible": true,
      "closed": false,
      "archived": false,
      "bookmarked": null,
      "liked": null,
      "tags": [
        "clarification"
      ],
      "tags_descriptions": {},
      "like_count": 1,
      "views": 66,
      "category_id": 34,
      "featured_link": null,
      "has_accepted_answer": false,
      "posters": [
        {
          "extras": null,
          "description": "Original Poster",
          "user": {
            "id": 1613,
            "username": "Caped_Crusader",
            "name": "Pranjal Dubey",
            "avatar_template": "/user_avatar/discourse.onlinedegree.iitm.ac.in/caped_crusader/{size}/637_2.png",
            "primary_group_name": "ds-students",
            "flair_name": "ds-students",
            "flair_group_id": 294,
            "trust_level": 1
          }
        },
        {
          "extras": "latest",
          "description": "Most Recent Poster",
          "user": {
            "id": 4797,
            "username": "Holonium",
            "name": "Tanmay",
            "avatar_template": "/user_avatar/discourse.onlinedegree.iitm.ac.in/holonium/{size}/950_2.png",
            "primary_group_name": "ds-students",
            "flair_name": "ds-students",
            "flair_group_id": 294,
            "trust_level": 1
          }
        }
      ]
    },
    {
      "fancy_title": "Request for Extension of Project-2 Deadline",
      "id": 158645,
      "title": "Request for Extension of Project-2 Deadline",
      "slug": "request-for-extension-of-project-2-deadline",
      "posts_count": 10,
      "reply_count": 4,
      "highest_post_number": 10,
      "image_url": null,
      "created_at": "2024-12-10T16:17:54.996Z",
      "last_posted_at": "2024-12-11T17:23:08.845Z",
      "bumped": true,
      "bumped_at": "2024-12-11T17:23:08.845Z",
      "archetype": "regular",
      "unseen": false,
      "pinned": false,
      "unpinned": null,
      "visible": true,
      "closed": false,
      "archived": false,
      "bookmarked": null,
      "liked": null,
      "tags": [
        "operational",
        "tds-project-2"
      ],
      "tags_descriptions": {},
      "like_count": 16,
      "views": 206,
      "category_id": 34,
      "featured_link": null,
      "has_accepted_answer": false,
      "posters": [
        {
          "extras": null,
          "description": "Original Poster",
          "user": {
            "id": 16339,
            "username": "HimanshuSaini",
            "name": "Himanshu Saini",
            "avatar_template": "https://avatars.discourse-cdn.com/v4/letter/h/b5a626/{size}.png",
            "primary_group_name": "ds-students",
            "flair_name": "ds-students",
            "flair_group_id": 294,
            "trust_level": 1
          }
        },
        {
          "extras": null,
          "description": "Frequent Poster",
          "user": {
            "id": 34386,
            "username": "23f2001177",
            "name": "Arnav M",
            "avatar_template": "/user_avatar/discourse.onlinedegree.iitm.ac.in/23f2001177/{size}/67405_2.png",
            "primary_group_name": "ds-students",
            "flair_name": "ds-students",
            "flair_group_id": 294,
            "trust_level": 1
          }
        },
        {
          "extras": null,
          "description": "Frequent Poster",
          "user": {
            "id": 16094,
            "username": "carlton",
            "name": "Carlton D'Silva",
            "avatar_template": "/user_avatar/discourse.onlinedegree.iitm.ac.in/carlton/{size}/56317_2.png",
            "primary_group_name": "ds-students",
            "flair_name": "ds-students",
            "flair_group_id": 294,
            "trust_level": 3
          }
        },
        {
          "extras": null,
          "description": "Frequent Poster",
          "user": {
            "id": 21487,
            "username": "siddhantbapna",
            "name": "Siddhant Bapna",
            "avatar_template": "/user_avatar/discourse.onlinedegree.iitm.ac.in/siddhantbapna/{size}/66738_2.png",
            "primary_group_name": "ds-students",
            "flair_name": "ds-students",
            "flair_group_id": 294,
            "trust_level": 1
          }
        },
        {
          "extras": "latest",
          "description": "Most Recent Poster",
          "user": {
            "id": 24636,
            "username": "23f2001127",
            "name": "Antareep Ghosh ",
            "avatar_template": "/user_avatar/discourse.onlinedegree.iitm.ac.in/23f2001127/{size}/66756_2.png",
            "primary_group_name": "ds-students",
            "flair_name": "ds-students",
            "flair_group_id": 294,
            "trust_level": 1
          }
        }
      ]
    },
    {
      "fancy_title": "Deadlines on Weekdays - TDS Project",
      "id": 112272,
      "title": "Deadlines on Weekdays - TDS Project",
      "slug": "deadlines-on-weekdays-tds-project",
      "posts_count": 1,
      "reply_count": 0,
      "highest_post_number": 1,
      "image_url": null,
      "created_at": "2023-12-17T06:10:41.851Z",
      "last_posted_at": "2023-12-17T06:10:42.018Z",
      "bumped": true,
      "bumped_at": "2023-12-17T06:10:42.018Z",
      "archetype": "regular",
      "unseen": false,
      "pinned": false,
      "unpinned": null,
      "visible": true,
      "closed": false,
      "archived": false,
      "bookmarked": null,
      "liked": null,
      "tags": [
        "clarification",
        "miscellaneous",
        "operational"
      ],
      "tags_descriptions": {},
      "like_count": 0,
      "views": 50,
      "category_id": 34,
      "featured_link": null,
      "has_accepted_answer": false,
      "posters": [
        {
          "extras": "latest single",
          "description": "Original Poster, Most Recent Poster",
          "user": {
            "id": 7956,
            "username": "21f3002763",
            "name": "Vaibhav Tokas",
            "avatar_template": "/user_avatar/discourse.onlinedegree.iitm.ac.in/21f3002763/{size}/13496_2.png",
            "primary_group_name": "ds-students",
            "flair_name": "ds-students",
            "flair_group_id": 294,
            "trust_level": 1
          }
        }
      ]
    },
    {
      "fancy_title": "TDS Project 1 - Could you please extend submission date due to OPPE and ROE",
      "id": 109629,
      "title": "TDS Project 1 - Could you please extend submission date due to OPPE and ROE",
      "slug": "tds-project-1-could-you-please-extend-submission-date-due-to-oppe-and-roe",
      "posts_count": 5,
      "reply_count": 4,
      "highest_post_number": 11,
      "image_url": null,
      "created_at": "2023-11-18T05:18:37.648Z",
      "last_posted_at": "2023-11-20T07:50:31.488Z",
      "bumped": true,
      "bumped_at": "2023-11-20T02:30:47.427Z",
      "archetype": "regular",
      "unseen": false,
      "pinned": false,
      "unpinned": null,
      "visible": true,
      "closed": true,
      "archived": false,
      "bookmarked": null,
      "liked": null,
      "tags": [
        "tds-project-1"
      ],
      "tags_descriptions": {},
      "like_count": 10,
      "views": 240,
      "category_id": 34,
      "featured_link": null,
      "has_accepted_answer": true,
      "posters": [
        {
          "extras": null,
          "description": "Original Poster",
          "user": {
            "id": 15169,
            "username": "pramod.krishnan",
            "name": "Pramod Krishnan ",
            "avatar_template": "/user_avatar/discourse.onlinedegree.iitm.ac.in/pramod.krishnan/{size}/13977_2.png",
            "primary_group_name": "ds-students",
            "flair_name": "ds-students",
            "flair_group_id": 294,
            "trust_level": 1
          }
        },
        {
          "extras": "latest",
          "description": "Most Recent Poster, Accepted Answer",
          "user": {
            "id": 4999,
            "username": "Gangsta123",
            "name": "Jeevan Aji George",
            "avatar_template": "/user_avatar/discourse.onlinedegree.iitm.ac.in/gangsta123/{size}/7529_2.png",
            "primary_group_name": "ds-students",
            "flair_name": "ds-students",
            "flair_group_id": 294,
            "trust_level": 1
          }
        },
        {
          "extras": null,
          "description": "Frequent Poster",
          "user": {
            "id": 9267,
            "username": "a.gram",
            "name": "Aathesh Vigram",
            "avatar_template": "/user_avatar/discourse.onlinedegree.iitm.ac.in/a.gram/{size}/13890_2.png",
            "primary_group_name": "ds-students",
            "flair_name": "ds-students",
            "flair_group_id": 294,
            "trust_level": 1
          }
        }
      ]
    },
    {
      "fancy_title": "Extension of deadline for TDS - Project 1",
      "id": 156153,
      "title": "Extension of deadline for TDS - Project 1",
      "slug": "extension-of-deadline-for-tds-project-1",
      "posts_count": 1,
      "reply_count": 0,
      "highest_post_number": 1,
      "image_url": null,
      "created_at": "2024-11-11T19:57:43.110Z",
      "last_posted_at": "2024-11-11T19:57:43.392Z",
      "bumped": true,
      "bumped_at": "2024-11-11T19:57:43.392Z",
      "archetype": "regular",
      "unseen": false,
      "pinned": false,
      "unpinned": null,
      "visible": true,
      "closed": false,
      "archived": false,
      "bookmarked": null,
      "liked": null,
      "tags": [
        "miscellaneous",
        "operational",
        "diploma-level",
        "discourse-forum",
        "feature-request"
      ],
      "tags_descriptions": {},
      "like_count": 0,
      "views": 115,
      "category_id": 34,
      "featured_link": null,
      "has_accepted_answer": false,
      "posters": [
        {
          "extras": "latest single",
          "description": "Original Poster, Most Recent Poster",
          "user": {
            "id": 16244,
            "username": "22f3000774",
            "name": "Aditya Raj Sahu",
            "avatar_template": "/user_avatar/discourse.onlinedegree.iitm.ac.in/22f3000774/{size}/93022_2.png",
            "primary_group_name": "ds-students",
            "flair_name": "ds-students",
            "flair_group_id": 294,
            "trust_level": 0
          }
        }
      ]
    }
  ],
  "summarizable": true,
  "valid_reactions": [
    "heart",
    "+1",
    "laughing",
    "open_mouth",
    "clap",
    "confetti_ball",
    "rocket",
    "-1"
  ],
  "can_vote": false,
  "vote_count": 0,
  "user_voted": false,
  "discourse_zendesk_plugin_zendesk_id": null,
  "discourse_zendesk_plugin_zendesk_url": "https://your-url.zendesk.com/agent/tickets/",
  "details": {
    "can_edit": false,
    "notification_level": 1,
    "notifications_reason_id": null,
    "can_create_post": true,
    "can_reply_as_new_topic": true,
    "can_flag_topic": true,
    "participants": [
      {
        "id": 8725,
        "username": "22f1000120",
        "name": "Ritwik Trivedi",
        "avatar_template": "/user_avatar/discourse.onlinedegree.iitm.ac.in/22f1000120/{size}/119261_2.png",
        "post_count": 1,
        "primary_group_name": "ds-students",
        "flair_name": "ds-students",
        "flair_url": null,
        "flair_color": "",
        "flair_bg_color": "",
        "flair_group_id": 294,
        "trust_level": 1
      },
      {
        "id": 26558,
        "username": "raji_13",
        "name": "Akula Raja Rajeshwari",
        "avatar_template": "/user_avatar/discourse.onlinedegree.iitm.ac.in/raji_13/{size}/110182_2.png",
        "post_count": 1,
        "primary_group_name": "ds-students",
        "flair_name": "ds-students",
        "flair_url": null,
        "flair_color": "",
        "flair_bg_color": "",
        "flair_group_id": 294,
        "trust_level": 0
      }
    ],
    "created_by": {
      "id": 26558,
      "username": "raji_13",
      "name": "Akula Raja Rajeshwari",
      "avatar_template": "/user_avatar/discourse.onlinedegree.iitm.ac.in/raji_13/{size}/110182_2.png"
    },
    "last_poster": {
      "id": 8725,
      "username": "22f1000120",
      "name": "Ritwik Trivedi",
      "avatar_template": "/user_avatar/discourse.onlinedegree.iitm.ac.in/22f1000120/{size}/119261_2.png"
    }
  },
  "pending_posts": [],
  "bookmarks": []
}