{
  "post_stream": {
    "posts": [
      {
        "id": 579338,
        "name": "Divyasree",
        "username": "Divya1",
        "avatar_template": "/user_avatar/discourse.onlinedegree.iitm.ac.in/divya1/{size}/67525_2.png",
        "created_at": "2025-01-13T15:40:50.279Z",
        "cooked": "<p>Can anyone forward the specified links of the books(iitm certified(logo)) or pdf’s for preparation?</p>",
        "post_number": 1,
        "post_type": 1,
        "posts_count": 2,
        "updated_at": "2025-01-13T15:40:50.279Z",
        "reply_count": 0,
        "reply_to_post_number": null,
        "quote_count": 0,
        "incoming_link_count": 3,
        "reads": 129,
        "readers_count": 128,
        "score": 40.8,
        "yours": false,
        "topic_id": 163147,
        "topic_slug": "tds-iitm-certified-books",
        "display_username": "Divyasree",
        "primary_group_name": "ds-students",
        "flair_name": "ds-students",
        "flair_url": null,
        "flair_bg_color": "",
        "flair_color": "",
        "flair_group_id": 294,
        "badges_granted": [],
        "version": 1,
        "can_edit": false,
        "can_delete": false,
        "can_recover": false,
        "can_see_hidden_post": false,
        "can_wiki": false,
        "read": false,
        "user_title": null,
        "bookmarked": false,
        "actions_summary": [
          {
            "id": 2,
            "can_act": true
          },
          {
            "id": 6,
            "can_act": true
          },
          {
            "id": 3,
            "can_act": true
          },
          {
            "id": 4,
            "can_act": true
          },
          {
            "id": 8,
            "can_act": true
          },
          {
            "id": 10,
            "can_act": true
          },
          {
            "id": 7,
            "can_act": true
          }
        ],
        "moderator": false,
        "admin": false,
        "staff": false,
        "user_id": 33695,
        "hidden": false,
        "trust_level": 1,
        "deleted_at": null,
        "user_deleted": false,
        "edit_reason": null,
        "can_view_edit_history": true,
        "wiki": false,
        "post_url": "/t/tds-iitm-certified-books/163147/1",
        "user_cakedate": "2024-06-09",
        "reactions": [],
        "current_user_reaction": null,
        "reaction_users_count": 0,
        "current_user_used_main_reaction": false,
        "can_accept_answer": false,
        "can_unaccept_answer": false,
        "accepted_answer": false,
        "topic_accepted_answer": true,
        "can_vote": false
      },
      {
        "id": 579586,
        "name": "Anand S",
        "username": "s.anand",
        "avatar_template": "/user_avatar/discourse.onlinedegree.iitm.ac.in/s.anand/{size}/15264_2.png",
        "created_at": "2025-01-14T09:48:43.870Z",
        "cooked": "<p><a class=\"mention\" href=\"/u/divya1\">@Divya1</a> there are no IITM certified books nor PDFs for <a class=\"hashtag-cooked\" href=\"/c/courses/tds-kb/34\" data-type=\"category\" data-slug=\"tds-kb\" data-id=\"34\" data-ref=\"courses:tds-kb\"><span class=\"hashtag-icon-placeholder\"><svg class=\"fa d-icon d-icon-square-full svg-icon svg-node\"><use href=\"#square-full\"></use></svg></span><span>Tools in Data Science</span></a>. The site <a href=\"https://tds.s-anand.net/\">https://tds.s-anand.net/</a> is the reference.</p>\n<p>We update the content regularly. You might want to <a href=\"https://github.com/sanand0/tools-in-data-science-public/commits/tds-2025-01/\">track the changes</a> for recent updates.</p>",
        "post_number": 2,
        "post_type": 1,
        "posts_count": 2,
        "updated_at": "2025-01-14T09:48:43.870Z",
        "reply_count": 0,
        "reply_to_post_number": null,
        "quote_count": 0,
        "incoming_link_count": 0,
        "reads": 114,
        "readers_count": 113,
        "score": 97.8,
        "yours": false,
        "topic_id": 163147,
        "topic_slug": "tds-iitm-certified-books",
        "display_username": "Anand S",
        "primary_group_name": "faculty",
        "flair_name": "faculty",
        "flair_url": "chalkboard-user",
        "flair_bg_color": "f2c26e",
        "flair_color": "000",
        "flair_group_id": 54,
        "badges_granted": [],
        "version": 1,
        "can_edit": false,
        "can_delete": false,
        "can_recover": false,
        "can_see_hidden_post": false,
        "can_wiki": false,
        "link_counts": [
          {
            "url": "https://tds.s-anand.net/",
            "internal": false,
            "reflection": false,
            "title": "Tools in Data Science",
            "clicks": 18
          },
          {
            "url": "https://github.com/sanand0/tools-in-data-science-public/commits/tds-2025-01/",
            "internal": false,
            "reflection": false,
            "title": "Commits · sanand0/tools-in-data-science-public · GitHub",
            "clicks": 15
          },
          {
            "url": "/c/courses/tds-kb/34",
            "internal": true,
            "reflection": false,
            "clicks": 0
          }
        ],
        "read": false,
        "user_title": "Course_faculty",
        "title_is_group": true,
        "bookmarked": false,
        "actions_summary": [
          {
            "id": 2,
            "count": 5,
            "can_act": true
          },
          {
            "id": 6,
            "can_act": true
          },
          {
            "id": 3,
            "can_act": true
          },
          {
            "id": 4,
            "can_act": true
          },
          {
            "id": 8,
            "can_act": true
          },
          {
            "id": 10,
            "can_act": true
          },
          {
            "id": 7,
            "can_act": true
          }
        ],
        "moderator": false,
        "admin": false,
        "staff": false,
        "user_id": 9419,
        "hidden": false,
        "trust_level": 4,
        "deleted_at": null,
        "user_deleted": false,
        "edit_reason": null,
        "can_view_edit_history": true,
        "wiki": false,
        "post_url": "/t/tds-iitm-certified-books/163147/2",
        "user_cakedate": "2022-01-03",
        "reactions": [
          {
            "id": "heart",
            "type": "emoji",
            "count": 4
          },
          {
            "id": "+1",
            "type": "emoji",
            "count": 1
          }
        ],
        "current_user_reaction": null,
        "reaction_users_count": 5,
        "current_user_used_main_reaction": false,
        "can_accept_answer": false,
        "can_unaccept_answer": false,
        "accepted_answer": true,
        "topic_accepted_answer": true
      }
    ],
    "stream": [
      579338,
      579586
    ]
  },
  "timeline_lookup": [
    [
      1,
      308
    ],
    [
      2,
      307
    ]
  ],
  "suggested_topics": [
    {
      "fancy_title": "Submission Issue",
      "id": 191628,
      "title": "Submission Issue",
      "slug": "submission-issue",
      "posts_count": 1,
      "reply_count": 0,
      "highest_post_number": 1,
      "image_url": "https://europe1.discourse-cdn.com/flex013/uploads/iitm/optimized/3X/4/4/44dc3c61e92c828ce41f420245a133ac58e7488c_2_1024x576.png",
      "created_at": "2025-11-16T18:34:00.062Z",
      "last_posted_at": "2025-11-16T18:34:00.258Z",
      "bumped": true,
      "bumped_at": "2025-11-16T18:34:00.258Z",
      "archetype": "regular",
      "unseen": true,
      "pinned": false,
      "unpinned": null,
      "visible": true,
      "closed": false,
      "archived": false,
      "bookmarked": null,
      "liked": null,
      "tags": [
        "clarification",
        "operational",
        "term3-2025"
      ],
      "tags_descriptions": {},
      "like_count": 0,
      "views": 7,
      "category_id": 34,
      "featured_link": null,
      "has_accepted_answer": false,
      "posters": [
        {
          "extras": "latest single",
          "description": "Original Poster, Most Recent Poster",
          "user": {
            "id": 18836,
            "username": "23f2003033",
            "name": "Vedang Pawar",
            "avatar_template": "/user_avatar/discourse.onlinedegree.iitm.ac.in/23f2003033/{size}/67243_2.png",
            "primary_group_name": "ds-students",
            "flair_name": "ds-students",
            "flair_group_id": 294,
            "trust_level": 1
          }
        }
      ]
    }
  ],
  "tags": [
    "clarification",
    "diploma-level",
    "guidelines"
  ],
  "tags_descriptions": {},
  "fancy_title": "TDS iitm certified books",
  "id": 163147,
  "title": "TDS iitm certified books",
  "posts_count": 2,
  "created_at": "2025-01-13T15:40:50.091Z",
  "views": 151,
  "reply_count": 0,
  "like_count": 5,
  "last_posted_at": "2025-01-14T09:48:43.870Z",
  "visible": true,
  "closed": false,
  "archived": false,
  "has_summary": false,
  "archetype": "regular",
  "slug": "tds-iitm-certified-books",
  "category_id": 34,
  "word_count": 68,
  "deleted_at": null,
  "user_id": 33695,
  "featured_link": null,
  "pinned_globally": false,
  "pinned_at": null,
  "pinned_until": null,
  "image_url": null,
  "slow_mode_seconds": 0,
  "draft": null,
  "draft_key": "topic_163147",
  "draft_sequence": 0,
  "posted": false,
  "unpinned": null,
  "pinned": false,
  "current_post_number": 1,
  "highest_post_number": 2,
  "last_read_post_number": null,
  "last_read_post_id": null,
  "deleted_by": null,
  "actions_summary": [
    {
      "id": 4,
      "count": 0,
      "hidden": false,
      "can_act": true
    },
    {
      "id": 8,
      "count": 0,
      "hidden": false,
      "can_act": true
    },
    {
      "id": 10,
      "count": 0,
      "hidden": false,
      "can_act": true
    },
    {
      "id": 7,
      "count": 0,
      "hidden": false,
      "can_act": true
    }
  ],
  "chunk_size": 20,
  "bookmarked": false,
  "topic_timer": null,
  "message_bus_last_id": 0,
  "participant_count": 2,
  "show_read_indicator": false,
  "thumbnails": null,
  "slow_mode_enabled_until": null,
  "tags_disable_ads": false,
  "related_topics": [
    {
      "fancy_title": "End Term Question Papers",
      "id": 84317,
      "title": "End Term Question Papers",
      "slug": "end-term-question-papers",
      "posts_count": 3,
      "reply_count": 0,
      "highest_post_number": 3,
      "image_url": null,
      "created_at": "2023-04-17T17:08:36.706Z",
      "last_posted_at": "2023-04-17T17:11:14.589Z",
      "bumped": true,
      "bumped_at": "2023-04-17T17:11:14.589Z",
      "archetype": "regular",
      "unseen": false,
      "pinned": false,
      "unpinned": null,
      "visible": true,
      "closed": false,
      "archived": false,
      "bookmarked": null,
      "liked": null,
      "tags": [
        "quiz"
      ],
      "tags_descriptions": {},
      "like_count": 0,
      "views": 59,
      "category_id": 34,
      "featured_link": null,
      "has_accepted_answer": false,
      "posters": [
        {
          "extras": "latest single",
          "description": "Original Poster, Most Recent Poster",
          "user": {
            "id": 6580,
            "username": "21f2000683",
            "name": "Harshal",
            "avatar_template": "/user_avatar/discourse.onlinedegree.iitm.ac.in/21f2000683/{size}/111598_2.png",
            "primary_group_name": "ds-students",
            "flair_name": "ds-students",
            "flair_group_id": 294,
            "trust_level": 1
          }
        }
      ]
    },
    {
      "fancy_title": "Supplementary contents for TDS",
      "id": 53062,
      "title": "Supplementary contents for TDS",
      "slug": "supplementary-contents-for-tds",
      "posts_count": 1,
      "reply_count": 0,
      "highest_post_number": 1,
      "image_url": null,
      "created_at": "2022-06-11T18:21:43.137Z",
      "last_posted_at": "2022-06-11T18:21:43.268Z",
      "bumped": true,
      "bumped_at": "2022-06-11T18:21:43.268Z",
      "archetype": "regular",
      "unseen": false,
      "pinned": false,
      "unpinned": null,
      "visible": true,
      "closed": false,
      "archived": false,
      "bookmarked": null,
      "liked": null,
      "tags": [
        "clarification"
      ],
      "tags_descriptions": {},
      "like_count": 0,
      "views": 63,
      "category_id": 34,
      "featured_link": null,
      "has_accepted_answer": false,
      "posters": [
        {
          "extras": "latest single",
          "description": "Original Poster, Most Recent Poster",
          "user": {
            "id": 9050,
            "username": "22ds1000018",
            "name": "Venkatesh S",
            "avatar_template": "/user_avatar/discourse.onlinedegree.iitm.ac.in/22ds1000018/{size}/1164_2.png",
            "primary_group_name": "ds-students",
            "flair_name": "ds-students",
            "flair_group_id": 294,
            "trust_level": 1
          }
        }
      ]
    },
    {
      "fancy_title": "Previous Year question papers",
      "id": 73069,
      "title": "Previous Year question papers",
      "slug": "previous-year-question-papers",
      "posts_count": 2,
      "reply_count": 0,
      "highest_post_number": 2,
      "image_url": null,
      "created_at": "2022-12-08T16:46:19.319Z",
      "last_posted_at": "2022-12-10T06:29:57.123Z",
      "bumped": true,
      "bumped_at": "2022-12-10T06:29:57.123Z",
      "archetype": "regular",
      "unseen": false,
      "pinned": false,
      "unpinned": null,
      "visible": true,
      "closed": false,
      "archived": false,
      "bookmarked": null,
      "liked": null,
      "tags": [
        "practice-question"
      ],
      "tags_descriptions": {},
      "like_count": 2,
      "views": 200,
      "category_id": 23,
      "featured_link": null,
      "has_accepted_answer": false,
      "posters": [
        {
          "extras": null,
          "description": "Original Poster",
          "user": {
            "id": 11951,
            "username": "22f2000034",
            "name": "Rishu Raj Gautam",
            "avatar_template": "/user_avatar/discourse.onlinedegree.iitm.ac.in/22f2000034/{size}/60421_2.png",
            "primary_group_name": "ds-students",
            "flair_name": "ds-students",
            "flair_group_id": 294,
            "trust_level": 1
          }
        },
        {
          "extras": "latest",
          "description": "Most Recent Poster",
          "user": {
            "id": 6225,
            "username": "21f2000820",
            "name": "Rishab Kumar",
            "avatar_template": "/user_avatar/discourse.onlinedegree.iitm.ac.in/21f2000820/{size}/13879_2.png",
            "primary_group_name": "ds-students",
            "flair_name": "ds-students",
            "flair_group_id": 294,
            "trust_level": 1
          }
        }
      ]
    },
    {
      "fancy_title": "Cant access the pdf",
      "id": 69873,
      "title": "Cant access the pdf",
      "slug": "cant-access-the-pdf",
      "posts_count": 1,
      "reply_count": 0,
      "highest_post_number": 1,
      "image_url": "https://europe1.discourse-cdn.com/flex013/uploads/iitm/optimized/3X/b/b/bba5620f8c607b2e86d1e391c3847ca252f93be9_2_1023x684.png",
      "created_at": "2022-11-05T14:34:46.860Z",
      "last_posted_at": "2022-11-05T14:34:47.060Z",
      "bumped": true,
      "bumped_at": "2022-11-05T14:34:47.060Z",
      "archetype": "regular",
      "unseen": false,
      "pinned": false,
      "unpinned": null,
      "visible": true,
      "closed": false,
      "archived": false,
      "bookmarked": null,
      "liked": null,
      "tags": [
        "operational"
      ],
      "tags_descriptions": {},
      "like_count": 0,
      "views": 25,
      "category_id": 34,
      "featured_link": null,
      "has_accepted_answer": false,
      "posters": [
        {
          "extras": "latest single",
          "description": "Original Poster, Most Recent Poster",
          "user": {
            "id": 1143,
            "username": "Nathania",
            "name": "Nathania",
            "avatar_template": "/user_avatar/discourse.onlinedegree.iitm.ac.in/nathania/{size}/19448_2.png",
            "primary_group_name": "ds-students",
            "flair_name": "ds-students",
            "flair_group_id": 294,
            "trust_level": 1
          }
        }
      ]
    },
    {
      "fancy_title": "What is the pattern of Final exam of tds",
      "id": 58808,
      "title": "What is the pattern of Final exam of tds",
      "slug": "what-is-the-pattern-of-final-exam-of-tds",
      "posts_count": 5,
      "reply_count": 2,
      "highest_post_number": 5,
      "image_url": null,
      "created_at": "2022-07-23T17:58:00.150Z",
      "last_posted_at": "2022-11-03T08:56:47.621Z",
      "bumped": true,
      "bumped_at": "2022-11-03T08:56:47.621Z",
      "archetype": "regular",
      "unseen": false,
      "pinned": false,
      "unpinned": null,
      "visible": true,
      "closed": false,
      "archived": false,
      "bookmarked": null,
      "liked": null,
      "tags": [
        "clarification"
      ],
      "tags_descriptions": {},
      "like_count": 3,
      "views": 239,
      "category_id": 34,
      "featured_link": null,
      "has_accepted_answer": false,
      "posters": [
        {
          "extras": null,
          "description": "Original Poster",
          "user": {
            "id": 6859,
            "username": "21f1000090",
            "name": "KAVALI SOFIA SAGAR",
            "avatar_template": "/user_avatar/discourse.onlinedegree.iitm.ac.in/21f1000090/{size}/7498_2.png",
            "primary_group_name": "ds-students",
            "flair_name": "ds-students",
            "flair_group_id": 294,
            "trust_level": 1
          }
        },
        {
          "extras": null,
          "description": "Frequent Poster",
          "user": {
            "id": 1762,
            "username": "pphep",
            "name": "Pooja Pareek",
            "avatar_template": "/user_avatar/discourse.onlinedegree.iitm.ac.in/pphep/{size}/161_2.png",
            "primary_group_name": "ds-students",
            "flair_name": "ds-students",
            "flair_group_id": 294,
            "trust_level": 1
          }
        },
        {
          "extras": null,
          "description": "Frequent Poster",
          "user": {
            "id": 8147,
            "username": "22ds1000035",
            "name": "A.Srinivasa Reddy",
            "avatar_template": "/user_avatar/discourse.onlinedegree.iitm.ac.in/22ds1000035/{size}/12886_2.png",
            "primary_group_name": "ds-students",
            "flair_name": "ds-students",
            "flair_group_id": 294,
            "trust_level": 1
          }
        },
        {
          "extras": null,
          "description": "Frequent Poster",
          "user": {
            "id": 6190,
            "username": "shaibalini",
            "name": "Shaibalini",
            "avatar_template": "/user_avatar/discourse.onlinedegree.iitm.ac.in/shaibalini/{size}/114796_2.png",
            "primary_group_name": "ds-students",
            "flair_name": "ds-students",
            "flair_group_id": 294,
            "trust_level": 1
          }
        },
        {
          "extras": "latest",
          "description": "Most Recent Poster",
          "user": {
            "id": 2423,
            "username": "gkthenayil",
            "name": "GOPESH KRISHNA T",
            "avatar_template": "/user_avatar/discourse.onlinedegree.iitm.ac.in/gkthenayil/{size}/20147_2.png",
            "primary_group_name": "ds-students",
            "flair_name": "ds-students",
            "flair_group_id": 294,
            "trust_level": 1
          }
        }
      ]
    }
  ],
  "summarizable": true,
  "valid_reactions": [
    "heart",
    "+1",
    "laughing",
    "open_mouth",
    "clap",
    "confetti_ball",
    "rocket",
    "-1"
  ],
  "accepted_answer": {
    "post_number": 2,
    "username": "s.anand",
    "name": null,
    "excerpt": "<a class=\"mention\" href=\"/u/divya1\">@Divya1</a> there are no IITM certified books nor PDFs for <a class=\"hashtag-cooked\" href=\"/c/courses/tds-kb/34\" data-type=\"category\" data-slug=\"tds-kb\" data-id=\"34\" data-ref=\"courses:tds-kb\"><span class=\"hashtag-icon-placeholder\"></span>Tools in Data Science</span></a>. The site <a href=\"https://tds.s-anand.net/\">https://tds.s-anand.net/</a> is the reference. \nWe update the content regularly. You might want to <a href=\"https://github.com/sanand0/tools-in-data-science-public/commits/tds-2025-01/\">track the changes</a> for recent updates.",
    "accepter_name": null,
    "accepter_username": "Divya1"
  },
  "can_vote": false,
  "vote_count": 0,
  "user_voted": false,
  "discourse_zendesk_plugin_zendesk_id": null,
  "discourse_zendesk_plugin_zendesk_url": "https://your-url.zendesk.com/agent/tickets/",
  "details": {
    "can_edit": false,
    "notification_level": 1,
    "notifications_reason_id": null,
    "can_create_post": true,
    "can_reply_as_new_topic": true,
    "can_flag_topic": true,
    "participants": [
      {
        "id": 9419,
        "username": "s.anand",
        "name": "Anand S",
        "avatar_template": "/user_avatar/discourse.onlinedegree.iitm.ac.in/s.anand/{size}/15264_2.png",
        "post_count": 1,
        "primary_group_name": "faculty",
        "flair_name": "faculty",
        "flair_url": "chalkboard-user",
        "flair_color": "000",
        "flair_bg_color": "f2c26e",
        "flair_group_id": 54,
        "trust_level": 4
      },
      {
        "id": 33695,
        "username": "Divya1",
        "name": "Divyasree",
        "avatar_template": "/user_avatar/discourse.onlinedegree.iitm.ac.in/divya1/{size}/67525_2.png",
        "post_count": 1,
        "primary_group_name": "ds-students",
        "flair_name": "ds-students",
        "flair_url": null,
        "flair_color": "",
        "flair_bg_color": "",
        "flair_group_id": 294,
        "trust_level": 1
      }
    ],
    "created_by": {
      "id": 33695,
      "username": "Divya1",
      "name": "Divyasree",
      "avatar_template": "/user_avatar/discourse.onlinedegree.iitm.ac.in/divya1/{size}/67525_2.png"
    },
    "last_poster": {
      "id": 9419,
      "username": "s.anand",
      "name": "Anand S",
      "avatar_template": "/user_avatar/discourse.onlinedegree.iitm.ac.in/s.anand/{size}/15264_2.png"
    },
    "links": [
      {
        "url": "https://tds.s-anand.net/",
        "title": "Tools in Data Science",
        "internal": false,
        "attachment": false,
        "reflection": false,
        "clicks": 18,
        "user_id": 9419,
        "domain": "tds.s-anand.net",
        "root_domain": "s-anand.net"
      },
      {
        "url": "https://github.com/sanand0/tools-in-data-science-public/commits/tds-2025-01/",
        "title": "Commits · sanand0/tools-in-data-science-public · GitHub",
        "internal": false,
        "attachment": false,
        "reflection": false,
        "clicks": 15,
        "user_id": 9419,
        "domain": "github.com",
        "root_domain": "github.com"
      }
    ]
  },
  "pending_posts": [],
  "bookmarks": []
}