{
  "post_stream": {
    "posts": [
      {
        "id": 600396,
        "name": "Andrew David",
        "username": "23f1002382",
        "avatar_template": "/user_avatar/discourse.onlinedegree.iitm.ac.in/23f1002382/{size}/68945_2.png",
        "created_at": "2025-02-26T15:49:28.464Z",
        "cooked": "<p>Whoever wants can participate and then we go into breakout rooms and each group solves a particular question and then we all share the code so we can complete the ROE faster and more effienctly?<br>\n<span class=\"mention\">@all</span></p>",
        "post_number": 1,
        "post_type": 1,
        "posts_count": 17,
        "updated_at": "2025-03-02T07:28:43.747Z",
        "reply_count": 0,
        "reply_to_post_number": null,
        "quote_count": 0,
        "incoming_link_count": 29,
        "reads": 198,
        "readers_count": 197,
        "score": 289.6,
        "yours": false,
        "topic_id": 168567,
        "topic_slug": "create-a-question-solving-groups-for-roe",
        "display_username": "Andrew David",
        "primary_group_name": "ds-students",
        "flair_name": "ds-students",
        "flair_url": null,
        "flair_bg_color": "",
        "flair_color": "",
        "flair_group_id": 294,
        "badges_granted": [],
        "version": 2,
        "can_edit": false,
        "can_delete": false,
        "can_recover": false,
        "can_see_hidden_post": false,
        "can_wiki": false,
        "read": false,
        "user_title": null,
        "bookmarked": false,
        "actions_summary": [
          {
            "id": 2,
            "count": 7,
            "can_act": true
          },
          {
            "id": 6,
            "can_act": true
          },
          {
            "id": 3,
            "can_act": true
          },
          {
            "id": 4,
            "can_act": true
          },
          {
            "id": 8,
            "can_act": true
          },
          {
            "id": 10,
            "can_act": true
          },
          {
            "id": 7,
            "can_act": true
          }
        ],
        "moderator": false,
        "admin": false,
        "staff": false,
        "user_id": 18297,
        "hidden": false,
        "trust_level": 1,
        "deleted_at": null,
        "user_deleted": false,
        "edit_reason": null,
        "can_view_edit_history": true,
        "wiki": false,
        "post_url": "/t/create-a-question-solving-groups-for-roe/168567/1",
        "user_cakedate": "2023-06-05",
        "user_birthdate": "1904-01-05",
        "reactions": [
          {
            "id": "heart",
            "type": "emoji",
            "count": 7
          }
        ],
        "current_user_reaction": null,
        "reaction_users_count": 7,
        "current_user_used_main_reaction": false,
        "can_accept_answer": false,
        "can_unaccept_answer": false,
        "accepted_answer": false,
        "topic_accepted_answer": true,
        "can_vote": false
      },
      {
        "id": 600397,
        "name": "Manit Bohra",
        "username": "ItsMeAlex",
        "avatar_template": "/user_avatar/discourse.onlinedegree.iitm.ac.in/itsmealex/{size}/119167_2.png",
        "created_at": "2025-02-26T15:55:03.430Z",
        "cooked": "<p>Are we allowed to do that?</p>",
        "post_number": 2,
        "post_type": 1,
        "posts_count": 17,
        "updated_at": "2025-02-26T15:55:03.430Z",
        "reply_count": 1,
        "reply_to_post_number": null,
        "quote_count": 0,
        "incoming_link_count": 0,
        "reads": 192,
        "readers_count": 191,
        "score": 43.4,
        "yours": false,
        "topic_id": 168567,
        "topic_slug": "create-a-question-solving-groups-for-roe",
        "display_username": "Manit Bohra",
        "primary_group_name": "ds-students",
        "flair_name": "ds-students",
        "flair_url": null,
        "flair_bg_color": "",
        "flair_color": "",
        "flair_group_id": 294,
        "badges_granted": [],
        "version": 1,
        "can_edit": false,
        "can_delete": false,
        "can_recover": false,
        "can_see_hidden_post": false,
        "can_wiki": false,
        "read": false,
        "user_title": null,
        "bookmarked": false,
        "actions_summary": [
          {
            "id": 2,
            "can_act": true
          },
          {
            "id": 6,
            "can_act": true
          },
          {
            "id": 3,
            "can_act": true
          },
          {
            "id": 4,
            "can_act": true
          },
          {
            "id": 8,
            "can_act": true
          },
          {
            "id": 10,
            "can_act": true
          },
          {
            "id": 7,
            "can_act": true
          }
        ],
        "moderator": false,
        "admin": false,
        "staff": false,
        "user_id": 32468,
        "hidden": false,
        "trust_level": 1,
        "deleted_at": null,
        "user_deleted": false,
        "edit_reason": null,
        "can_view_edit_history": true,
        "wiki": false,
        "post_url": "/t/create-a-question-solving-groups-for-roe/168567/2",
        "user_cakedate": "2024-06-04",
        "reactions": [],
        "current_user_reaction": null,
        "reaction_users_count": 0,
        "current_user_used_main_reaction": false,
        "can_accept_answer": false,
        "can_unaccept_answer": false,
        "accepted_answer": false,
        "topic_accepted_answer": true
      },
      {
        "id": 600398,
        "name": "Andrew David",
        "username": "23f1002382",
        "avatar_template": "/user_avatar/discourse.onlinedegree.iitm.ac.in/23f1002382/{size}/68945_2.png",
        "created_at": "2025-02-26T15:55:53.574Z",
        "cooked": "<p>Yeah they said you can take help anyway possible even  to ask a cat also or a pet, im not sure</p>",
        "post_number": 3,
        "post_type": 1,
        "posts_count": 17,
        "updated_at": "2025-02-26T15:55:53.574Z",
        "reply_count": 1,
        "reply_to_post_number": 2,
        "quote_count": 0,
        "incoming_link_count": 0,
        "reads": 185,
        "readers_count": 184,
        "score": 42.0,
        "yours": false,
        "topic_id": 168567,
        "topic_slug": "create-a-question-solving-groups-for-roe",
        "display_username": "Andrew David",
        "primary_group_name": "ds-students",
        "flair_name": "ds-students",
        "flair_url": null,
        "flair_bg_color": "",
        "flair_color": "",
        "flair_group_id": 294,
        "badges_granted": [],
        "version": 1,
        "can_edit": false,
        "can_delete": false,
        "can_recover": false,
        "can_see_hidden_post": false,
        "can_wiki": false,
        "read": false,
        "user_title": null,
        "reply_to_user": {
          "id": 32468,
          "username": "ItsMeAlex",
          "name": "Manit Bohra",
          "avatar_template": "/user_avatar/discourse.onlinedegree.iitm.ac.in/itsmealex/{size}/119167_2.png"
        },
        "bookmarked": false,
        "actions_summary": [
          {
            "id": 2,
            "can_act": true
          },
          {
            "id": 6,
            "can_act": true
          },
          {
            "id": 3,
            "can_act": true
          },
          {
            "id": 4,
            "can_act": true
          },
          {
            "id": 8,
            "can_act": true
          },
          {
            "id": 10,
            "can_act": true
          },
          {
            "id": 7,
            "can_act": true
          }
        ],
        "moderator": false,
        "admin": false,
        "staff": false,
        "user_id": 18297,
        "hidden": false,
        "trust_level": 1,
        "deleted_at": null,
        "user_deleted": false,
        "edit_reason": null,
        "can_view_edit_history": true,
        "wiki": false,
        "post_url": "/t/create-a-question-solving-groups-for-roe/168567/3",
        "user_cakedate": "2023-06-05",
        "user_birthdate": "1904-01-05",
        "reactions": [],
        "current_user_reaction": null,
        "reaction_users_count": 0,
        "current_user_used_main_reaction": false,
        "can_accept_answer": false,
        "can_unaccept_answer": false,
        "accepted_answer": false,
        "topic_accepted_answer": true
      },
      {
        "id": 600399,
        "name": "Manit Bohra",
        "username": "ItsMeAlex",
        "avatar_template": "/user_avatar/discourse.onlinedegree.iitm.ac.in/itsmealex/{size}/119167_2.png",
        "created_at": "2025-02-26T15:56:39.829Z",
        "cooked": "<p>Alright, works. I am down to collaborate.</p>",
        "post_number": 4,
        "post_type": 1,
        "posts_count": 17,
        "updated_at": "2025-02-26T15:56:39.829Z",
        "reply_count": 0,
        "reply_to_post_number": 3,
        "quote_count": 0,
        "incoming_link_count": 0,
        "reads": 173,
        "readers_count": 172,
        "score": 34.6,
        "yours": false,
        "topic_id": 168567,
        "topic_slug": "create-a-question-solving-groups-for-roe",
        "display_username": "Manit Bohra",
        "primary_group_name": "ds-students",
        "flair_name": "ds-students",
        "flair_url": null,
        "flair_bg_color": "",
        "flair_color": "",
        "flair_group_id": 294,
        "badges_granted": [],
        "version": 1,
        "can_edit": false,
        "can_delete": false,
        "can_recover": false,
        "can_see_hidden_post": false,
        "can_wiki": false,
        "read": false,
        "user_title": null,
        "reply_to_user": {
          "id": 18297,
          "username": "23f1002382",
          "name": "Andrew David",
          "avatar_template": "/user_avatar/discourse.onlinedegree.iitm.ac.in/23f1002382/{size}/68945_2.png"
        },
        "bookmarked": false,
        "actions_summary": [
          {
            "id": 2,
            "can_act": true
          },
          {
            "id": 6,
            "can_act": true
          },
          {
            "id": 3,
            "can_act": true
          },
          {
            "id": 4,
            "can_act": true
          },
          {
            "id": 8,
            "can_act": true
          },
          {
            "id": 10,
            "can_act": true
          },
          {
            "id": 7,
            "can_act": true
          }
        ],
        "moderator": false,
        "admin": false,
        "staff": false,
        "user_id": 32468,
        "hidden": false,
        "trust_level": 1,
        "deleted_at": null,
        "user_deleted": false,
        "edit_reason": null,
        "can_view_edit_history": true,
        "wiki": false,
        "post_url": "/t/create-a-question-solving-groups-for-roe/168567/4",
        "user_cakedate": "2024-06-04",
        "reactions": [],
        "current_user_reaction": null,
        "reaction_users_count": 0,
        "current_user_used_main_reaction": false,
        "can_accept_answer": false,
        "can_unaccept_answer": false,
        "accepted_answer": false,
        "topic_accepted_answer": true
      },
      {
        "id": 600400,
        "name": "Trebhuvan SB",
        "username": "trebhuvansb",
        "avatar_template": "/user_avatar/discourse.onlinedegree.iitm.ac.in/trebhuvansb/{size}/109875_2.png",
        "created_at": "2025-02-26T15:57:23.258Z",
        "cooked": "<p>Asking help is different from sharing answers in a public forum. I don’t think they will permit this.</p>",
        "post_number": 5,
        "post_type": 1,
        "posts_count": 17,
        "updated_at": "2025-02-26T15:57:23.258Z",
        "reply_count": 3,
        "reply_to_post_number": null,
        "quote_count": 0,
        "incoming_link_count": 0,
        "reads": 168,
        "readers_count": 167,
        "score": 48.6,
        "yours": false,
        "topic_id": 168567,
        "topic_slug": "create-a-question-solving-groups-for-roe",
        "display_username": "Trebhuvan SB",
        "primary_group_name": "ds-students",
        "flair_name": "ds-students",
        "flair_url": null,
        "flair_bg_color": "",
        "flair_color": "",
        "flair_group_id": 294,
        "badges_granted": [],
        "version": 1,
        "can_edit": false,
        "can_delete": false,
        "can_recover": false,
        "can_see_hidden_post": false,
        "can_wiki": false,
        "read": false,
        "user_title": null,
        "bookmarked": false,
        "actions_summary": [
          {
            "id": 2,
            "can_act": true
          },
          {
            "id": 6,
            "can_act": true
          },
          {
            "id": 3,
            "can_act": true
          },
          {
            "id": 4,
            "can_act": true
          },
          {
            "id": 8,
            "can_act": true
          },
          {
            "id": 10,
            "can_act": true
          },
          {
            "id": 7,
            "can_act": true
          }
        ],
        "moderator": false,
        "admin": false,
        "staff": false,
        "user_id": 36619,
        "hidden": false,
        "trust_level": 1,
        "deleted_at": null,
        "user_deleted": false,
        "edit_reason": null,
        "can_view_edit_history": true,
        "wiki": false,
        "post_url": "/t/create-a-question-solving-groups-for-roe/168567/5",
        "user_cakedate": "2024-09-21",
        "reactions": [],
        "current_user_reaction": null,
        "reaction_users_count": 0,
        "current_user_used_main_reaction": false,
        "can_accept_answer": false,
        "can_unaccept_answer": false,
        "accepted_answer": false,
        "topic_accepted_answer": true
      },
      {
        "id": 600401,
        "name": "Andrew David",
        "username": "23f1002382",
        "avatar_template": "/user_avatar/discourse.onlinedegree.iitm.ac.in/23f1002382/{size}/68945_2.png",
        "created_at": "2025-02-26T15:58:01.998Z",
        "cooked": "<p>Sharing answers is asking for help</p>",
        "post_number": 6,
        "post_type": 1,
        "posts_count": 17,
        "updated_at": "2025-02-26T15:58:01.998Z",
        "reply_count": 0,
        "reply_to_post_number": 5,
        "quote_count": 0,
        "incoming_link_count": 0,
        "reads": 165,
        "readers_count": 164,
        "score": 33.0,
        "yours": false,
        "topic_id": 168567,
        "topic_slug": "create-a-question-solving-groups-for-roe",
        "display_username": "Andrew David",
        "primary_group_name": "ds-students",
        "flair_name": "ds-students",
        "flair_url": null,
        "flair_bg_color": "",
        "flair_color": "",
        "flair_group_id": 294,
        "badges_granted": [],
        "version": 1,
        "can_edit": false,
        "can_delete": false,
        "can_recover": false,
        "can_see_hidden_post": false,
        "can_wiki": false,
        "read": false,
        "user_title": null,
        "reply_to_user": {
          "id": 36619,
          "username": "trebhuvansb",
          "name": "Trebhuvan SB",
          "avatar_template": "/user_avatar/discourse.onlinedegree.iitm.ac.in/trebhuvansb/{size}/109875_2.png"
        },
        "bookmarked": false,
        "actions_summary": [
          {
            "id": 2,
            "can_act": true
          },
          {
            "id": 6,
            "can_act": true
          },
          {
            "id": 3,
            "can_act": true
          },
          {
            "id": 4,
            "can_act": true
          },
          {
            "id": 8,
            "can_act": true
          },
          {
            "id": 10,
            "can_act": true
          },
          {
            "id": 7,
            "can_act": true
          }
        ],
        "moderator": false,
        "admin": false,
        "staff": false,
        "user_id": 18297,
        "hidden": false,
        "trust_level": 1,
        "deleted_at": null,
        "user_deleted": false,
        "edit_reason": null,
        "can_view_edit_history": true,
        "wiki": false,
        "post_url": "/t/create-a-question-solving-groups-for-roe/168567/6",
        "user_cakedate": "2023-06-05",
        "user_birthdate": "1904-01-05",
        "reactions": [],
        "current_user_reaction": null,
        "reaction_users_count": 0,
        "current_user_used_main_reaction": false,
        "can_accept_answer": false,
        "can_unaccept_answer": false,
        "accepted_answer": false,
        "topic_accepted_answer": true
      },
      {
        "id": 600402,
        "name": "Manit Bohra",
        "username": "ItsMeAlex",
        "avatar_template": "/user_avatar/discourse.onlinedegree.iitm.ac.in/itsmealex/{size}/119167_2.png",
        "created_at": "2025-02-26T15:58:17.610Z",
        "cooked": "<p>If the ROE is like how it was for MOCK ROE1 then this probably wont work right?<br>\nOnly for today’s ROE(mock 2) we can split  the tasks efficiently and get it done.<br>\nThoughts?</p>",
        "post_number": 7,
        "post_type": 1,
        "posts_count": 17,
        "updated_at": "2025-02-26T15:58:17.610Z",
        "reply_count": 1,
        "reply_to_post_number": null,
        "quote_count": 0,
        "incoming_link_count": 0,
        "reads": 160,
        "readers_count": 159,
        "score": 37.0,
        "yours": false,
        "topic_id": 168567,
        "topic_slug": "create-a-question-solving-groups-for-roe",
        "display_username": "Manit Bohra",
        "primary_group_name": "ds-students",
        "flair_name": "ds-students",
        "flair_url": null,
        "flair_bg_color": "",
        "flair_color": "",
        "flair_group_id": 294,
        "badges_granted": [],
        "version": 1,
        "can_edit": false,
        "can_delete": false,
        "can_recover": false,
        "can_see_hidden_post": false,
        "can_wiki": false,
        "read": false,
        "user_title": null,
        "bookmarked": false,
        "actions_summary": [
          {
            "id": 2,
            "can_act": true
          },
          {
            "id": 6,
            "can_act": true
          },
          {
            "id": 3,
            "can_act": true
          },
          {
            "id": 4,
            "can_act": true
          },
          {
            "id": 8,
            "can_act": true
          },
          {
            "id": 10,
            "can_act": true
          },
          {
            "id": 7,
            "can_act": true
          }
        ],
        "moderator": false,
        "admin": false,
        "staff": false,
        "user_id": 32468,
        "hidden": false,
        "trust_level": 1,
        "deleted_at": null,
        "user_deleted": false,
        "edit_reason": null,
        "can_view_edit_history": true,
        "wiki": false,
        "post_url": "/t/create-a-question-solving-groups-for-roe/168567/7",
        "user_cakedate": "2024-06-04",
        "reactions": [],
        "current_user_reaction": null,
        "reaction_users_count": 0,
        "current_user_used_main_reaction": false,
        "can_accept_answer": false,
        "can_unaccept_answer": false,
        "accepted_answer": false,
        "topic_accepted_answer": true
      },
      {
        "id": 600403,
        "name": "Manit Bohra",
        "username": "ItsMeAlex",
        "avatar_template": "/user_avatar/discourse.onlinedegree.iitm.ac.in/itsmealex/{size}/119167_2.png",
        "created_at": "2025-02-26T15:59:11.906Z",
        "cooked": "<aside class=\"quote group-ds-students\" data-username=\"trebhuvansb\" data-post=\"5\" data-topic=\"168567\" data-full=\"true\">\n<div class=\"title\">\n<div class=\"quote-controls\"></div>\n<img alt=\"\" width=\"24\" height=\"24\" src=\"https://dub1.discourse-cdn.com/flex013/user_avatar/discourse.onlinedegree.iitm.ac.in/trebhuvansb/48/109875_2.png\" class=\"avatar\"> trebhuvansb:</div>\n<blockquote>\n<p>Asking help is different from sharing answers in a public forum. I don’t think they will permit this.</p>\n</blockquote>\n</aside>\n<p>this is valid. should we just ask them? Could u message a TA?</p>",
        "post_number": 8,
        "post_type": 1,
        "posts_count": 17,
        "updated_at": "2025-02-26T15:59:11.906Z",
        "reply_count": 0,
        "reply_to_post_number": 5,
        "quote_count": 1,
        "incoming_link_count": 1,
        "reads": 163,
        "readers_count": 162,
        "score": 37.6,
        "yours": false,
        "topic_id": 168567,
        "topic_slug": "create-a-question-solving-groups-for-roe",
        "display_username": "Manit Bohra",
        "primary_group_name": "ds-students",
        "flair_name": "ds-students",
        "flair_url": null,
        "flair_bg_color": "",
        "flair_color": "",
        "flair_group_id": 294,
        "badges_granted": [],
        "version": 1,
        "can_edit": false,
        "can_delete": false,
        "can_recover": false,
        "can_see_hidden_post": false,
        "can_wiki": false,
        "read": false,
        "user_title": null,
        "bookmarked": false,
        "actions_summary": [
          {
            "id": 2,
            "can_act": true
          },
          {
            "id": 6,
            "can_act": true
          },
          {
            "id": 3,
            "can_act": true
          },
          {
            "id": 4,
            "can_act": true
          },
          {
            "id": 8,
            "can_act": true
          },
          {
            "id": 10,
            "can_act": true
          },
          {
            "id": 7,
            "can_act": true
          }
        ],
        "moderator": false,
        "admin": false,
        "staff": false,
        "user_id": 32468,
        "hidden": false,
        "trust_level": 1,
        "deleted_at": null,
        "user_deleted": false,
        "edit_reason": null,
        "can_view_edit_history": true,
        "wiki": false,
        "post_url": "/t/create-a-question-solving-groups-for-roe/168567/8",
        "user_cakedate": "2024-06-04",
        "reactions": [],
        "current_user_reaction": null,
        "reaction_users_count": 0,
        "current_user_used_main_reaction": false,
        "can_accept_answer": false,
        "can_unaccept_answer": false,
        "accepted_answer": false,
        "topic_accepted_answer": true
      },
      {
        "id": 600404,
        "name": "Andrew David",
        "username": "23f1002382",
        "avatar_template": "/user_avatar/discourse.onlinedegree.iitm.ac.in/23f1002382/{size}/68945_2.png",
        "created_at": "2025-02-26T15:59:14.516Z",
        "cooked": "<p>Yeah thats the idea…</p>",
        "post_number": 9,
        "post_type": 1,
        "posts_count": 17,
        "updated_at": "2025-02-26T15:59:14.516Z",
        "reply_count": 0,
        "reply_to_post_number": 7,
        "quote_count": 0,
        "incoming_link_count": 0,
        "reads": 168,
        "readers_count": 167,
        "score": 33.6,
        "yours": false,
        "topic_id": 168567,
        "topic_slug": "create-a-question-solving-groups-for-roe",
        "display_username": "Andrew David",
        "primary_group_name": "ds-students",
        "flair_name": "ds-students",
        "flair_url": null,
        "flair_bg_color": "",
        "flair_color": "",
        "flair_group_id": 294,
        "badges_granted": [],
        "version": 1,
        "can_edit": false,
        "can_delete": false,
        "can_recover": false,
        "can_see_hidden_post": false,
        "can_wiki": false,
        "read": false,
        "user_title": null,
        "reply_to_user": {
          "id": 32468,
          "username": "ItsMeAlex",
          "name": "Manit Bohra",
          "avatar_template": "/user_avatar/discourse.onlinedegree.iitm.ac.in/itsmealex/{size}/119167_2.png"
        },
        "bookmarked": false,
        "actions_summary": [
          {
            "id": 2,
            "can_act": true
          },
          {
            "id": 6,
            "can_act": true
          },
          {
            "id": 3,
            "can_act": true
          },
          {
            "id": 4,
            "can_act": true
          },
          {
            "id": 8,
            "can_act": true
          },
          {
            "id": 10,
            "can_act": true
          },
          {
            "id": 7,
            "can_act": true
          }
        ],
        "moderator": false,
        "admin": false,
        "staff": false,
        "user_id": 18297,
        "hidden": false,
        "trust_level": 1,
        "deleted_at": null,
        "user_deleted": false,
        "edit_reason": null,
        "can_view_edit_history": true,
        "wiki": false,
        "post_url": "/t/create-a-question-solving-groups-for-roe/168567/9",
        "user_cakedate": "2023-06-05",
        "user_birthdate": "1904-01-05",
        "reactions": [],
        "current_user_reaction": null,
        "reaction_users_count": 0,
        "current_user_used_main_reaction": false,
        "can_accept_answer": false,
        "can_unaccept_answer": false,
        "accepted_answer": false,
        "topic_accepted_answer": true
      },
      {
        "id": 600405,
        "name": "Andrew David",
        "username": "23f1002382",
        "avatar_template": "/user_avatar/discourse.onlinedegree.iitm.ac.in/23f1002382/{size}/68945_2.png",
        "created_at": "2025-02-26T15:59:28.646Z",
        "cooked": "<p><a href=\"https://discourse.onlinedegree.iitm.ac.in/t/whats-the-actual-purpose-of-impossible-roe-exam/99838/2\">https://discourse.onlinedegree.iitm.ac.in/t/whats-the-actual-purpose-of-impossible-roe-exam/99838/2</a></p>",
        "post_number": 10,
        "post_type": 1,
        "posts_count": 17,
        "updated_at": "2025-02-26T15:59:28.646Z",
        "reply_count": 1,
        "reply_to_post_number": 5,
        "quote_count": 0,
        "incoming_link_count": 0,
        "reads": 168,
        "readers_count": 167,
        "score": 38.6,
        "yours": false,
        "topic_id": 168567,
        "topic_slug": "create-a-question-solving-groups-for-roe",
        "display_username": "Andrew David",
        "primary_group_name": "ds-students",
        "flair_name": "ds-students",
        "flair_url": null,
        "flair_bg_color": "",
        "flair_color": "",
        "flair_group_id": 294,
        "badges_granted": [],
        "version": 1,
        "can_edit": false,
        "can_delete": false,
        "can_recover": false,
        "can_see_hidden_post": false,
        "can_wiki": false,
        "read": false,
        "user_title": null,
        "reply_to_user": {
          "id": 36619,
          "username": "trebhuvansb",
          "name": "Trebhuvan SB",
          "avatar_template": "/user_avatar/discourse.onlinedegree.iitm.ac.in/trebhuvansb/{size}/109875_2.png"
        },
        "bookmarked": false,
        "actions_summary": [
          {
            "id": 2,
            "can_act": true
          },
          {
            "id": 6,
            "can_act": true
          },
          {
            "id": 3,
            "can_act": true
          },
          {
            "id": 4,
            "can_act": true
          },
          {
            "id": 8,
            "can_act": true
          },
          {
            "id": 10,
            "can_act": true
          },
          {
            "id": 7,
            "can_act": true
          }
        ],
        "moderator": false,
        "admin": false,
        "staff": false,
        "user_id": 18297,
        "hidden": false,
        "trust_level": 1,
        "deleted_at": null,
        "user_deleted": false,
        "edit_reason": null,
        "can_view_edit_history": true,
        "wiki": false,
        "post_url": "/t/create-a-question-solving-groups-for-roe/168567/10",
        "user_cakedate": "2023-06-05",
        "user_birthdate": "1904-01-05",
        "reactions": [],
        "current_user_reaction": null,
        "reaction_users_count": 0,
        "current_user_used_main_reaction": false,
        "can_accept_answer": false,
        "can_unaccept_answer": false,
        "accepted_answer": false,
        "topic_accepted_answer": true
      },
      {
        "id": 600407,
        "name": "Trebhuvan SB",
        "username": "trebhuvansb",
        "avatar_template": "/user_avatar/discourse.onlinedegree.iitm.ac.in/trebhuvansb/{size}/109875_2.png",
        "created_at": "2025-02-26T16:01:28.501Z",
        "cooked": "<p>Their whole concept of implicit learning disappears when people start sharing answers in a public forum.</p>",
        "post_number": 11,
        "post_type": 1,
        "posts_count": 17,
        "updated_at": "2025-02-26T16:01:28.501Z",
        "reply_count": 1,
        "reply_to_post_number": 10,
        "quote_count": 0,
        "incoming_link_count": 0,
        "reads": 181,
        "readers_count": 180,
        "score": 41.2,
        "yours": false,
        "topic_id": 168567,
        "topic_slug": "create-a-question-solving-groups-for-roe",
        "display_username": "Trebhuvan SB",
        "primary_group_name": "ds-students",
        "flair_name": "ds-students",
        "flair_url": null,
        "flair_bg_color": "",
        "flair_color": "",
        "flair_group_id": 294,
        "badges_granted": [],
        "version": 1,
        "can_edit": false,
        "can_delete": false,
        "can_recover": false,
        "can_see_hidden_post": false,
        "can_wiki": false,
        "read": false,
        "user_title": null,
        "reply_to_user": {
          "id": 18297,
          "username": "23f1002382",
          "name": "Andrew David",
          "avatar_template": "/user_avatar/discourse.onlinedegree.iitm.ac.in/23f1002382/{size}/68945_2.png"
        },
        "bookmarked": false,
        "actions_summary": [
          {
            "id": 2,
            "can_act": true
          },
          {
            "id": 6,
            "can_act": true
          },
          {
            "id": 3,
            "can_act": true
          },
          {
            "id": 4,
            "can_act": true
          },
          {
            "id": 8,
            "can_act": true
          },
          {
            "id": 10,
            "can_act": true
          },
          {
            "id": 7,
            "can_act": true
          }
        ],
        "moderator": false,
        "admin": false,
        "staff": false,
        "user_id": 36619,
        "hidden": false,
        "trust_level": 1,
        "deleted_at": null,
        "user_deleted": false,
        "edit_reason": null,
        "can_view_edit_history": true,
        "wiki": false,
        "post_url": "/t/create-a-question-solving-groups-for-roe/168567/11",
        "user_cakedate": "2024-09-21",
        "reactions": [],
        "current_user_reaction": null,
        "reaction_users_count": 0,
        "current_user_used_main_reaction": false,
        "can_accept_answer": false,
        "can_unaccept_answer": false,
        "accepted_answer": false,
        "topic_accepted_answer": true
      },
      {
        "id": 600408,
        "name": "Andrew David",
        "username": "23f1002382",
        "avatar_template": "/user_avatar/discourse.onlinedegree.iitm.ac.in/23f1002382/{size}/68945_2.png",
        "created_at": "2025-02-26T16:03:20.750Z",
        "cooked": "<aside class=\"quote no-group\" data-username=\"What's the actual purpose of impossible ROE exam?\" data-post=\"25\" data-topic=\"181581\">\n<div class=\"title\">\n<div class=\"quote-controls\"></div>\n<a href=\"/t/181581/25\">On another topic</a></div>\n<blockquote>\n<p>et?</p>\n</blockquote>\n</aside>\n<p>read the post, its about explicit learning xD<br>\nEDIT its implicit my bad !</p>",
        "post_number": 12,
        "post_type": 1,
        "posts_count": 17,
        "updated_at": "2025-02-26T16:04:00.339Z",
        "reply_count": 0,
        "reply_to_post_number": 11,
        "quote_count": 0,
        "incoming_link_count": 0,
        "reads": 182,
        "readers_count": 181,
        "score": 36.4,
        "yours": false,
        "topic_id": 168567,
        "topic_slug": "create-a-question-solving-groups-for-roe",
        "display_username": "Andrew David",
        "primary_group_name": "ds-students",
        "flair_name": "ds-students",
        "flair_url": null,
        "flair_bg_color": "",
        "flair_color": "",
        "flair_group_id": 294,
        "badges_granted": [],
        "version": 1,
        "can_edit": false,
        "can_delete": false,
        "can_recover": false,
        "can_see_hidden_post": false,
        "can_wiki": false,
        "link_counts": [
          {
            "url": "https://discourse.onlinedegree.iitm.ac.in/t/roe-prep-discussion-thread-tds-may-2025/181581/25",
            "internal": true,
            "reflection": false,
            "title": "ROE Prep - Discussion Thread [TDS MAY 2025]",
            "clicks": 0
          }
        ],
        "read": false,
        "user_title": null,
        "reply_to_user": {
          "id": 36619,
          "username": "trebhuvansb",
          "name": "Trebhuvan SB",
          "avatar_template": "/user_avatar/discourse.onlinedegree.iitm.ac.in/trebhuvansb/{size}/109875_2.png"
        },
        "bookmarked": false,
        "actions_summary": [
          {
            "id": 2,
            "can_act": true
          },
          {
            "id": 6,
            "can_act": true
          },
          {
            "id": 3,
            "can_act": true
          },
          {
            "id": 4,
            "can_act": true
          },
          {
            "id": 8,
            "can_act": true
          },
          {
            "id": 10,
            "can_act": true
          },
          {
            "id": 7,
            "can_act": true
          }
        ],
        "moderator": false,
        "admin": false,
        "staff": false,
        "user_id": 18297,
        "hidden": false,
        "trust_level": 1,
        "deleted_at": null,
        "user_deleted": false,
        "edit_reason": null,
        "can_view_edit_history": true,
        "wiki": false,
        "post_url": "/t/create-a-question-solving-groups-for-roe/168567/12",
        "user_cakedate": "2023-06-05",
        "user_birthdate": "1904-01-05",
        "reactions": [],
        "current_user_reaction": null,
        "reaction_users_count": 0,
        "current_user_used_main_reaction": false,
        "can_accept_answer": false,
        "can_unaccept_answer": false,
        "accepted_answer": false,
        "topic_accepted_answer": true
      },
      {
        "id": 600409,
        "name": "Trebhuvan SB",
        "username": "trebhuvansb",
        "avatar_template": "/user_avatar/discourse.onlinedegree.iitm.ac.in/trebhuvansb/{size}/109875_2.png",
        "created_at": "2025-02-26T16:05:01.591Z",
        "cooked": "<p>off topic, how do you dm people on discourse?</p>",
        "post_number": 13,
        "post_type": 1,
        "posts_count": 17,
        "updated_at": "2025-02-26T16:05:01.591Z",
        "reply_count": 0,
        "reply_to_post_number": null,
        "quote_count": 0,
        "incoming_link_count": 0,
        "reads": 181,
        "readers_count": 180,
        "score": 36.2,
        "yours": false,
        "topic_id": 168567,
        "topic_slug": "create-a-question-solving-groups-for-roe",
        "display_username": "Trebhuvan SB",
        "primary_group_name": "ds-students",
        "flair_name": "ds-students",
        "flair_url": null,
        "flair_bg_color": "",
        "flair_color": "",
        "flair_group_id": 294,
        "badges_granted": [],
        "version": 1,
        "can_edit": false,
        "can_delete": false,
        "can_recover": false,
        "can_see_hidden_post": false,
        "can_wiki": false,
        "read": false,
        "user_title": null,
        "bookmarked": false,
        "actions_summary": [
          {
            "id": 2,
            "can_act": true
          },
          {
            "id": 6,
            "can_act": true
          },
          {
            "id": 3,
            "can_act": true
          },
          {
            "id": 4,
            "can_act": true
          },
          {
            "id": 8,
            "can_act": true
          },
          {
            "id": 10,
            "can_act": true
          },
          {
            "id": 7,
            "can_act": true
          }
        ],
        "moderator": false,
        "admin": false,
        "staff": false,
        "user_id": 36619,
        "hidden": false,
        "trust_level": 1,
        "deleted_at": null,
        "user_deleted": false,
        "edit_reason": null,
        "can_view_edit_history": true,
        "wiki": false,
        "post_url": "/t/create-a-question-solving-groups-for-roe/168567/13",
        "user_cakedate": "2024-09-21",
        "reactions": [],
        "current_user_reaction": null,
        "reaction_users_count": 0,
        "current_user_used_main_reaction": false,
        "can_accept_answer": false,
        "can_unaccept_answer": false,
        "accepted_answer": false,
        "topic_accepted_answer": true
      },
      {
        "id": 600410,
        "name": "shivam dubey",
        "username": "23f1002279",
        "avatar_template": "/user_avatar/discourse.onlinedegree.iitm.ac.in/23f1002279/{size}/66833_2.png",
        "created_at": "2025-02-26T16:05:14.381Z",
        "cooked": "<p>So, are we using this thread, or should we make a Google space or something?</p>",
        "post_number": 14,
        "post_type": 1,
        "posts_count": 17,
        "updated_at": "2025-02-26T16:05:14.381Z",
        "reply_count": 0,
        "reply_to_post_number": null,
        "quote_count": 0,
        "incoming_link_count": 0,
        "reads": 189,
        "readers_count": 188,
        "score": 37.8,
        "yours": false,
        "topic_id": 168567,
        "topic_slug": "create-a-question-solving-groups-for-roe",
        "display_username": "shivam dubey",
        "primary_group_name": "ds-students",
        "flair_name": "ds-students",
        "flair_url": null,
        "flair_bg_color": "",
        "flair_color": "",
        "flair_group_id": 294,
        "badges_granted": [],
        "version": 1,
        "can_edit": false,
        "can_delete": false,
        "can_recover": false,
        "can_see_hidden_post": false,
        "can_wiki": false,
        "read": false,
        "user_title": null,
        "bookmarked": false,
        "actions_summary": [
          {
            "id": 2,
            "can_act": true
          },
          {
            "id": 6,
            "can_act": true
          },
          {
            "id": 3,
            "can_act": true
          },
          {
            "id": 4,
            "can_act": true
          },
          {
            "id": 8,
            "can_act": true
          },
          {
            "id": 10,
            "can_act": true
          },
          {
            "id": 7,
            "can_act": true
          }
        ],
        "moderator": false,
        "admin": false,
        "staff": false,
        "user_id": 19275,
        "hidden": false,
        "trust_level": 1,
        "deleted_at": null,
        "user_deleted": false,
        "edit_reason": null,
        "can_view_edit_history": true,
        "wiki": false,
        "post_url": "/t/create-a-question-solving-groups-for-roe/168567/14",
        "user_cakedate": "2023-06-08",
        "reactions": [],
        "current_user_reaction": null,
        "reaction_users_count": 0,
        "current_user_used_main_reaction": false,
        "can_accept_answer": false,
        "can_unaccept_answer": false,
        "accepted_answer": false,
        "topic_accepted_answer": true
      },
      {
        "id": 600411,
        "name": "Andrew David",
        "username": "23f1002382",
        "avatar_template": "/user_avatar/discourse.onlinedegree.iitm.ac.in/23f1002382/{size}/68945_2.png",
        "created_at": "2025-02-26T16:06:06.736Z",
        "cooked": "<p>I created a discord</p><aside class=\"onebox allowlistedgeneric\" data-onebox-src=\"https://discord.com/invite/vFTqFMw6\">\n  <header class=\"source\">\n      <img src=\"https://europe1.discourse-cdn.com/flex013/uploads/iitm/original/3X/0/6/069dfcbf1c98ea2160a1c33abb79107eaf6f2b36.png\" class=\"site-icon\" data-dominant-color=\"8891F6\" width=\"256\" height=\"256\">\n\n      <a href=\"https://discord.com/invite/vFTqFMw6\" target=\"_blank\" rel=\"noopener nofollow ugc\">Discord</a>\n  </header>\n\n  <article class=\"onebox-body\">\n    \n\n<h3><a href=\"https://discord.com/invite/vFTqFMw6\" target=\"_blank\" rel=\"noopener nofollow ugc\">Join the ACING ROE 1 Discord Server!</a></h3>\n\n  <p>Check out the ACING ROE 1 community on Discord – hang out with 1 other members and enjoy free voice and text chat.</p>\n\n\n  </article>\n\n  <div class=\"onebox-metadata\">\n    \n    \n  </div>\n\n  <div style=\"clear: both\"></div>\n</aside>\n<p><span class=\"mention\">@all</span></p>",
        "post_number": 15,
        "post_type": 1,
        "posts_count": 17,
        "updated_at": "2025-02-26T16:06:06.736Z",
        "reply_count": 1,
        "reply_to_post_number": null,
        "quote_count": 0,
        "incoming_link_count": 4,
        "reads": 189,
        "readers_count": 188,
        "score": 77.8,
        "yours": false,
        "topic_id": 168567,
        "topic_slug": "create-a-question-solving-groups-for-roe",
        "display_username": "Andrew David",
        "primary_group_name": "ds-students",
        "flair_name": "ds-students",
        "flair_url": null,
        "flair_bg_color": "",
        "flair_color": "",
        "flair_group_id": 294,
        "badges_granted": [],
        "version": 1,
        "can_edit": false,
        "can_delete": false,
        "can_recover": false,
        "can_see_hidden_post": false,
        "can_wiki": false,
        "link_counts": [
          {
            "url": "https://discord.com/invite/vFTqFMw6",
            "internal": false,
            "reflection": false,
            "title": "ACING ROE 1",
            "clicks": 72
          }
        ],
        "read": false,
        "user_title": null,
        "bookmarked": false,
        "actions_summary": [
          {
            "id": 2,
            "count": 1,
            "can_act": true
          },
          {
            "id": 6,
            "can_act": true
          },
          {
            "id": 3,
            "can_act": true
          },
          {
            "id": 4,
            "can_act": true
          },
          {
            "id": 8,
            "can_act": true
          },
          {
            "id": 10,
            "can_act": true
          },
          {
            "id": 7,
            "can_act": true
          }
        ],
        "moderator": false,
        "admin": false,
        "staff": false,
        "user_id": 18297,
        "hidden": false,
        "trust_level": 1,
        "deleted_at": null,
        "user_deleted": false,
        "edit_reason": null,
        "can_view_edit_history": true,
        "wiki": false,
        "post_url": "/t/create-a-question-solving-groups-for-roe/168567/15",
        "user_cakedate": "2023-06-05",
        "user_birthdate": "1904-01-05",
        "reactions": [
          {
            "id": "heart",
            "type": "emoji",
            "count": 1
          }
        ],
        "current_user_reaction": null,
        "reaction_users_count": 1,
        "current_user_used_main_reaction": false,
        "can_accept_answer": false,
        "can_unaccept_answer": false,
        "accepted_answer": true,
        "topic_accepted_answer": true
      },
      {
        "id": 693981,
        "name": "Shriya",
        "username": "25ds3000144",
        "avatar_template": "/user_avatar/discourse.onlinedegree.iitm.ac.in/25ds3000144/{size}/119620_2.png",
        "created_at": "2025-11-05T16:08:00.770Z",
        "cooked": "<p>can u plz resend the link , It shows link expired</p>",
        "post_number": 17,
        "post_type": 1,
        "posts_count": 17,
        "updated_at": "2025-11-05T16:08:00.770Z",
        "reply_count": 1,
        "reply_to_post_number": 15,
        "quote_count": 0,
        "incoming_link_count": 0,
        "reads": 59,
        "readers_count": 58,
        "score": 31.8,
        "yours": false,
        "topic_id": 168567,
        "topic_slug": "create-a-question-solving-groups-for-roe",
        "display_username": "Shriya",
        "primary_group_name": "ds-students",
        "flair_name": "ds-students",
        "flair_url": null,
        "flair_bg_color": "",
        "flair_color": "",
        "flair_group_id": 294,
        "badges_granted": [],
        "version": 1,
        "can_edit": false,
        "can_delete": false,
        "can_recover": false,
        "can_see_hidden_post": false,
        "can_wiki": false,
        "read": false,
        "user_title": null,
        "reply_to_user": {
          "id": 18297,
          "username": "23f1002382",
          "name": "Andrew David",
          "avatar_template": "/user_avatar/discourse.onlinedegree.iitm.ac.in/23f1002382/{size}/68945_2.png"
        },
        "bookmarked": false,
        "actions_summary": [
          {
            "id": 2,
            "count": 1,
            "can_act": true
          },
          {
            "id": 6,
            "can_act": true
          },
          {
            "id": 3,
            "can_act": true
          },
          {
            "id": 4,
            "can_act": true
          },
          {
            "id": 8,
            "can_act": true
          },
          {
            "id": 10,
            "can_act": true
          },
          {
            "id": 7,
            "can_act": true
          }
        ],
        "moderator": false,
        "admin": false,
        "staff": false,
        "user_id": 51549,
        "hidden": false,
        "trust_level": 0,
        "deleted_at": null,
        "user_deleted": false,
        "edit_reason": null,
        "can_view_edit_history": true,
        "wiki": false,
        "post_url": "/t/create-a-question-solving-groups-for-roe/168567/17",
        "user_cakedate": "2025-09-18",
        "reactions": [
          {
            "id": "+1",
            "type": "emoji",
            "count": 1
          }
        ],
        "current_user_reaction": null,
        "reaction_users_count": 1,
        "current_user_used_main_reaction": false,
        "can_accept_answer": false,
        "can_unaccept_answer": false,
        "accepted_answer": false,
        "topic_accepted_answer": true
      },
      {
        "id": 694397,
        "name": "Vishnu Murugesh V",
        "username": "Vishy",
        "avatar_template": "/user_avatar/discourse.onlinedegree.iitm.ac.in/vishy/{size}/68724_2.png",
        "created_at": "2025-11-07T08:21:53.210Z",
        "cooked": "<p>did you get the link coz it is still showing expired for me</p>",
        "post_number": 18,
        "post_type": 1,
        "posts_count": 17,
        "updated_at": "2025-11-07T08:21:53.210Z",
        "reply_count": 0,
        "reply_to_post_number": 17,
        "quote_count": 0,
        "incoming_link_count": 1,
        "reads": 41,
        "readers_count": 40,
        "score": 13.2,
        "yours": false,
        "topic_id": 168567,
        "topic_slug": "create-a-question-solving-groups-for-roe",
        "display_username": "Vishnu Murugesh V",
        "primary_group_name": "ds-students",
        "flair_name": "ds-students",
        "flair_url": null,
        "flair_bg_color": "",
        "flair_color": "",
        "flair_group_id": 294,
        "badges_granted": [],
        "version": 1,
        "can_edit": false,
        "can_delete": false,
        "can_recover": false,
        "can_see_hidden_post": false,
        "can_wiki": false,
        "read": false,
        "user_title": null,
        "reply_to_user": {
          "id": 51549,
          "username": "25ds3000144",
          "name": "Shriya",
          "avatar_template": "/user_avatar/discourse.onlinedegree.iitm.ac.in/25ds3000144/{size}/119620_2.png"
        },
        "bookmarked": false,
        "actions_summary": [
          {
            "id": 2,
            "can_act": true
          },
          {
            "id": 6,
            "can_act": true
          },
          {
            "id": 3,
            "can_act": true
          },
          {
            "id": 4,
            "can_act": true
          },
          {
            "id": 8,
            "can_act": true
          },
          {
            "id": 10,
            "can_act": true
          },
          {
            "id": 7,
            "can_act": true
          }
        ],
        "moderator": false,
        "admin": false,
        "staff": false,
        "user_id": 19059,
        "hidden": false,
        "trust_level": 1,
        "deleted_at": null,
        "user_deleted": false,
        "edit_reason": null,
        "can_view_edit_history": true,
        "wiki": false,
        "post_url": "/t/create-a-question-solving-groups-for-roe/168567/18",
        "user_cakedate": "2023-06-06",
        "reactions": [],
        "current_user_reaction": null,
        "reaction_users_count": 0,
        "current_user_used_main_reaction": false,
        "can_accept_answer": false,
        "can_unaccept_answer": false,
        "accepted_answer": false,
        "topic_accepted_answer": true
      }
    ],
    "stream": [
      600396,
      600397,
      600398,
      600399,
      600400,
      600401,
      600402,
      600403,
      600404,
      600405,
      600407,
      600408,
      600409,
      600410,
      600411,
      693981,
      694397
    ]
  },
  "timeline_lookup": [
    [
      1,
      264
    ],
    [
      12,
      263
    ],
    [
      16,
      11
    ],
    [
      17,
      10
    ]
  ],
  "suggested_topics": [
    {
      "fancy_title": "Submission Issue",
      "id": 191628,
      "title": "Submission Issue",
      "slug": "submission-issue",
      "posts_count": 1,
      "reply_count": 0,
      "highest_post_number": 1,
      "image_url": "https://europe1.discourse-cdn.com/flex013/uploads/iitm/optimized/3X/4/4/44dc3c61e92c828ce41f420245a133ac58e7488c_2_1024x576.png",
      "created_at": "2025-11-16T18:34:00.062Z",
      "last_posted_at": "2025-11-16T18:34:00.258Z",
      "bumped": true,
      "bumped_at": "2025-11-16T18:34:00.258Z",
      "archetype": "regular",
      "unseen": true,
      "pinned": false,
      "unpinned": null,
      "visible": true,
      "closed": false,
      "archived": false,
      "bookmarked": null,
      "liked": null,
      "tags": [
        "clarification",
        "operational",
        "term3-2025"
      ],
      "tags_descriptions": {},
      "like_count": 0,
      "views": 7,
      "category_id": 34,
      "featured_link": null,
      "has_accepted_answer": false,
      "posters": [
        {
          "extras": "latest single",
          "description": "Original Poster, Most Recent Poster",
          "user": {
            "id": 18836,
            "username": "23f2003033",
            "name": "Vedang Pawar",
            "avatar_template": "/user_avatar/discourse.onlinedegree.iitm.ac.in/23f2003033/{size}/67243_2.png",
            "primary_group_name": "ds-students",
            "flair_name": "ds-students",
            "flair_group_id": 294,
            "trust_level": 1
          }
        }
      ]
    }
  ],
  "tags": [
    "term1-2025",
    "tds-roe"
  ],
  "tags_descriptions": {},
  "fancy_title": "Create a Question solving groups for ROE",
  "id": 168567,
  "title": "Create a Question solving groups for ROE",
  "posts_count": 17,
  "created_at": "2025-02-26T15:49:28.271Z",
  "views": 302,
  "reply_count": 10,
  "like_count": 9,
  "last_posted_at": "2025-11-07T08:21:53.210Z",
  "visible": true,
  "closed": false,
  "archived": false,
  "has_summary": false,
  "archetype": "regular",
  "slug": "create-a-question-solving-groups-for-roe",
  "category_id": 34,
  "word_count": 293,
  "deleted_at": null,
  "user_id": 18297,
  "featured_link": null,
  "pinned_globally": false,
  "pinned_at": null,
  "pinned_until": null,
  "image_url": null,
  "slow_mode_seconds": 0,
  "draft": null,
  "draft_key": "topic_168567",
  "draft_sequence": 0,
  "posted": false,
  "unpinned": null,
  "pinned": false,
  "current_post_number": 1,
  "highest_post_number": 18,
  "last_read_post_number": null,
  "last_read_post_id": null,
  "deleted_by": null,
  "actions_summary": [
    {
      "id": 4,
      "count": 0,
      "hidden": false,
      "can_act": true
    },
    {
      "id": 8,
      "count": 0,
      "hidden": false,
      "can_act": true
    },
    {
      "id": 10,
      "count": 0,
      "hidden": false,
      "can_act": true
    },
    {
      "id": 7,
      "count": 0,
      "hidden": false,
      "can_act": true
    }
  ],
  "chunk_size": 20,
  "bookmarked": false,
  "topic_timer": null,
  "message_bus_last_id": 0,
  "participant_count": 6,
  "show_read_indicator": false,
  "thumbnails": null,
  "slow_mode_enabled_until": null,
  "tags_disable_ads": false,
  "related_topics": [
    {
      "fancy_title": "March 12th: Thread for ROE Collaboration [Created by Course Team]",
      "id": 81067,
      "title": "March 12th: Thread for ROE Collaboration [Created by Course Team]",
      "slug": "march-12th-thread-for-roe-collaboration-created-by-course-team",
      "posts_count": 212,
      "reply_count": 101,
      "highest_post_number": 214,
      "image_url": null,
      "created_at": "2023-03-12T12:53:11.760Z",
      "last_posted_at": "2023-03-22T14:27:16.004Z",
      "bumped": true,
      "bumped_at": "2023-03-22T14:27:16.004Z",
      "archetype": "regular",
      "unseen": false,
      "pinned": false,
      "unpinned": null,
      "visible": true,
      "closed": false,
      "archived": false,
      "bookmarked": null,
      "liked": null,
      "tags": [
        "quiz"
      ],
      "tags_descriptions": {},
      "like_count": 209,
      "views": 963,
      "category_id": 34,
      "featured_link": null,
      "has_accepted_answer": false,
      "posters": [
        {
          "extras": null,
          "description": "Original Poster",
          "user": {
            "id": 6142,
            "username": "Dixon",
            "name": "Dixon",
            "avatar_template": "/user_avatar/discourse.onlinedegree.iitm.ac.in/dixon/{size}/1027_2.png",
            "trust_level": 1
          }
        },
        {
          "extras": null,
          "description": "Frequent Poster",
          "user": {
            "id": 6580,
            "username": "21f2000683",
            "name": "Harshal",
            "avatar_template": "/user_avatar/discourse.onlinedegree.iitm.ac.in/21f2000683/{size}/111598_2.png",
            "primary_group_name": "ds-students",
            "flair_name": "ds-students",
            "flair_group_id": 294,
            "trust_level": 1
          }
        },
        {
          "extras": null,
          "description": "Frequent Poster",
          "user": {
            "id": 6346,
            "username": "21f2001315",
            "name": "Anchal Sharma",
            "avatar_template": "https://avatars.discourse-cdn.com/v4/letter/2/a88e4f/{size}.png",
            "primary_group_name": "ds-students",
            "flair_name": "ds-students",
            "flair_group_id": 294,
            "trust_level": 1
          }
        },
        {
          "extras": null,
          "description": "Frequent Poster",
          "user": {
            "id": 11178,
            "username": "bLanK",
            "name": "Manish",
            "avatar_template": "/user_avatar/discourse.onlinedegree.iitm.ac.in/blank/{size}/84892_2.png",
            "primary_group_name": "ds-students",
            "flair_name": "ds-students",
            "flair_group_id": 294,
            "trust_level": 1
          }
        },
        {
          "extras": "latest",
          "description": "Most Recent Poster",
          "user": {
            "id": 13524,
            "username": "22f1000731",
            "name": "Gaurav Singh",
            "avatar_template": "/user_avatar/discourse.onlinedegree.iitm.ac.in/22f1000731/{size}/18912_2.png",
            "primary_group_name": "ds-students",
            "flair_name": "ds-students",
            "flair_group_id": 294,
            "trust_level": 1
          }
        }
      ]
    },
    {
      "fancy_title": "ROE1 for TDS - Syllabus and other details",
      "id": 68873,
      "title": "ROE1 for TDS - Syllabus and other details",
      "slug": "roe1-for-tds-syllabus-and-other-details",
      "posts_count": 75,
      "reply_count": 53,
      "highest_post_number": 76,
      "image_url": null,
      "created_at": "2022-10-27T11:18:37.896Z",
      "last_posted_at": "2023-07-24T02:30:33.338Z",
      "bumped": true,
      "bumped_at": "2023-07-24T02:30:33.338Z",
      "archetype": "regular",
      "unseen": false,
      "pinned": false,
      "unpinned": null,
      "visible": true,
      "closed": false,
      "archived": false,
      "bookmarked": null,
      "liked": null,
      "tags": [
        "term3-2022",
        "tds-roe"
      ],
      "tags_descriptions": {},
      "like_count": 52,
      "views": 1391,
      "category_id": 34,
      "featured_link": null,
      "has_accepted_answer": true,
      "posters": [
        {
          "extras": null,
          "description": "Original Poster",
          "user": {
            "id": 1518,
            "username": "swarnika",
            "name": "Swarnika Sriram",
            "avatar_template": "/user_avatar/discourse.onlinedegree.iitm.ac.in/swarnika/{size}/84_2.png",
            "primary_group_name": "ds-students",
            "flair_name": "ds-students",
            "flair_group_id": 294,
            "trust_level": 1
          }
        },
        {
          "extras": null,
          "description": "Frequent Poster, Accepted Answer",
          "user": {
            "id": 6142,
            "username": "Dixon",
            "name": "Dixon",
            "avatar_template": "/user_avatar/discourse.onlinedegree.iitm.ac.in/dixon/{size}/1027_2.png",
            "trust_level": 1
          }
        },
        {
          "extras": null,
          "description": "Frequent Poster",
          "user": {
            "id": 600,
            "username": "Shabarish1403",
            "name": "P V Shabarish",
            "avatar_template": "/user_avatar/discourse.onlinedegree.iitm.ac.in/shabarish1403/{size}/963_2.png",
            "primary_group_name": "ds-students",
            "flair_name": "ds-students",
            "flair_group_id": 294,
            "trust_level": 1
          }
        },
        {
          "extras": null,
          "description": "Frequent Poster",
          "user": {
            "id": 3024,
            "username": "papadelta_5636",
            "name": "Preetodeep Dev",
            "avatar_template": "https://avatars.discourse-cdn.com/v4/letter/p/dc4da7/{size}.png",
            "primary_group_name": "ds-students",
            "flair_name": "Community-TA",
            "flair_url": "handshake-angle",
            "flair_bg_color": "717BF7",
            "flair_color": "6BEE3D",
            "flair_group_id": 89,
            "trust_level": 2
          }
        },
        {
          "extras": "latest",
          "description": "Most Recent Poster",
          "user": {
            "id": 13670,
            "username": "pds_staff",
            "name": "Discourse Staff",
            "avatar_template": "/user_avatar/discourse.onlinedegree.iitm.ac.in/pds_staff/{size}/71791_2.png",
            "admin": true,
            "moderator": true,
            "trust_level": 4
          }
        }
      ]
    },
    {
      "fancy_title": "Let&rsquo;s Discuss TDS-ROE : Live Thread for ROE",
      "id": 109642,
      "title": "Let's Discuss TDS-ROE : Live Thread for ROE",
      "slug": "lets-discuss-tds-roe-live-thread-for-roe",
      "posts_count": 226,
      "reply_count": 139,
      "highest_post_number": 282,
      "image_url": null,
      "created_at": "2023-11-18T09:17:57.748Z",
      "last_posted_at": "2023-11-25T12:56:16.945Z",
      "bumped": true,
      "bumped_at": "2023-11-25T12:55:59.916Z",
      "archetype": "regular",
      "unseen": false,
      "pinned": false,
      "unpinned": null,
      "visible": true,
      "closed": true,
      "archived": false,
      "bookmarked": null,
      "liked": null,
      "tags": [
        "tds-roe"
      ],
      "tags_descriptions": {},
      "like_count": 255,
      "views": 1547,
      "category_id": 34,
      "featured_link": null,
      "has_accepted_answer": true,
      "posters": [
        {
          "extras": "latest",
          "description": "Original Poster, Most Recent Poster, Accepted Answer",
          "user": {
            "id": 3009,
            "username": "Amit1",
            "name": "Amit Kumar Gupta",
            "avatar_template": "/user_avatar/discourse.onlinedegree.iitm.ac.in/amit1/{size}/30210_2.png",
            "primary_group_name": "ds-students",
            "flair_name": "ds-students",
            "flair_group_id": 294,
            "trust_level": 1
          }
        },
        {
          "extras": null,
          "description": "Frequent Poster",
          "user": {
            "id": 7050,
            "username": "Azfar",
            "name": "Azfar Faheem Mustafa",
            "avatar_template": "/user_avatar/discourse.onlinedegree.iitm.ac.in/azfar/{size}/12613_2.png",
            "primary_group_name": "ds-students",
            "flair_name": "ds-students",
            "flair_group_id": 294,
            "trust_level": 1
          }
        },
        {
          "extras": null,
          "description": "Frequent Poster",
          "user": {
            "id": 11804,
            "username": "Harshit1",
            "name": "Harshit Malviya",
            "avatar_template": "/user_avatar/discourse.onlinedegree.iitm.ac.in/harshit1/{size}/14828_2.png",
            "primary_group_name": "ds-students",
            "flair_name": "ds-students",
            "flair_group_id": 294,
            "trust_level": 1
          }
        },
        {
          "extras": null,
          "description": "Frequent Poster",
          "user": {
            "id": 15426,
            "username": "22f1000528",
            "name": "C. Raghavi",
            "avatar_template": "/user_avatar/discourse.onlinedegree.iitm.ac.in/22f1000528/{size}/13796_2.png",
            "primary_group_name": "ds-students",
            "flair_name": "ds-students",
            "flair_group_id": 294,
            "trust_level": 1
          }
        },
        {
          "extras": null,
          "description": "Frequent Poster",
          "user": {
            "id": 4999,
            "username": "Gangsta123",
            "name": "Jeevan Aji George",
            "avatar_template": "/user_avatar/discourse.onlinedegree.iitm.ac.in/gangsta123/{size}/7529_2.png",
            "primary_group_name": "ds-students",
            "flair_name": "ds-students",
            "flair_group_id": 294,
            "trust_level": 1
          }
        }
      ]
    },
    {
      "fancy_title": "July 23rd: Thread for ROE Collaboration [Created by Course Team]",
      "id": 96301,
      "title": "July 23rd: Thread for ROE Collaboration [Created by Course Team]",
      "slug": "july-23rd-thread-for-roe-collaboration-created-by-course-team",
      "posts_count": 336,
      "reply_count": 178,
      "highest_post_number": 341,
      "image_url": null,
      "created_at": "2023-07-23T02:23:24.862Z",
      "last_posted_at": "2023-08-01T15:58:54.193Z",
      "bumped": true,
      "bumped_at": "2023-08-01T15:58:54.193Z",
      "archetype": "regular",
      "unseen": false,
      "pinned": false,
      "unpinned": null,
      "visible": true,
      "closed": false,
      "archived": false,
      "bookmarked": null,
      "liked": null,
      "tags": [
        "announcement",
        "tds-roe",
        "term2-2023"
      ],
      "tags_descriptions": {},
      "like_count": 261,
      "views": 1382,
      "category_id": 34,
      "featured_link": null,
      "has_accepted_answer": false,
      "posters": [
        {
          "extras": null,
          "description": "Original Poster",
          "user": {
            "id": 6142,
            "username": "Dixon",
            "name": "Dixon",
            "avatar_template": "/user_avatar/discourse.onlinedegree.iitm.ac.in/dixon/{size}/1027_2.png",
            "trust_level": 1
          }
        },
        {
          "extras": null,
          "description": "Frequent Poster",
          "user": {
            "id": 14195,
            "username": "dev_22f2000888",
            "name": "Dev Gupta",
            "avatar_template": "/user_avatar/discourse.onlinedegree.iitm.ac.in/dev_22f2000888/{size}/134634_2.png",
            "primary_group_name": "ds-students",
            "flair_name": "ds-students",
            "flair_group_id": 294,
            "trust_level": 1
          }
        },
        {
          "extras": null,
          "description": "Frequent Poster",
          "user": {
            "id": 1102,
            "username": "Roshan21k",
            "name": "Roshan k",
            "avatar_template": "/user_avatar/discourse.onlinedegree.iitm.ac.in/roshan21k/{size}/13767_2.png",
            "primary_group_name": "ds-students",
            "flair_name": "ds-students",
            "flair_group_id": 294,
            "trust_level": 1
          }
        },
        {
          "extras": null,
          "description": "Frequent Poster",
          "user": {
            "id": 2456,
            "username": "RikxDragneeL",
            "name": "Aritra Das",
            "avatar_template": "/user_avatar/discourse.onlinedegree.iitm.ac.in/rikxdragneel/{size}/1622_2.png",
            "primary_group_name": "ds-students",
            "flair_name": "ds-students",
            "flair_group_id": 294,
            "trust_level": 1
          }
        },
        {
          "extras": "latest",
          "description": "Most Recent Poster",
          "user": {
            "id": 8861,
            "username": "Krishan2207",
            "name": "Krishan",
            "avatar_template": "/user_avatar/discourse.onlinedegree.iitm.ac.in/krishan2207/{size}/12402_2.png",
            "primary_group_name": "ds-students",
            "flair_name": "ds-students",
            "flair_group_id": 294,
            "trust_level": 1
          }
        }
      ]
    },
    {
      "fancy_title": "Discussion about ROE - 2 : 28 July 2024",
      "id": 141269,
      "title": "Discussion about ROE - 2 : 28 July 2024",
      "slug": "discussion-about-roe-2-28-july-2024",
      "posts_count": 121,
      "reply_count": 61,
      "highest_post_number": 122,
      "image_url": "https://europe1.discourse-cdn.com/flex013/uploads/iitm/optimized/3X/6/0/60c04b5eff3c68bc5ab5faecaeadb21ca98b2a08_2_1024x535.jpeg",
      "created_at": "2024-07-28T04:31:44.499Z",
      "last_posted_at": "2024-07-28T15:58:58.201Z",
      "bumped": true,
      "bumped_at": "2024-07-28T15:58:58.201Z",
      "archetype": "regular",
      "unseen": false,
      "pinned": false,
      "unpinned": null,
      "visible": true,
      "closed": false,
      "archived": false,
      "bookmarked": null,
      "liked": null,
      "tags": [
        "tds-roe"
      ],
      "tags_descriptions": {},
      "like_count": 102,
      "views": 392,
      "category_id": 34,
      "featured_link": null,
      "has_accepted_answer": false,
      "posters": [
        {
          "extras": null,
          "description": "Original Poster",
          "user": {
            "id": 3009,
            "username": "Amit1",
            "name": "Amit Kumar Gupta",
            "avatar_template": "/user_avatar/discourse.onlinedegree.iitm.ac.in/amit1/{size}/30210_2.png",
            "primary_group_name": "ds-students",
            "flair_name": "ds-students",
            "flair_group_id": 294,
            "trust_level": 1
          }
        },
        {
          "extras": null,
          "description": "Frequent Poster",
          "user": {
            "id": 16094,
            "username": "carlton",
            "name": "Carlton D'Silva",
            "avatar_template": "/user_avatar/discourse.onlinedegree.iitm.ac.in/carlton/{size}/56317_2.png",
            "primary_group_name": "ds-students",
            "flair_name": "ds-students",
            "flair_group_id": 294,
            "trust_level": 3
          }
        },
        {
          "extras": null,
          "description": "Frequent Poster",
          "user": {
            "id": 22300,
            "username": "23f2004819",
            "name": "himanshu.garg ",
            "avatar_template": "/user_avatar/discourse.onlinedegree.iitm.ac.in/23f2004819/{size}/132320_2.png",
            "primary_group_name": "ds-students",
            "flair_name": "ds-students",
            "flair_group_id": 294,
            "trust_level": 1
          }
        },
        {
          "extras": null,
          "description": "Frequent Poster",
          "user": {
            "id": 13024,
            "username": "Kartik1",
            "name": "Kartik Mittal",
            "avatar_template": "/user_avatar/discourse.onlinedegree.iitm.ac.in/kartik1/{size}/111108_2.png",
            "primary_group_name": "ds-students",
            "flair_name": "ds-students",
            "flair_group_id": 294,
            "trust_level": 1
          }
        },
        {
          "extras": "latest",
          "description": "Most Recent Poster",
          "user": {
            "id": 16187,
            "username": "22f3002487",
            "name": "ektabansal",
            "avatar_template": "/user_avatar/discourse.onlinedegree.iitm.ac.in/22f3002487/{size}/87326_2.png",
            "primary_group_name": "ds-students",
            "flair_name": "ds-students",
            "flair_group_id": 294,
            "trust_level": 1
          }
        }
      ]
    }
  ],
  "summarizable": true,
  "valid_reactions": [
    "heart",
    "+1",
    "laughing",
    "open_mouth",
    "clap",
    "confetti_ball",
    "rocket",
    "-1"
  ],
  "accepted_answer": {
    "post_number": 15,
    "username": "23f1002382",
    "name": null,
    "excerpt": "I created a discord \n@all",
    "accepter_name": null,
    "accepter_username": "23f1002382"
  },
  "can_vote": false,
  "vote_count": 0,
  "user_voted": false,
  "discourse_zendesk_plugin_zendesk_id": null,
  "discourse_zendesk_plugin_zendesk_url": "https://your-url.zendesk.com/agent/tickets/",
  "details": {
    "can_edit": false,
    "notification_level": 1,
    "notifications_reason_id": null,
    "can_create_post": true,
    "can_reply_as_new_topic": true,
    "can_flag_topic": true,
    "participants": [
      {
        "id": 18297,
        "username": "23f1002382",
        "name": "Andrew David",
        "avatar_template": "/user_avatar/discourse.onlinedegree.iitm.ac.in/23f1002382/{size}/68945_2.png",
        "post_count": 7,
        "primary_group_name": "ds-students",
        "flair_name": "ds-students",
        "flair_url": null,
        "flair_color": "",
        "flair_bg_color": "",
        "flair_group_id": 294,
        "trust_level": 1
      },
      {
        "id": 32468,
        "username": "ItsMeAlex",
        "name": "Manit Bohra",
        "avatar_template": "/user_avatar/discourse.onlinedegree.iitm.ac.in/itsmealex/{size}/119167_2.png",
        "post_count": 4,
        "primary_group_name": "ds-students",
        "flair_name": "ds-students",
        "flair_url": null,
        "flair_color": "",
        "flair_bg_color": "",
        "flair_group_id": 294,
        "trust_level": 1
      },
      {
        "id": 36619,
        "username": "trebhuvansb",
        "name": "Trebhuvan SB",
        "avatar_template": "/user_avatar/discourse.onlinedegree.iitm.ac.in/trebhuvansb/{size}/109875_2.png",
        "post_count": 3,
        "primary_group_name": "ds-students",
        "flair_name": "ds-students",
        "flair_url": null,
        "flair_color": "",
        "flair_bg_color": "",
        "flair_group_id": 294,
        "trust_level": 1
      },
      {
        "id": 19059,
        "username": "Vishy",
        "name": "Vishnu Murugesh V",
        "avatar_template": "/user_avatar/discourse.onlinedegree.iitm.ac.in/vishy/{size}/68724_2.png",
        "post_count": 1,
        "primary_group_name": "ds-students",
        "flair_name": "ds-students",
        "flair_url": null,
        "flair_color": "",
        "flair_bg_color": "",
        "flair_group_id": 294,
        "trust_level": 1
      },
      {
        "id": 51549,
        "username": "25ds3000144",
        "name": "Shriya",
        "avatar_template": "/user_avatar/discourse.onlinedegree.iitm.ac.in/25ds3000144/{size}/119620_2.png",
        "post_count": 1,
        "primary_group_name": "ds-students",
        "flair_name": "ds-students",
        "flair_url": null,
        "flair_color": "",
        "flair_bg_color": "",
        "flair_group_id": 294,
        "trust_level": 0
      },
      {
        "id": 19275,
        "username": "23f1002279",
        "name": "shivam dubey",
        "avatar_template": "/user_avatar/discourse.onlinedegree.iitm.ac.in/23f1002279/{size}/66833_2.png",
        "post_count": 1,
        "primary_group_name": "ds-students",
        "flair_name": "ds-students",
        "flair_url": null,
        "flair_color": "",
        "flair_bg_color": "",
        "flair_group_id": 294,
        "trust_level": 1
      }
    ],
    "created_by": {
      "id": 18297,
      "username": "23f1002382",
      "name": "Andrew David",
      "avatar_template": "/user_avatar/discourse.onlinedegree.iitm.ac.in/23f1002382/{size}/68945_2.png"
    },
    "last_poster": {
      "id": 19059,
      "username": "Vishy",
      "name": "Vishnu Murugesh V",
      "avatar_template": "/user_avatar/discourse.onlinedegree.iitm.ac.in/vishy/{size}/68724_2.png"
    },
    "links": [
      {
        "url": "https://discord.com/invite/vFTqFMw6",
        "title": "ACING ROE 1",
        "internal": false,
        "attachment": false,
        "reflection": false,
        "clicks": 72,
        "user_id": 18297,
        "domain": "discord.com",
        "root_domain": "discord.com"
      }
    ]
  },
  "pending_posts": [],
  "bookmarks": []
}