{
  "post_stream": {
    "posts": [
      {
        "id": 599262,
        "name": "Shalini Saravanan",
        "username": "24f2006531",
        "avatar_template": "/user_avatar/discourse.onlinedegree.iitm.ac.in/24f2006531/{size}/111700_2.png",
        "created_at": "2025-02-25T05:11:07.182Z",
        "cooked": "<p>Hello Sir,</p>\n<p>I understand from the email we received that there are three mock ROEs scheduled. I wanted to check if it is mandatory to attempt the mock at 7 PM or if there is flexibility in the timing. As a working professional, I may not be able to attempt the mock at 7 PM.</p>\n<p>Could you please confirm if there is any flexibility in the timings? Additionally, I would appreciate it if you could provide details on when and how the mock links will be shared.</p>\n<p>Thanks and Regards<br>\nShalini</p>",
        "post_number": 1,
        "post_type": 1,
        "posts_count": 11,
        "updated_at": "2025-02-26T14:07:33.656Z",
        "reply_count": 0,
        "reply_to_post_number": null,
        "quote_count": 0,
        "incoming_link_count": 3,
        "reads": 133,
        "readers_count": 132,
        "score": 56.6,
        "yours": false,
        "topic_id": 168384,
        "topic_slug": "clarification-regarding-mock-roe-timings",
        "display_username": "Shalini Saravanan",
        "primary_group_name": "ds-students",
        "flair_name": "ds-students",
        "flair_url": null,
        "flair_bg_color": "",
        "flair_color": "",
        "flair_group_id": 294,
        "badges_granted": [],
        "version": 2,
        "can_edit": false,
        "can_delete": false,
        "can_recover": false,
        "can_see_hidden_post": false,
        "can_wiki": false,
        "read": false,
        "user_title": null,
        "bookmarked": false,
        "actions_summary": [
          {
            "id": 2,
            "count": 1,
            "can_act": true
          },
          {
            "id": 6,
            "can_act": true
          },
          {
            "id": 3,
            "can_act": true
          },
          {
            "id": 4,
            "can_act": true
          },
          {
            "id": 8,
            "can_act": true
          },
          {
            "id": 10,
            "can_act": true
          },
          {
            "id": 7,
            "can_act": true
          }
        ],
        "moderator": false,
        "admin": false,
        "staff": false,
        "user_id": 36236,
        "hidden": false,
        "trust_level": 1,
        "deleted_at": null,
        "user_deleted": false,
        "edit_reason": null,
        "can_view_edit_history": true,
        "wiki": false,
        "post_url": "/t/clarification-regarding-mock-roe-timings/168384/1",
        "user_cakedate": "2024-09-21",
        "reactions": [
          {
            "id": "heart",
            "type": "emoji",
            "count": 1
          }
        ],
        "current_user_reaction": null,
        "reaction_users_count": 1,
        "current_user_used_main_reaction": false,
        "can_accept_answer": false,
        "can_unaccept_answer": false,
        "accepted_answer": false,
        "topic_accepted_answer": null,
        "can_vote": false
      },
      {
        "id": 599274,
        "name": "Tanush Tambe",
        "username": "22f3002248",
        "avatar_template": "/user_avatar/discourse.onlinedegree.iitm.ac.in/22f3002248/{size}/142864_2.png",
        "created_at": "2025-02-25T05:34:01.922Z",
        "cooked": "<p>Tag the TAs and instructor. Otherwise, you may not get the answer in time…</p>",
        "post_number": 2,
        "post_type": 1,
        "posts_count": 11,
        "updated_at": "2025-02-25T05:34:01.922Z",
        "reply_count": 0,
        "reply_to_post_number": null,
        "quote_count": 0,
        "incoming_link_count": 0,
        "reads": 122,
        "readers_count": 121,
        "score": 24.4,
        "yours": false,
        "topic_id": 168384,
        "topic_slug": "clarification-regarding-mock-roe-timings",
        "display_username": "Tanush Tambe",
        "primary_group_name": "ds-students",
        "flair_name": "ds-students",
        "flair_url": null,
        "flair_bg_color": "",
        "flair_color": "",
        "flair_group_id": 294,
        "badges_granted": [],
        "version": 1,
        "can_edit": false,
        "can_delete": false,
        "can_recover": false,
        "can_see_hidden_post": false,
        "can_wiki": false,
        "read": false,
        "user_title": null,
        "bookmarked": false,
        "actions_summary": [
          {
            "id": 2,
            "can_act": true
          },
          {
            "id": 6,
            "can_act": true
          },
          {
            "id": 3,
            "can_act": true
          },
          {
            "id": 4,
            "can_act": true
          },
          {
            "id": 8,
            "can_act": true
          },
          {
            "id": 10,
            "can_act": true
          },
          {
            "id": 7,
            "can_act": true
          }
        ],
        "moderator": false,
        "admin": false,
        "staff": false,
        "user_id": 17433,
        "hidden": false,
        "trust_level": 1,
        "deleted_at": null,
        "user_deleted": false,
        "edit_reason": null,
        "can_view_edit_history": true,
        "wiki": false,
        "post_url": "/t/clarification-regarding-mock-roe-timings/168384/2",
        "user_cakedate": "2023-06-03",
        "reactions": [],
        "current_user_reaction": null,
        "reaction_users_count": 0,
        "current_user_used_main_reaction": false,
        "can_accept_answer": false,
        "can_unaccept_answer": false,
        "accepted_answer": false,
        "topic_accepted_answer": null
      },
      {
        "id": 599293,
        "name": "Carlton D'Silva",
        "username": "carlton",
        "avatar_template": "/user_avatar/discourse.onlinedegree.iitm.ac.in/carlton/{size}/56317_2.png",
        "created_at": "2025-02-25T05:52:51.182Z",
        "cooked": "<p>It is not mandatory to attempt mocks at 7pm. But we will solve it in real time during the session. Thats why we are releasing it 1 hour before. We will freeze the form submissions during the solving session and then reopen it later.</p>\n<p>ROE is not like other exams you have done so far in this entire diploma.</p>\n<p>Solving it leisurely will give you a false sense of your capabilities.<br>\nThe truth is everyone can get full marks for ROE given enough time.<br>\n<em>The problem is the lack of time.</em></p>\n<p>So if you want to really check ROE readiness, fix the timer alarm for 45 mins and attempt it genuinely within the 45 mins. Only then will you know where you stand.</p>\n<p>Additionally, each ROE is completely different from the next. If you manage to do good in one is ZERO guarantee that you will do good in the next.</p>\n<p>Thats why do all 4 mock ROEs. ROE is not like any other exam. Other exams have the same types of questions. Not with ROE.</p>\n<p>The real ROE will be also something that no one has seen before.<br>\nBut we will help you be as ready as possible for it.</p>\n<p>Kind regards</p>",
        "post_number": 3,
        "post_type": 1,
        "posts_count": 11,
        "updated_at": "2025-02-25T05:53:52.760Z",
        "reply_count": 1,
        "reply_to_post_number": null,
        "quote_count": 0,
        "incoming_link_count": 1,
        "reads": 112,
        "readers_count": 111,
        "score": 32.4,
        "yours": false,
        "topic_id": 168384,
        "topic_slug": "clarification-regarding-mock-roe-timings",
        "display_username": "Carlton D'Silva",
        "primary_group_name": "ds-students",
        "flair_name": "ds-students",
        "flair_url": null,
        "flair_bg_color": "",
        "flair_color": "",
        "flair_group_id": 294,
        "badges_granted": [],
        "version": 1,
        "can_edit": false,
        "can_delete": false,
        "can_recover": false,
        "can_see_hidden_post": false,
        "can_wiki": false,
        "read": false,
        "user_title": "Regular",
        "title_is_group": false,
        "bookmarked": false,
        "actions_summary": [
          {
            "id": 2,
            "can_act": true
          },
          {
            "id": 6,
            "can_act": true
          },
          {
            "id": 3,
            "can_act": true
          },
          {
            "id": 4,
            "can_act": true
          },
          {
            "id": 8,
            "can_act": true
          },
          {
            "id": 10,
            "can_act": true
          },
          {
            "id": 7,
            "can_act": true
          }
        ],
        "moderator": false,
        "admin": false,
        "staff": false,
        "group_moderator": true,
        "user_id": 16094,
        "hidden": false,
        "trust_level": 3,
        "deleted_at": null,
        "user_deleted": false,
        "edit_reason": null,
        "can_view_edit_history": true,
        "wiki": false,
        "post_url": "/t/clarification-regarding-mock-roe-timings/168384/3",
        "user_cakedate": "2023-01-25",
        "reactions": [],
        "current_user_reaction": null,
        "reaction_users_count": 0,
        "current_user_used_main_reaction": false,
        "can_accept_answer": false,
        "can_unaccept_answer": false,
        "accepted_answer": false,
        "topic_accepted_answer": null
      },
      {
        "id": 599475,
        "name": "Shashannk",
        "username": "23f2003413",
        "avatar_template": "/user_avatar/discourse.onlinedegree.iitm.ac.in/23f2003413/{size}/66883_2.png",
        "created_at": "2025-02-25T10:38:35.694Z",
        "cooked": "<p>hi <a class=\"mention\" href=\"/u/carlton\">@carlton</a><br>\nhow are we supposed to give the mock ROE? where can I find the link? should i join gmeet while solving mock ROE or is it non-proctored? kindly clarify these doubts. thanks in advance!</p>",
        "post_number": 4,
        "post_type": 1,
        "posts_count": 11,
        "updated_at": "2025-02-25T10:38:35.694Z",
        "reply_count": 1,
        "reply_to_post_number": null,
        "quote_count": 0,
        "incoming_link_count": 1,
        "reads": 90,
        "readers_count": 89,
        "score": 28.0,
        "yours": false,
        "topic_id": 168384,
        "topic_slug": "clarification-regarding-mock-roe-timings",
        "display_username": "Shashannk",
        "primary_group_name": "ds-students",
        "flair_name": "ds-students",
        "flair_url": null,
        "flair_bg_color": "",
        "flair_color": "",
        "flair_group_id": 294,
        "badges_granted": [],
        "version": 1,
        "can_edit": false,
        "can_delete": false,
        "can_recover": false,
        "can_see_hidden_post": false,
        "can_wiki": false,
        "read": false,
        "user_title": null,
        "bookmarked": false,
        "actions_summary": [
          {
            "id": 2,
            "can_act": true
          },
          {
            "id": 6,
            "can_act": true
          },
          {
            "id": 3,
            "can_act": true
          },
          {
            "id": 4,
            "can_act": true
          },
          {
            "id": 8,
            "can_act": true
          },
          {
            "id": 10,
            "can_act": true
          },
          {
            "id": 7,
            "can_act": true
          }
        ],
        "moderator": false,
        "admin": false,
        "staff": false,
        "user_id": 22439,
        "hidden": false,
        "trust_level": 1,
        "deleted_at": null,
        "user_deleted": false,
        "edit_reason": null,
        "can_view_edit_history": true,
        "wiki": false,
        "post_url": "/t/clarification-regarding-mock-roe-timings/168384/4",
        "user_cakedate": "2023-09-22",
        "reactions": [],
        "current_user_reaction": null,
        "reaction_users_count": 0,
        "current_user_used_main_reaction": false,
        "can_accept_answer": false,
        "can_unaccept_answer": false,
        "accepted_answer": false,
        "topic_accepted_answer": null
      },
      {
        "id": 599484,
        "name": "Carlton D'Silva",
        "username": "carlton",
        "avatar_template": "/user_avatar/discourse.onlinedegree.iitm.ac.in/carlton/{size}/56317_2.png",
        "created_at": "2025-02-25T10:58:33.712Z",
        "cooked": "<p>You will get an email at 7pm with the ROE dataset and the question form.<br>\nI will also add the same in the student seek portal.<br>\nMock ROEs are not proctored (its a mock!) and the actual ROE is not proctored either!<br>\nThe gmeet is after the mock ROE where it will be solved live by the TDS team.</p>\n<p>Kind regards</p>",
        "post_number": 5,
        "post_type": 1,
        "posts_count": 11,
        "updated_at": "2025-02-25T11:04:11.838Z",
        "reply_count": 1,
        "reply_to_post_number": 4,
        "quote_count": 0,
        "incoming_link_count": 0,
        "reads": 89,
        "readers_count": 88,
        "score": 37.8,
        "yours": false,
        "topic_id": 168384,
        "topic_slug": "clarification-regarding-mock-roe-timings",
        "display_username": "Carlton D'Silva",
        "primary_group_name": "ds-students",
        "flair_name": "ds-students",
        "flair_url": null,
        "flair_bg_color": "",
        "flair_color": "",
        "flair_group_id": 294,
        "badges_granted": [],
        "version": 2,
        "can_edit": false,
        "can_delete": false,
        "can_recover": false,
        "can_see_hidden_post": false,
        "can_wiki": false,
        "read": false,
        "user_title": "Regular",
        "title_is_group": false,
        "reply_to_user": {
          "id": 22439,
          "username": "23f2003413",
          "name": "Shashannk",
          "avatar_template": "/user_avatar/discourse.onlinedegree.iitm.ac.in/23f2003413/{size}/66883_2.png"
        },
        "bookmarked": false,
        "actions_summary": [
          {
            "id": 2,
            "count": 1,
            "can_act": true
          },
          {
            "id": 6,
            "can_act": true
          },
          {
            "id": 3,
            "can_act": true
          },
          {
            "id": 4,
            "can_act": true
          },
          {
            "id": 8,
            "can_act": true
          },
          {
            "id": 10,
            "can_act": true
          },
          {
            "id": 7,
            "can_act": true
          }
        ],
        "moderator": false,
        "admin": false,
        "staff": false,
        "group_moderator": true,
        "user_id": 16094,
        "hidden": false,
        "trust_level": 3,
        "deleted_at": null,
        "user_deleted": false,
        "edit_reason": null,
        "can_view_edit_history": true,
        "wiki": false,
        "post_url": "/t/clarification-regarding-mock-roe-timings/168384/5",
        "user_cakedate": "2023-01-25",
        "reactions": [
          {
            "id": "+1",
            "type": "emoji",
            "count": 1
          }
        ],
        "current_user_reaction": null,
        "reaction_users_count": 1,
        "current_user_used_main_reaction": false,
        "can_accept_answer": false,
        "can_unaccept_answer": false,
        "accepted_answer": false,
        "topic_accepted_answer": null
      },
      {
        "id": 599570,
        "name": "Andrew David",
        "username": "23f1002382",
        "avatar_template": "/user_avatar/discourse.onlinedegree.iitm.ac.in/23f1002382/{size}/68945_2.png",
        "created_at": "2025-02-25T13:05:15.578Z",
        "cooked": "<p>3 questions:-</p>\n<ul>\n<li>will the questions and dataset be available after time limit?</li>\n<li>will the solutions be available for later reference with the questions?</li>\n<li>will the live solving video lecture be recorded?</li>\n</ul>",
        "post_number": 6,
        "post_type": 1,
        "posts_count": 11,
        "updated_at": "2025-02-25T13:05:15.578Z",
        "reply_count": 1,
        "reply_to_post_number": 5,
        "quote_count": 0,
        "incoming_link_count": 1,
        "reads": 82,
        "readers_count": 81,
        "score": 26.4,
        "yours": false,
        "topic_id": 168384,
        "topic_slug": "clarification-regarding-mock-roe-timings",
        "display_username": "Andrew David",
        "primary_group_name": "ds-students",
        "flair_name": "ds-students",
        "flair_url": null,
        "flair_bg_color": "",
        "flair_color": "",
        "flair_group_id": 294,
        "badges_granted": [],
        "version": 1,
        "can_edit": false,
        "can_delete": false,
        "can_recover": false,
        "can_see_hidden_post": false,
        "can_wiki": false,
        "read": false,
        "user_title": null,
        "reply_to_user": {
          "id": 16094,
          "username": "carlton",
          "name": "Carlton D'Silva",
          "avatar_template": "/user_avatar/discourse.onlinedegree.iitm.ac.in/carlton/{size}/56317_2.png"
        },
        "bookmarked": false,
        "actions_summary": [
          {
            "id": 2,
            "can_act": true
          },
          {
            "id": 6,
            "can_act": true
          },
          {
            "id": 3,
            "can_act": true
          },
          {
            "id": 4,
            "can_act": true
          },
          {
            "id": 8,
            "can_act": true
          },
          {
            "id": 10,
            "can_act": true
          },
          {
            "id": 7,
            "can_act": true
          }
        ],
        "moderator": false,
        "admin": false,
        "staff": false,
        "user_id": 18297,
        "hidden": false,
        "trust_level": 1,
        "deleted_at": null,
        "user_deleted": false,
        "edit_reason": null,
        "can_view_edit_history": true,
        "wiki": false,
        "post_url": "/t/clarification-regarding-mock-roe-timings/168384/6",
        "user_cakedate": "2023-06-05",
        "user_birthdate": "1904-01-05",
        "reactions": [],
        "current_user_reaction": null,
        "reaction_users_count": 0,
        "current_user_used_main_reaction": false,
        "can_accept_answer": false,
        "can_unaccept_answer": false,
        "accepted_answer": false,
        "topic_accepted_answer": null
      },
      {
        "id": 599576,
        "name": "Carlton D'Silva",
        "username": "carlton",
        "avatar_template": "/user_avatar/discourse.onlinedegree.iitm.ac.in/carlton/{size}/56317_2.png",
        "created_at": "2025-02-25T13:10:30.614Z",
        "cooked": "<aside class=\"quote group-ds-students\" data-username=\"23f1002382\" data-post=\"6\" data-topic=\"168384\">\n<div class=\"title\">\n<div class=\"quote-controls\"></div>\n<img alt=\"\" width=\"24\" height=\"24\" src=\"https://dub1.discourse-cdn.com/flex013/user_avatar/discourse.onlinedegree.iitm.ac.in/23f1002382/48/68945_2.png\" class=\"avatar\"> 23f1002382:</div>\n<blockquote>\n<p>will the questions and dataset be available after time limit?</p>\n</blockquote>\n</aside>\n<p>They will be available after the live session has finished.</p>\n<aside class=\"quote group-ds-students\" data-username=\"23f1002382\" data-post=\"6\" data-topic=\"168384\">\n<div class=\"title\">\n<div class=\"quote-controls\"></div>\n<img alt=\"\" width=\"24\" height=\"24\" src=\"https://dub1.discourse-cdn.com/flex013/user_avatar/discourse.onlinedegree.iitm.ac.in/23f1002382/48/68945_2.png\" class=\"avatar\"> 23f1002382:</div>\n<blockquote>\n<p>will the solutions be available for later reference with the questions?</p>\n</blockquote>\n</aside>\n<p>We will provide an answer script for Mock ROE1</p>\n<aside class=\"quote group-ds-students\" data-username=\"23f1002382\" data-post=\"6\" data-topic=\"168384\">\n<div class=\"title\">\n<div class=\"quote-controls\"></div>\n<img alt=\"\" width=\"24\" height=\"24\" src=\"https://dub1.discourse-cdn.com/flex013/user_avatar/discourse.onlinedegree.iitm.ac.in/23f1002382/48/68945_2.png\" class=\"avatar\"> 23f1002382:</div>\n<blockquote>\n<p>will the live solving video lecture be recorded?</p>\n</blockquote>\n</aside>\n<p>Yes our live sessions will be recorded.</p>",
        "post_number": 7,
        "post_type": 1,
        "posts_count": 11,
        "updated_at": "2025-02-26T11:28:59.191Z",
        "reply_count": 2,
        "reply_to_post_number": 6,
        "quote_count": 1,
        "incoming_link_count": 0,
        "reads": 80,
        "readers_count": 79,
        "score": 41.0,
        "yours": false,
        "topic_id": 168384,
        "topic_slug": "clarification-regarding-mock-roe-timings",
        "display_username": "Carlton D'Silva",
        "primary_group_name": "ds-students",
        "flair_name": "ds-students",
        "flair_url": null,
        "flair_bg_color": "",
        "flair_color": "",
        "flair_group_id": 294,
        "badges_granted": [],
        "version": 2,
        "can_edit": false,
        "can_delete": false,
        "can_recover": false,
        "can_see_hidden_post": false,
        "can_wiki": false,
        "read": false,
        "user_title": "Regular",
        "title_is_group": false,
        "bookmarked": false,
        "actions_summary": [
          {
            "id": 2,
            "count": 1,
            "can_act": true
          },
          {
            "id": 6,
            "can_act": true
          },
          {
            "id": 3,
            "can_act": true
          },
          {
            "id": 4,
            "can_act": true
          },
          {
            "id": 8,
            "can_act": true
          },
          {
            "id": 10,
            "can_act": true
          },
          {
            "id": 7,
            "can_act": true
          }
        ],
        "moderator": false,
        "admin": false,
        "staff": false,
        "group_moderator": true,
        "user_id": 16094,
        "hidden": false,
        "trust_level": 3,
        "deleted_at": null,
        "user_deleted": false,
        "edit_reason": null,
        "can_view_edit_history": true,
        "wiki": false,
        "post_url": "/t/clarification-regarding-mock-roe-timings/168384/7",
        "user_cakedate": "2023-01-25",
        "reactions": [
          {
            "id": "heart",
            "type": "emoji",
            "count": 1
          }
        ],
        "current_user_reaction": null,
        "reaction_users_count": 1,
        "current_user_used_main_reaction": false,
        "can_accept_answer": false,
        "can_unaccept_answer": false,
        "accepted_answer": false,
        "topic_accepted_answer": null
      },
      {
        "id": 599582,
        "name": "Andrew David",
        "username": "23f1002382",
        "avatar_template": "/user_avatar/discourse.onlinedegree.iitm.ac.in/23f1002382/{size}/68945_2.png",
        "created_at": "2025-02-25T13:14:38.360Z",
        "cooked": "<p>thanks for the prompt response! Cheers . Also to my understanding at sharp 7:00 we get email with form link and questions dataset?</p>",
        "post_number": 8,
        "post_type": 1,
        "posts_count": 11,
        "updated_at": "2025-02-25T13:14:38.360Z",
        "reply_count": 0,
        "reply_to_post_number": 7,
        "quote_count": 0,
        "incoming_link_count": 2,
        "reads": 70,
        "readers_count": 69,
        "score": 24.0,
        "yours": false,
        "topic_id": 168384,
        "topic_slug": "clarification-regarding-mock-roe-timings",
        "display_username": "Andrew David",
        "primary_group_name": "ds-students",
        "flair_name": "ds-students",
        "flair_url": null,
        "flair_bg_color": "",
        "flair_color": "",
        "flair_group_id": 294,
        "badges_granted": [],
        "version": 1,
        "can_edit": false,
        "can_delete": false,
        "can_recover": false,
        "can_see_hidden_post": false,
        "can_wiki": false,
        "read": false,
        "user_title": null,
        "reply_to_user": {
          "id": 16094,
          "username": "carlton",
          "name": "Carlton D'Silva",
          "avatar_template": "/user_avatar/discourse.onlinedegree.iitm.ac.in/carlton/{size}/56317_2.png"
        },
        "bookmarked": false,
        "actions_summary": [
          {
            "id": 2,
            "can_act": true
          },
          {
            "id": 6,
            "can_act": true
          },
          {
            "id": 3,
            "can_act": true
          },
          {
            "id": 4,
            "can_act": true
          },
          {
            "id": 8,
            "can_act": true
          },
          {
            "id": 10,
            "can_act": true
          },
          {
            "id": 7,
            "can_act": true
          }
        ],
        "moderator": false,
        "admin": false,
        "staff": false,
        "user_id": 18297,
        "hidden": false,
        "trust_level": 1,
        "deleted_at": null,
        "user_deleted": false,
        "edit_reason": null,
        "can_view_edit_history": true,
        "wiki": false,
        "post_url": "/t/clarification-regarding-mock-roe-timings/168384/8",
        "user_cakedate": "2023-06-05",
        "user_birthdate": "1904-01-05",
        "reactions": [],
        "current_user_reaction": null,
        "reaction_users_count": 0,
        "current_user_used_main_reaction": false,
        "can_accept_answer": false,
        "can_unaccept_answer": false,
        "accepted_answer": false,
        "topic_accepted_answer": null
      },
      {
        "id": 599597,
        "name": "B R GIRI SUBRAHMANYA",
        "username": "23f2000573",
        "avatar_template": "/user_avatar/discourse.onlinedegree.iitm.ac.in/23f2000573/{size}/68306_2.png",
        "created_at": "2025-02-25T13:36:56.128Z",
        "cooked": "<p>Hi <a class=\"mention\" href=\"/u/carlton\">@carlton</a> , I will not be able to solve the mock in the given time due to other commitments. The grading document says 2 marks bonus for mocks. Will this be a part of that? If yes, is there any other way? As you have mentioned, I will keep a timer and try to solve it in 45 minutes.</p>",
        "post_number": 9,
        "post_type": 1,
        "posts_count": 11,
        "updated_at": "2025-02-25T13:36:56.128Z",
        "reply_count": 0,
        "reply_to_post_number": 3,
        "quote_count": 0,
        "incoming_link_count": 0,
        "reads": 64,
        "readers_count": 63,
        "score": 12.8,
        "yours": false,
        "topic_id": 168384,
        "topic_slug": "clarification-regarding-mock-roe-timings",
        "display_username": "B R GIRI SUBRAHMANYA",
        "primary_group_name": "ds-students",
        "flair_name": "ds-students",
        "flair_url": null,
        "flair_bg_color": "",
        "flair_color": "",
        "flair_group_id": 294,
        "badges_granted": [],
        "version": 1,
        "can_edit": false,
        "can_delete": false,
        "can_recover": false,
        "can_see_hidden_post": false,
        "can_wiki": false,
        "read": false,
        "user_title": "",
        "reply_to_user": {
          "id": 16094,
          "username": "carlton",
          "name": "Carlton D'Silva",
          "avatar_template": "/user_avatar/discourse.onlinedegree.iitm.ac.in/carlton/{size}/56317_2.png"
        },
        "bookmarked": false,
        "actions_summary": [
          {
            "id": 2,
            "can_act": true
          },
          {
            "id": 6,
            "can_act": true
          },
          {
            "id": 3,
            "can_act": true
          },
          {
            "id": 4,
            "can_act": true
          },
          {
            "id": 8,
            "can_act": true
          },
          {
            "id": 10,
            "can_act": true
          },
          {
            "id": 7,
            "can_act": true
          }
        ],
        "moderator": false,
        "admin": false,
        "staff": false,
        "user_id": 17736,
        "hidden": false,
        "trust_level": 1,
        "deleted_at": null,
        "user_deleted": false,
        "edit_reason": null,
        "can_view_edit_history": true,
        "wiki": false,
        "post_url": "/t/clarification-regarding-mock-roe-timings/168384/9",
        "user_cakedate": "2023-06-03",
        "reactions": [],
        "current_user_reaction": null,
        "reaction_users_count": 0,
        "current_user_used_main_reaction": false,
        "can_accept_answer": false,
        "can_unaccept_answer": false,
        "accepted_answer": false,
        "topic_accepted_answer": null
      },
      {
        "id": 600214,
        "name": "Shubham Atkal",
        "username": "shubhamatkal",
        "avatar_template": "/user_avatar/discourse.onlinedegree.iitm.ac.in/shubhamatkal/{size}/66790_2.png",
        "created_at": "2025-02-26T10:21:12.253Z",
        "cooked": "<aside class=\"quote group-ds-students\" data-username=\"carlton\" data-post=\"7\" data-topic=\"168384\">\n<div class=\"title\">\n<div class=\"quote-controls\"></div>\n<img alt=\"\" width=\"24\" height=\"24\" src=\"https://dub1.discourse-cdn.com/flex013/user_avatar/discourse.onlinedegree.iitm.ac.in/carlton/48/56317_2.png\" class=\"avatar\"> carlton:</div>\n<blockquote>\n<p>No, we do not provide solutions as a notebook. The ROE will be solved during the live session.</p>\n</blockquote>\n</aside>\n<p>yes in live session ROE was solved but while taking reference for Q1 from live session from TAs to see how this question might be solved as i was getting wrong answer, but TA also didnt solved that question in correct manner he got wrong, I think we should have at least 1 standard ref for all the questions of this mock roe to understand our mistakes in solving this questions pls understand thanks,<br>\nalso when i went throught live session recording i can see only 1 screen of 1 ta</p>",
        "post_number": 10,
        "post_type": 1,
        "posts_count": 11,
        "updated_at": "2025-02-26T10:21:12.253Z",
        "reply_count": 1,
        "reply_to_post_number": 7,
        "quote_count": 1,
        "incoming_link_count": 0,
        "reads": 49,
        "readers_count": 48,
        "score": 29.8,
        "yours": false,
        "topic_id": 168384,
        "topic_slug": "clarification-regarding-mock-roe-timings",
        "display_username": "Shubham Atkal",
        "primary_group_name": "ds-students",
        "flair_name": "ds-students",
        "flair_url": null,
        "flair_bg_color": "",
        "flair_color": "",
        "flair_group_id": 294,
        "badges_granted": [],
        "version": 1,
        "can_edit": false,
        "can_delete": false,
        "can_recover": false,
        "can_see_hidden_post": false,
        "can_wiki": false,
        "read": false,
        "user_title": null,
        "bookmarked": false,
        "actions_summary": [
          {
            "id": 2,
            "count": 1,
            "can_act": true
          },
          {
            "id": 6,
            "can_act": true
          },
          {
            "id": 3,
            "can_act": true
          },
          {
            "id": 4,
            "can_act": true
          },
          {
            "id": 8,
            "can_act": true
          },
          {
            "id": 10,
            "can_act": true
          },
          {
            "id": 7,
            "can_act": true
          }
        ],
        "moderator": false,
        "admin": false,
        "staff": false,
        "user_id": 18088,
        "hidden": false,
        "trust_level": 1,
        "deleted_at": null,
        "user_deleted": false,
        "edit_reason": null,
        "can_view_edit_history": true,
        "wiki": false,
        "post_url": "/t/clarification-regarding-mock-roe-timings/168384/10",
        "user_cakedate": "2023-06-03",
        "reactions": [
          {
            "id": "heart",
            "type": "emoji",
            "count": 1
          }
        ],
        "current_user_reaction": null,
        "reaction_users_count": 1,
        "current_user_used_main_reaction": false,
        "can_accept_answer": false,
        "can_unaccept_answer": false,
        "accepted_answer": false,
        "topic_accepted_answer": null
      },
      {
        "id": 600331,
        "name": "Jivraj Singh Shekhawat",
        "username": "Jivraj",
        "avatar_template": "/user_avatar/discourse.onlinedegree.iitm.ac.in/jivraj/{size}/135985_2.png",
        "created_at": "2025-02-26T13:58:52.609Z",
        "cooked": "<p>Hi <a class=\"mention\" href=\"/u/shubhamatkal\">@shubhamatkal</a> ,</p>\n<p>For question1 provided answer is wrong.<br>\nRegarding yesterday’s ROE we will send out ipynb with snippets of code that’s requried to solve questions.</p>\n<p>For Today’s ROE you will be able to check answers immediately</p>\n<p>For Thrusday’s ROE as well there will be some mechanism for checking answers.</p>\n<p>Kind regards.</p>",
        "post_number": 11,
        "post_type": 1,
        "posts_count": 11,
        "updated_at": "2025-02-26T13:58:52.609Z",
        "reply_count": 0,
        "reply_to_post_number": 10,
        "quote_count": 0,
        "incoming_link_count": 0,
        "reads": 52,
        "readers_count": 51,
        "score": 25.4,
        "yours": false,
        "topic_id": 168384,
        "topic_slug": "clarification-regarding-mock-roe-timings",
        "display_username": "Jivraj Singh Shekhawat",
        "primary_group_name": "ds-students",
        "flair_name": "ds-students",
        "flair_url": null,
        "flair_bg_color": "",
        "flair_color": "",
        "flair_group_id": 294,
        "badges_granted": [],
        "version": 1,
        "can_edit": false,
        "can_delete": false,
        "can_recover": false,
        "can_see_hidden_post": false,
        "can_wiki": false,
        "read": false,
        "user_title": "Course TA",
        "title_is_group": false,
        "reply_to_user": {
          "id": 18088,
          "username": "shubhamatkal",
          "name": "Shubham Atkal",
          "avatar_template": "/user_avatar/discourse.onlinedegree.iitm.ac.in/shubhamatkal/{size}/66790_2.png"
        },
        "bookmarked": false,
        "actions_summary": [
          {
            "id": 2,
            "count": 1,
            "can_act": true
          },
          {
            "id": 6,
            "can_act": true
          },
          {
            "id": 3,
            "can_act": true
          },
          {
            "id": 4,
            "can_act": true
          },
          {
            "id": 8,
            "can_act": true
          },
          {
            "id": 10,
            "can_act": true
          },
          {
            "id": 7,
            "can_act": true
          }
        ],
        "moderator": false,
        "admin": false,
        "staff": false,
        "group_moderator": true,
        "user_id": 15651,
        "hidden": false,
        "trust_level": 2,
        "deleted_at": null,
        "user_deleted": false,
        "edit_reason": null,
        "can_view_edit_history": true,
        "wiki": false,
        "post_url": "/t/clarification-regarding-mock-roe-timings/168384/11",
        "user_cakedate": "2023-01-25",
        "reactions": [
          {
            "id": "+1",
            "type": "emoji",
            "count": 1
          }
        ],
        "current_user_reaction": null,
        "reaction_users_count": 1,
        "current_user_used_main_reaction": false,
        "can_accept_answer": false,
        "can_unaccept_answer": false,
        "accepted_answer": false,
        "topic_accepted_answer": null
      }
    ],
    "stream": [
      599262,
      599274,
      599293,
      599475,
      599484,
      599570,
      599576,
      599582,
      599597,
      600214,
      600331
    ]
  },
  "timeline_lookup": [
    [
      1,
      265
    ],
    [
      10,
      264
    ]
  ],
  "suggested_topics": [
    {
      "fancy_title": "Submission Issue",
      "id": 191628,
      "title": "Submission Issue",
      "slug": "submission-issue",
      "posts_count": 1,
      "reply_count": 0,
      "highest_post_number": 1,
      "image_url": "https://europe1.discourse-cdn.com/flex013/uploads/iitm/optimized/3X/4/4/44dc3c61e92c828ce41f420245a133ac58e7488c_2_1024x576.png",
      "created_at": "2025-11-16T18:34:00.062Z",
      "last_posted_at": "2025-11-16T18:34:00.258Z",
      "bumped": true,
      "bumped_at": "2025-11-16T18:34:00.258Z",
      "archetype": "regular",
      "unseen": true,
      "pinned": false,
      "unpinned": null,
      "visible": true,
      "closed": false,
      "archived": false,
      "bookmarked": null,
      "liked": null,
      "tags": [
        "clarification",
        "operational",
        "term3-2025"
      ],
      "tags_descriptions": {},
      "like_count": 0,
      "views": 7,
      "category_id": 34,
      "featured_link": null,
      "has_accepted_answer": false,
      "posters": [
        {
          "extras": "latest single",
          "description": "Original Poster, Most Recent Poster",
          "user": {
            "id": 18836,
            "username": "23f2003033",
            "name": "Vedang Pawar",
            "avatar_template": "/user_avatar/discourse.onlinedegree.iitm.ac.in/23f2003033/{size}/67243_2.png",
            "primary_group_name": "ds-students",
            "flair_name": "ds-students",
            "flair_group_id": 294,
            "trust_level": 1
          }
        }
      ]
    }
  ],
  "tags": [
    "clarification",
    "term1-2025"
  ],
  "tags_descriptions": {},
  "fancy_title": "Clarification regarding Mock ROE Timings",
  "id": 168384,
  "title": "Clarification regarding Mock ROE Timings",
  "posts_count": 11,
  "created_at": "2025-02-25T05:11:06.909Z",
  "views": 191,
  "reply_count": 7,
  "like_count": 5,
  "last_posted_at": "2025-02-26T13:58:52.609Z",
  "visible": true,
  "closed": false,
  "archived": false,
  "has_summary": false,
  "archetype": "regular",
  "slug": "clarification-regarding-mock-roe-timings",
  "category_id": 34,
  "word_count": 766,
  "deleted_at": null,
  "user_id": 36236,
  "featured_link": null,
  "pinned_globally": false,
  "pinned_at": null,
  "pinned_until": null,
  "image_url": null,
  "slow_mode_seconds": 0,
  "draft": null,
  "draft_key": "topic_168384",
  "draft_sequence": 0,
  "posted": false,
  "unpinned": null,
  "pinned": false,
  "current_post_number": 1,
  "highest_post_number": 11,
  "last_read_post_number": null,
  "last_read_post_id": null,
  "deleted_by": null,
  "actions_summary": [
    {
      "id": 4,
      "count": 0,
      "hidden": false,
      "can_act": true
    },
    {
      "id": 8,
      "count": 0,
      "hidden": false,
      "can_act": true
    },
    {
      "id": 10,
      "count": 0,
      "hidden": false,
      "can_act": true
    },
    {
      "id": 7,
      "count": 0,
      "hidden": false,
      "can_act": true
    }
  ],
  "chunk_size": 20,
  "bookmarked": false,
  "topic_timer": null,
  "message_bus_last_id": 0,
  "participant_count": 8,
  "show_read_indicator": false,
  "thumbnails": null,
  "slow_mode_enabled_until": null,
  "tags_disable_ads": false,
  "related_topics": [
    {
      "fancy_title": "Mock test for ROE on 25th june",
      "id": 54389,
      "title": "Mock test for ROE on 25th june",
      "slug": "mock-test-for-roe-on-25th-june",
      "posts_count": 1,
      "reply_count": 0,
      "highest_post_number": 1,
      "image_url": null,
      "created_at": "2022-06-21T04:08:40.223Z",
      "last_posted_at": "2022-06-21T04:08:40.390Z",
      "bumped": true,
      "bumped_at": "2022-06-21T04:08:40.390Z",
      "archetype": "regular",
      "unseen": false,
      "pinned": false,
      "unpinned": null,
      "visible": true,
      "closed": false,
      "archived": false,
      "bookmarked": null,
      "liked": null,
      "tags": [
        "clarification"
      ],
      "tags_descriptions": {},
      "like_count": 1,
      "views": 85,
      "category_id": 34,
      "featured_link": null,
      "has_accepted_answer": false,
      "posters": [
        {
          "extras": "latest single",
          "description": "Original Poster, Most Recent Poster",
          "user": {
            "id": 7374,
            "username": "Sumit2002",
            "name": "Sumit Kumar Singh",
            "avatar_template": "https://avatars.discourse-cdn.com/v4/letter/s/8797f3/{size}.png",
            "primary_group_name": "ds-students",
            "flair_name": "ds-students",
            "flair_group_id": 294,
            "trust_level": 1
          }
        }
      ]
    },
    {
      "fancy_title": "OPPE Mock",
      "id": 58220,
      "title": "OPPE Mock",
      "slug": "oppe-mock",
      "posts_count": 8,
      "reply_count": 3,
      "highest_post_number": 8,
      "image_url": null,
      "created_at": "2022-07-19T08:20:43.462Z",
      "last_posted_at": "2022-07-20T15:07:41.049Z",
      "bumped": true,
      "bumped_at": "2022-07-20T15:07:41.049Z",
      "archetype": "regular",
      "unseen": false,
      "pinned": false,
      "unpinned": null,
      "visible": true,
      "closed": false,
      "archived": false,
      "bookmarked": null,
      "liked": null,
      "tags": [
        "mock"
      ],
      "tags_descriptions": {},
      "like_count": 15,
      "views": 130,
      "category_id": 27,
      "featured_link": null,
      "has_accepted_answer": false,
      "posters": [
        {
          "extras": null,
          "description": "Original Poster",
          "user": {
            "id": 669,
            "username": "p4arth",
            "name": "Paarth Bhatnagar",
            "avatar_template": "/user_avatar/discourse.onlinedegree.iitm.ac.in/p4arth/{size}/20198_2.png",
            "primary_group_name": "ds-students",
            "flair_name": "ds-students",
            "flair_group_id": 294,
            "trust_level": 1
          }
        },
        {
          "extras": null,
          "description": "Frequent Poster",
          "user": {
            "id": 43,
            "username": "PiyushW",
            "name": "Piyush Wairale",
            "avatar_template": "/user_avatar/discourse.onlinedegree.iitm.ac.in/piyushw/{size}/7225_2.png",
            "primary_group_name": "course_support",
            "flair_name": "course_support",
            "flair_url": "scale-balanced",
            "flair_bg_color": "0040ff",
            "flair_color": "1affc6",
            "flair_group_id": 41,
            "trust_level": 4
          }
        },
        {
          "extras": null,
          "description": "Frequent Poster",
          "user": {
            "id": 7584,
            "username": "lalitmach22",
            "name": "Lalit ",
            "avatar_template": "/user_avatar/discourse.onlinedegree.iitm.ac.in/lalitmach22/{size}/3272_2.png",
            "primary_group_name": "ds-students",
            "flair_name": "ds-students",
            "flair_group_id": 294,
            "trust_level": 1
          }
        },
        {
          "extras": null,
          "description": "Frequent Poster",
          "user": {
            "id": 9041,
            "username": "Jacob21f3002389",
            "name": "Georgie J.",
            "avatar_template": "/user_avatar/discourse.onlinedegree.iitm.ac.in/jacob21f3002389/{size}/14662_2.png",
            "primary_group_name": "ds-students",
            "flair_name": "ds-students",
            "flair_group_id": 294,
            "trust_level": 1
          }
        },
        {
          "extras": "latest",
          "description": "Most Recent Poster",
          "user": {
            "id": 9438,
            "username": "G-360",
            "name": "Gokul K",
            "avatar_template": "/user_avatar/discourse.onlinedegree.iitm.ac.in/g-360/{size}/15053_2.png",
            "primary_group_name": "ds-students",
            "flair_name": "ds-students",
            "flair_group_id": 294,
            "trust_level": 1
          }
        }
      ]
    },
    {
      "fancy_title": "Request for Interactiive session and Mock Test for ROE1?",
      "id": 95679,
      "title": "Request for Interactiive session and Mock Test for ROE1?",
      "slug": "request-for-interactiive-session-and-mock-test-for-roe1",
      "posts_count": 9,
      "reply_count": 6,
      "highest_post_number": 9,
      "image_url": null,
      "created_at": "2023-07-18T09:00:08.438Z",
      "last_posted_at": "2023-07-19T19:00:49.264Z",
      "bumped": true,
      "bumped_at": "2023-07-20T09:17:08.091Z",
      "archetype": "regular",
      "unseen": false,
      "pinned": false,
      "unpinned": null,
      "visible": true,
      "closed": false,
      "archived": false,
      "bookmarked": null,
      "liked": null,
      "tags": [
        "operational",
        "tds-roe",
        "term2-2023"
      ],
      "tags_descriptions": {},
      "like_count": 13,
      "views": 151,
      "category_id": 34,
      "featured_link": null,
      "has_accepted_answer": false,
      "posters": [
        {
          "extras": null,
          "description": "Original Poster",
          "user": {
            "id": 2939,
            "username": "kvijay",
            "name": "k vijaya kumar",
            "avatar_template": "/user_avatar/discourse.onlinedegree.iitm.ac.in/kvijay/{size}/1264_2.png",
            "primary_group_name": "ds-students",
            "flair_name": "ds-students",
            "flair_group_id": 294,
            "trust_level": 1
          }
        },
        {
          "extras": null,
          "description": "Frequent Poster",
          "user": {
            "id": 7689,
            "username": "21f2000766",
            "name": "Kanishka Sharma",
            "avatar_template": "/user_avatar/discourse.onlinedegree.iitm.ac.in/21f2000766/{size}/792_2.png",
            "primary_group_name": "ds-students",
            "flair_name": "ds-students",
            "flair_group_id": 294,
            "trust_level": 1
          }
        },
        {
          "extras": null,
          "description": "Frequent Poster",
          "user": {
            "id": 436,
            "username": "Seema",
            "name": "Seema",
            "avatar_template": "/user_avatar/discourse.onlinedegree.iitm.ac.in/seema/{size}/12608_2.png",
            "primary_group_name": "ds-students",
            "flair_name": "ds-students",
            "flair_group_id": 294,
            "trust_level": 1
          }
        },
        {
          "extras": null,
          "description": "Frequent Poster",
          "user": {
            "id": 15329,
            "username": "Kx_610",
            "name": "Kareena",
            "avatar_template": "/user_avatar/discourse.onlinedegree.iitm.ac.in/kx_610/{size}/13152_2.png",
            "primary_group_name": "ds-students",
            "flair_name": "ds-students",
            "flair_group_id": 294,
            "trust_level": 1
          }
        },
        {
          "extras": "latest",
          "description": "Most Recent Poster",
          "user": {
            "id": 15853,
            "username": "somsubhra",
            "name": "Somsubhra De",
            "avatar_template": "/user_avatar/discourse.onlinedegree.iitm.ac.in/somsubhra/{size}/138725_2.png",
            "primary_group_name": "ds-students",
            "trust_level": 2
          }
        }
      ]
    },
    {
      "fancy_title": "Mock roe",
      "id": 184187,
      "title": "Mock roe",
      "slug": "mock-roe",
      "posts_count": 18,
      "reply_count": 13,
      "highest_post_number": 18,
      "image_url": null,
      "created_at": "2025-08-05T05:34:26.813Z",
      "last_posted_at": "2025-08-07T11:53:48.830Z",
      "bumped": true,
      "bumped_at": "2025-08-07T11:53:48.830Z",
      "archetype": "regular",
      "unseen": false,
      "pinned": false,
      "unpinned": null,
      "visible": true,
      "closed": false,
      "archived": false,
      "bookmarked": null,
      "liked": null,
      "tags": [
        "term2-2025",
        "diploma-level"
      ],
      "tags_descriptions": {},
      "like_count": 3,
      "views": 199,
      "category_id": 30,
      "featured_link": null,
      "has_accepted_answer": false,
      "posters": [
        {
          "extras": null,
          "description": "Original Poster",
          "user": {
            "id": 37072,
            "username": "Dhruba15506",
            "name": "Ridhi Sehgal",
            "avatar_template": "/user_avatar/discourse.onlinedegree.iitm.ac.in/dhruba15506/{size}/139461_2.png",
            "primary_group_name": "ds-students",
            "flair_name": "ds-students",
            "flair_group_id": 294,
            "trust_level": 1
          }
        },
        {
          "extras": null,
          "description": "Frequent Poster",
          "user": {
            "id": 39529,
            "username": "Gurkirat",
            "name": "Gurkirat Singh",
            "avatar_template": "https://avatars.discourse-cdn.com/v4/letter/g/49beb7/{size}.png",
            "primary_group_name": "ds-students",
            "flair_name": "ds-students",
            "flair_group_id": 294,
            "trust_level": 1
          }
        },
        {
          "extras": null,
          "description": "Frequent Poster",
          "user": {
            "id": 34514,
            "username": "Tanmay1",
            "name": "Tanmay",
            "avatar_template": "/user_avatar/discourse.onlinedegree.iitm.ac.in/tanmay1/{size}/110232_2.png",
            "primary_group_name": "ds-students",
            "flair_name": "ds-students",
            "flair_group_id": 294,
            "trust_level": 1
          }
        },
        {
          "extras": null,
          "description": "Frequent Poster",
          "user": {
            "id": 30780,
            "username": "24f2000915",
            "name": "Anirudh Raghunand",
            "avatar_template": "/user_avatar/discourse.onlinedegree.iitm.ac.in/24f2000915/{size}/66772_2.png",
            "primary_group_name": "ds-students",
            "flair_name": "ds-students",
            "flair_group_id": 294,
            "trust_level": 1
          }
        },
        {
          "extras": "latest",
          "description": "Most Recent Poster",
          "user": {
            "id": 21968,
            "username": "23f2003958",
            "name": "Kartik",
            "avatar_template": "/user_avatar/discourse.onlinedegree.iitm.ac.in/23f2003958/{size}/130387_2.png",
            "primary_group_name": "ds-students",
            "flair_name": "ds-students",
            "flair_group_id": 294,
            "trust_level": 1
          }
        }
      ]
    },
    {
      "fancy_title": "Last minutes change in mock test",
      "id": 37510,
      "title": "Last minutes change in mock test",
      "slug": "last-minutes-change-in-mock-test",
      "posts_count": 9,
      "reply_count": 5,
      "highest_post_number": 9,
      "image_url": null,
      "created_at": "2022-03-05T08:17:25.387Z",
      "last_posted_at": "2022-03-05T14:48:43.329Z",
      "bumped": true,
      "bumped_at": "2022-03-05T14:48:43.329Z",
      "archetype": "regular",
      "unseen": false,
      "pinned": false,
      "unpinned": null,
      "visible": true,
      "closed": false,
      "archived": false,
      "bookmarked": null,
      "liked": null,
      "tags": [
        "clarification",
        "logistics"
      ],
      "tags_descriptions": {},
      "like_count": 3,
      "views": 80,
      "category_id": 23,
      "featured_link": null,
      "has_accepted_answer": false,
      "posters": [
        {
          "extras": null,
          "description": "Original Poster",
          "user": {
            "id": 6940,
            "username": "Amitabhab",
            "name": "Amitabha",
            "avatar_template": "/user_avatar/discourse.onlinedegree.iitm.ac.in/amitabhab/{size}/16794_2.png",
            "primary_group_name": "ds-students",
            "flair_name": "ds-students",
            "flair_group_id": 294,
            "trust_level": 1
          }
        },
        {
          "extras": null,
          "description": "Frequent Poster",
          "user": {
            "id": 6983,
            "username": "Pritam_Shaw",
            "name": "Pritam Shaw",
            "avatar_template": "/user_avatar/discourse.onlinedegree.iitm.ac.in/pritam_shaw/{size}/266_2.png",
            "primary_group_name": "ds-students",
            "flair_name": "ds-students",
            "flair_group_id": 294,
            "trust_level": 1
          }
        },
        {
          "extras": null,
          "description": "Frequent Poster",
          "user": {
            "id": 6190,
            "username": "shaibalini",
            "name": "Shaibalini",
            "avatar_template": "/user_avatar/discourse.onlinedegree.iitm.ac.in/shaibalini/{size}/114796_2.png",
            "primary_group_name": "ds-students",
            "flair_name": "ds-students",
            "flair_group_id": 294,
            "trust_level": 1
          }
        },
        {
          "extras": null,
          "description": "Frequent Poster",
          "user": {
            "id": 7079,
            "username": "21f2000547",
            "name": "Rahul Airi",
            "avatar_template": "/user_avatar/discourse.onlinedegree.iitm.ac.in/21f2000547/{size}/1038_2.png",
            "primary_group_name": "ds-students",
            "flair_name": "ds-students",
            "flair_group_id": 294,
            "trust_level": 1
          }
        },
        {
          "extras": "latest",
          "description": "Most Recent Poster",
          "user": {
            "id": 8215,
            "username": "iamsarthak",
            "name": "Sarthak Singh Gaur",
            "avatar_template": "/user_avatar/discourse.onlinedegree.iitm.ac.in/iamsarthak/{size}/123712_2.png",
            "primary_group_name": "ds-students",
            "flair_name": "ds-students",
            "flair_group_id": 294,
            "trust_level": 1
          }
        }
      ]
    }
  ],
  "summarizable": true,
  "valid_reactions": [
    "heart",
    "+1",
    "laughing",
    "open_mouth",
    "clap",
    "confetti_ball",
    "rocket",
    "-1"
  ],
  "can_vote": false,
  "vote_count": 0,
  "user_voted": false,
  "discourse_zendesk_plugin_zendesk_id": null,
  "discourse_zendesk_plugin_zendesk_url": "https://your-url.zendesk.com/agent/tickets/",
  "details": {
    "can_edit": false,
    "notification_level": 1,
    "notifications_reason_id": null,
    "can_create_post": true,
    "can_reply_as_new_topic": true,
    "can_flag_topic": true,
    "participants": [
      {
        "id": 16094,
        "username": "carlton",
        "name": "Carlton D'Silva",
        "avatar_template": "/user_avatar/discourse.onlinedegree.iitm.ac.in/carlton/{size}/56317_2.png",
        "post_count": 3,
        "primary_group_name": "ds-students",
        "flair_name": "ds-students",
        "flair_url": null,
        "flair_color": "",
        "flair_bg_color": "",
        "flair_group_id": 294,
        "trust_level": 3
      },
      {
        "id": 18297,
        "username": "23f1002382",
        "name": "Andrew David",
        "avatar_template": "/user_avatar/discourse.onlinedegree.iitm.ac.in/23f1002382/{size}/68945_2.png",
        "post_count": 2,
        "primary_group_name": "ds-students",
        "flair_name": "ds-students",
        "flair_url": null,
        "flair_color": "",
        "flair_bg_color": "",
        "flair_group_id": 294,
        "trust_level": 1
      },
      {
        "id": 36236,
        "username": "24f2006531",
        "name": "Shalini Saravanan",
        "avatar_template": "/user_avatar/discourse.onlinedegree.iitm.ac.in/24f2006531/{size}/111700_2.png",
        "post_count": 1,
        "primary_group_name": "ds-students",
        "flair_name": "ds-students",
        "flair_url": null,
        "flair_color": "",
        "flair_bg_color": "",
        "flair_group_id": 294,
        "trust_level": 1
      },
      {
        "id": 18088,
        "username": "shubhamatkal",
        "name": "Shubham Atkal",
        "avatar_template": "/user_avatar/discourse.onlinedegree.iitm.ac.in/shubhamatkal/{size}/66790_2.png",
        "post_count": 1,
        "primary_group_name": "ds-students",
        "flair_name": "ds-students",
        "flair_url": null,
        "flair_color": "",
        "flair_bg_color": "",
        "flair_group_id": 294,
        "trust_level": 1
      },
      {
        "id": 22439,
        "username": "23f2003413",
        "name": "Shashannk",
        "avatar_template": "/user_avatar/discourse.onlinedegree.iitm.ac.in/23f2003413/{size}/66883_2.png",
        "post_count": 1,
        "primary_group_name": "ds-students",
        "flair_name": "ds-students",
        "flair_url": null,
        "flair_color": "",
        "flair_bg_color": "",
        "flair_group_id": 294,
        "trust_level": 1
      },
      {
        "id": 15651,
        "username": "Jivraj",
        "name": "Jivraj Singh Shekhawat",
        "avatar_template": "/user_avatar/discourse.onlinedegree.iitm.ac.in/jivraj/{size}/135985_2.png",
        "post_count": 1,
        "primary_group_name": "ds-students",
        "flair_name": "ds-students",
        "flair_url": null,
        "flair_color": "",
        "flair_bg_color": "",
        "flair_group_id": 294,
        "trust_level": 2
      },
      {
        "id": 17433,
        "username": "22f3002248",
        "name": "Tanush Tambe",
        "avatar_template": "/user_avatar/discourse.onlinedegree.iitm.ac.in/22f3002248/{size}/142864_2.png",
        "post_count": 1,
        "primary_group_name": "ds-students",
        "flair_name": "ds-students",
        "flair_url": null,
        "flair_color": "",
        "flair_bg_color": "",
        "flair_group_id": 294,
        "trust_level": 1
      },
      {
        "id": 17736,
        "username": "23f2000573",
        "name": "B R GIRI SUBRAHMANYA",
        "avatar_template": "/user_avatar/discourse.onlinedegree.iitm.ac.in/23f2000573/{size}/68306_2.png",
        "post_count": 1,
        "primary_group_name": "ds-students",
        "flair_name": "ds-students",
        "flair_url": null,
        "flair_color": "",
        "flair_bg_color": "",
        "flair_group_id": 294,
        "trust_level": 1
      }
    ],
    "created_by": {
      "id": 36236,
      "username": "24f2006531",
      "name": "Shalini Saravanan",
      "avatar_template": "/user_avatar/discourse.onlinedegree.iitm.ac.in/24f2006531/{size}/111700_2.png"
    },
    "last_poster": {
      "id": 15651,
      "username": "Jivraj",
      "name": "Jivraj Singh Shekhawat",
      "avatar_template": "/user_avatar/discourse.onlinedegree.iitm.ac.in/jivraj/{size}/135985_2.png"
    }
  },
  "pending_posts": [],
  "bookmarks": []
}