{
  "post_stream": {
    "posts": [
      {
        "id": 575342,
        "name": "Anand S",
        "username": "s.anand",
        "avatar_template": "/user_avatar/discourse.onlinedegree.iitm.ac.in/s.anand/{size}/15264_2.png",
        "created_at": "2025-01-02T02:30:03.720Z",
        "cooked": "<p>Please post any questions related to <a href=\"https://exam.sanand.workers.dev/tds-2025-01-ga1\">Graded Assignment 1 - Development Tools</a>.</p>\n<hr>\n<h2><a name=\"p-575342-important-instruction-1\" class=\"anchor\" href=\"#p-575342-important-instruction-1\"></a>Important Instruction</h2>\n<p>Please use markdown code formatting (fenced code blocks) when sharing code in Discourse posts. This makes the code much easier to read and differentiate from non-code text. It also makes it easier for people to copy code snippets and run it themselves. Visit this link for more details: <a href=\"https://www.markdownguide.org/extended-syntax/#fenced-code-blocks\" class=\"inline-onebox\">Extended Syntax | Markdown Guide</a>.</p>\n<p>A friendly suggestion: kindly go through <a class=\"hashtag-cooked\" href=\"/c/docs-discourse/45\" data-type=\"category\" data-slug=\"docs-discourse\" data-id=\"45\"><span class=\"hashtag-icon-placeholder\"><svg class=\"fa d-icon d-icon-square-full svg-icon svg-node\"><use href=\"#square-full\"></use></svg></span><span>Discourse Docs</span></a>! <img src=\"https://emoji.discourse-cdn.com/google/slight_smile.png?v=12\" title=\":slight_smile:\" class=\"emoji\" alt=\":slight_smile:\" loading=\"lazy\" width=\"20\" height=\"20\"></p>\n<hr>\n<p>Deadline: 26 Jan 2025, midnight IST</p>\n<p><a class=\"mention\" href=\"/u/carlton\">@carlton</a> <a class=\"mention\" href=\"/u/jivraj\">@Jivraj</a> Please keep an eye on this thread for support.</p>",
        "post_number": 1,
        "post_type": 1,
        "posts_count": 131,
        "updated_at": "2025-01-14T17:24:00.548Z",
        "reply_count": 0,
        "reply_to_post_number": null,
        "quote_count": 0,
        "incoming_link_count": 654,
        "reads": 712,
        "readers_count": 711,
        "score": 3487.4,
        "yours": false,
        "topic_id": 161083,
        "topic_slug": "ga1-development-tools-discussion-thread-tds-jan-2025",
        "display_username": "Anand S",
        "primary_group_name": "faculty",
        "flair_name": "faculty",
        "flair_url": "chalkboard-user",
        "flair_bg_color": "f2c26e",
        "flair_color": "000",
        "flair_group_id": 54,
        "badges_granted": [],
        "version": 4,
        "can_edit": false,
        "can_delete": false,
        "can_recover": false,
        "can_see_hidden_post": false,
        "can_wiki": false,
        "link_counts": [
          {
            "url": "https://exam.sanand.workers.dev/tds-2025-01-ga1",
            "internal": false,
            "reflection": false,
            "title": "Technical Assessment",
            "clicks": 88
          },
          {
            "url": "https://www.markdownguide.org/extended-syntax/#fenced-code-blocks",
            "internal": false,
            "reflection": false,
            "title": "Extended Syntax | Markdown Guide",
            "clicks": 20
          },
          {
            "url": "/c/docs-discourse/45",
            "internal": true,
            "reflection": false,
            "clicks": 0
          }
        ],
        "read": false,
        "user_title": "Course_faculty",
        "title_is_group": true,
        "bookmarked": false,
        "actions_summary": [
          {
            "id": 2,
            "count": 5,
            "can_act": true
          },
          {
            "id": 6,
            "can_act": true
          },
          {
            "id": 3,
            "can_act": true
          },
          {
            "id": 4,
            "can_act": true
          },
          {
            "id": 8,
            "can_act": true
          },
          {
            "id": 10,
            "can_act": true
          },
          {
            "id": 7,
            "can_act": true
          }
        ],
        "moderator": false,
        "admin": false,
        "staff": false,
        "user_id": 9419,
        "hidden": false,
        "trust_level": 4,
        "deleted_at": null,
        "user_deleted": false,
        "edit_reason": null,
        "can_view_edit_history": true,
        "wiki": false,
        "post_url": "/t/ga1-development-tools-discussion-thread-tds-jan-2025/161083/1",
        "user_cakedate": "2022-01-03",
        "reactions": [
          {
            "id": "heart",
            "type": "emoji",
            "count": 5
          }
        ],
        "current_user_reaction": null,
        "reaction_users_count": 5,
        "current_user_used_main_reaction": false,
        "can_accept_answer": false,
        "can_unaccept_answer": false,
        "accepted_answer": false,
        "topic_accepted_answer": null,
        "can_vote": false
      },
      {
        "id": 575344,
        "name": "Anand S",
        "username": "s.anand",
        "avatar_template": "/user_avatar/discourse.onlinedegree.iitm.ac.in/s.anand/{size}/15264_2.png",
        "created_at": "2025-01-02T02:46:01.490Z",
        "cooked": "",
        "post_number": 2,
        "post_type": 3,
        "posts_count": 131,
        "updated_at": "2025-01-02T02:46:01.490Z",
        "reply_count": 0,
        "reply_to_post_number": null,
        "quote_count": 0,
        "incoming_link_count": 2,
        "reads": 666,
        "readers_count": 665,
        "score": 143.2,
        "yours": false,
        "topic_id": 161083,
        "topic_slug": "ga1-development-tools-discussion-thread-tds-jan-2025",
        "display_username": "Anand S",
        "primary_group_name": "faculty",
        "flair_name": "faculty",
        "flair_url": "chalkboard-user",
        "flair_bg_color": "f2c26e",
        "flair_color": "000",
        "flair_group_id": 54,
        "badges_granted": [],
        "version": 1,
        "can_edit": false,
        "can_delete": false,
        "can_recover": false,
        "can_see_hidden_post": false,
        "can_wiki": false,
        "read": false,
        "user_title": "Course_faculty",
        "title_is_group": true,
        "bookmarked": false,
        "actions_summary": [
          {
            "id": 2,
            "can_act": true
          },
          {
            "id": 6,
            "can_act": true
          },
          {
            "id": 3,
            "can_act": true
          },
          {
            "id": 4,
            "can_act": true
          },
          {
            "id": 8,
            "can_act": true
          },
          {
            "id": 10,
            "can_act": true
          },
          {
            "id": 7,
            "can_act": true
          }
        ],
        "moderator": false,
        "admin": false,
        "staff": false,
        "user_id": 9419,
        "hidden": false,
        "trust_level": 4,
        "deleted_at": null,
        "user_deleted": false,
        "edit_reason": null,
        "can_view_edit_history": true,
        "wiki": false,
        "action_code": "pinned.enabled",
        "post_url": "/t/ga1-development-tools-discussion-thread-tds-jan-2025/161083/2",
        "user_cakedate": "2022-01-03",
        "reactions": [],
        "current_user_reaction": null,
        "reaction_users_count": 0,
        "current_user_used_main_reaction": false,
        "can_accept_answer": false,
        "can_unaccept_answer": false,
        "accepted_answer": false,
        "topic_accepted_answer": null
      },
      {
        "id": 575782,
        "name": "Anant Kumar Singh",
        "username": "21f2000370",
        "avatar_template": "/user_avatar/discourse.onlinedegree.iitm.ac.in/21f2000370/{size}/87_2.png",
        "created_at": "2025-01-05T04:01:42.024Z",
        "cooked": "<p><div class=\"lightbox-wrapper\"><a class=\"lightbox\" href=\"https://europe1.discourse-cdn.com/flex013/uploads/iitm/original/3X/f/8/f8af7c6e2fe001c8bf000605b52c903e1b0e6fe1.png\" data-download-href=\"/uploads/short-url/ztYoarmvww2WIkqZVCfsxgyDyhj.png?dl=1\" title=\"image\" rel=\"noopener nofollow ugc\"><img src=\"https://europe1.discourse-cdn.com/flex013/uploads/iitm/original/3X/f/8/f8af7c6e2fe001c8bf000605b52c903e1b0e6fe1.png\" alt=\"image\" data-base62-sha1=\"ztYoarmvww2WIkqZVCfsxgyDyhj\" width=\"690\" height=\"84\" data-dominant-color=\"292D32\"><div class=\"meta\"><svg class=\"fa d-icon d-icon-far-image svg-icon\" aria-hidden=\"true\"><use href=\"#far-image\"></use></svg><span class=\"filename\">image</span><span class=\"informations\">1296×158 7.29 KB</span><svg class=\"fa d-icon d-icon-discourse-expand svg-icon\" aria-hidden=\"true\"><use href=\"#discourse-expand\"></use></svg></div></a></div><br>\nFor question 16 of GA1, It says \"Rename all files replacing each digit with the next \"<br>\nAccepted answer is working only if file names are renamed as<br>\n2h3q9x.txt → 3h4q0x.txt<br>\neb209nmlca.txt → eb310nmlca.txt<br>\nThat means if digit is 9 then next digit should be 0. <a class=\"mention\" href=\"/u/carlton\">@carlton</a> <a class=\"mention\" href=\"/u/jivraj\">@Jivraj</a> let me know if this is what is expected. since 9-&gt;10 or 209 → 210 is not working</p>",
        "post_number": 3,
        "post_type": 1,
        "posts_count": 131,
        "updated_at": "2025-01-05T04:01:42.024Z",
        "reply_count": 3,
        "reply_to_post_number": null,
        "quote_count": 0,
        "incoming_link_count": 13,
        "reads": 633,
        "readers_count": 632,
        "score": 206.6,
        "yours": false,
        "topic_id": 161083,
        "topic_slug": "ga1-development-tools-discussion-thread-tds-jan-2025",
        "display_username": "Anant Kumar Singh",
        "primary_group_name": "ds-students",
        "flair_name": "ds-students",
        "flair_url": null,
        "flair_bg_color": "",
        "flair_color": "",
        "flair_group_id": 294,
        "badges_granted": [],
        "version": 1,
        "can_edit": false,
        "can_delete": false,
        "can_recover": false,
        "can_see_hidden_post": false,
        "can_wiki": false,
        "read": false,
        "user_title": null,
        "bookmarked": false,
        "actions_summary": [
          {
            "id": 2,
            "can_act": true
          },
          {
            "id": 6,
            "can_act": true
          },
          {
            "id": 3,
            "can_act": true
          },
          {
            "id": 4,
            "can_act": true
          },
          {
            "id": 8,
            "can_act": true
          },
          {
            "id": 10,
            "can_act": true
          },
          {
            "id": 7,
            "can_act": true
          }
        ],
        "moderator": false,
        "admin": false,
        "staff": false,
        "user_id": 6853,
        "hidden": false,
        "trust_level": 1,
        "deleted_at": null,
        "user_deleted": false,
        "edit_reason": null,
        "can_view_edit_history": true,
        "wiki": false,
        "post_url": "/t/ga1-development-tools-discussion-thread-tds-jan-2025/161083/3",
        "user_cakedate": "2021-09-07",
        "reactions": [],
        "current_user_reaction": null,
        "reaction_users_count": 0,
        "current_user_used_main_reaction": false,
        "can_accept_answer": false,
        "can_unaccept_answer": false,
        "accepted_answer": false,
        "topic_accepted_answer": null
      },
      {
        "id": 575795,
        "name": "Jivraj Singh Shekhawat",
        "username": "Jivraj",
        "avatar_template": "/user_avatar/discourse.onlinedegree.iitm.ac.in/jivraj/{size}/135985_2.png",
        "created_at": "2025-01-05T05:50:28.537Z",
        "cooked": "<p>Hi anant,</p>\n<p>Question mentions every digit should be replaced by next one.</p>\n<p>In that case 209 would get replaced by 310</p>",
        "post_number": 4,
        "post_type": 1,
        "posts_count": 131,
        "updated_at": "2025-01-05T05:50:28.537Z",
        "reply_count": 1,
        "reply_to_post_number": 3,
        "quote_count": 0,
        "incoming_link_count": 8,
        "reads": 599,
        "readers_count": 598,
        "score": 164.8,
        "yours": false,
        "topic_id": 161083,
        "topic_slug": "ga1-development-tools-discussion-thread-tds-jan-2025",
        "display_username": "Jivraj Singh Shekhawat",
        "primary_group_name": "ds-students",
        "flair_name": "ds-students",
        "flair_url": null,
        "flair_bg_color": "",
        "flair_color": "",
        "flair_group_id": 294,
        "badges_granted": [],
        "version": 1,
        "can_edit": false,
        "can_delete": false,
        "can_recover": false,
        "can_see_hidden_post": false,
        "can_wiki": false,
        "read": false,
        "user_title": "Course TA",
        "title_is_group": false,
        "reply_to_user": {
          "id": 6853,
          "username": "21f2000370",
          "name": "Anant Kumar Singh",
          "avatar_template": "/user_avatar/discourse.onlinedegree.iitm.ac.in/21f2000370/{size}/87_2.png"
        },
        "bookmarked": false,
        "actions_summary": [
          {
            "id": 2,
            "can_act": true
          },
          {
            "id": 6,
            "can_act": true
          },
          {
            "id": 3,
            "can_act": true
          },
          {
            "id": 4,
            "can_act": true
          },
          {
            "id": 8,
            "can_act": true
          },
          {
            "id": 10,
            "can_act": true
          },
          {
            "id": 7,
            "can_act": true
          }
        ],
        "moderator": false,
        "admin": false,
        "staff": false,
        "group_moderator": true,
        "user_id": 15651,
        "hidden": false,
        "trust_level": 2,
        "deleted_at": null,
        "user_deleted": false,
        "edit_reason": null,
        "can_view_edit_history": true,
        "wiki": false,
        "post_url": "/t/ga1-development-tools-discussion-thread-tds-jan-2025/161083/4",
        "user_cakedate": "2023-01-25",
        "reactions": [],
        "current_user_reaction": null,
        "reaction_users_count": 0,
        "current_user_used_main_reaction": false,
        "can_accept_answer": false,
        "can_unaccept_answer": false,
        "accepted_answer": false,
        "topic_accepted_answer": null
      },
      {
        "id": 575815,
        "name": "Anant Kumar Singh",
        "username": "21f2000370",
        "avatar_template": "/user_avatar/discourse.onlinedegree.iitm.ac.in/21f2000370/{size}/87_2.png",
        "created_at": "2025-01-05T07:56:17.410Z",
        "cooked": "<p>Hello Sir, When I am following that logic to rename files, assessment check is giving error “Incorrect. Try again.”</p>",
        "post_number": 5,
        "post_type": 1,
        "posts_count": 131,
        "updated_at": "2025-01-05T07:56:17.410Z",
        "reply_count": 1,
        "reply_to_post_number": 4,
        "quote_count": 0,
        "incoming_link_count": 5,
        "reads": 572,
        "readers_count": 571,
        "score": 144.4,
        "yours": false,
        "topic_id": 161083,
        "topic_slug": "ga1-development-tools-discussion-thread-tds-jan-2025",
        "display_username": "Anant Kumar Singh",
        "primary_group_name": "ds-students",
        "flair_name": "ds-students",
        "flair_url": null,
        "flair_bg_color": "",
        "flair_color": "",
        "flair_group_id": 294,
        "badges_granted": [],
        "version": 1,
        "can_edit": false,
        "can_delete": false,
        "can_recover": false,
        "can_see_hidden_post": false,
        "can_wiki": false,
        "read": false,
        "user_title": null,
        "reply_to_user": {
          "id": 15651,
          "username": "Jivraj",
          "name": "Jivraj Singh Shekhawat",
          "avatar_template": "/user_avatar/discourse.onlinedegree.iitm.ac.in/jivraj/{size}/135985_2.png"
        },
        "bookmarked": false,
        "actions_summary": [
          {
            "id": 2,
            "can_act": true
          },
          {
            "id": 6,
            "can_act": true
          },
          {
            "id": 3,
            "can_act": true
          },
          {
            "id": 4,
            "can_act": true
          },
          {
            "id": 8,
            "can_act": true
          },
          {
            "id": 10,
            "can_act": true
          },
          {
            "id": 7,
            "can_act": true
          }
        ],
        "moderator": false,
        "admin": false,
        "staff": false,
        "user_id": 6853,
        "hidden": false,
        "trust_level": 1,
        "deleted_at": null,
        "user_deleted": false,
        "edit_reason": null,
        "can_view_edit_history": true,
        "wiki": false,
        "post_url": "/t/ga1-development-tools-discussion-thread-tds-jan-2025/161083/5",
        "user_cakedate": "2021-09-07",
        "reactions": [],
        "current_user_reaction": null,
        "reaction_users_count": 0,
        "current_user_used_main_reaction": false,
        "can_accept_answer": false,
        "can_unaccept_answer": false,
        "accepted_answer": false,
        "topic_accepted_answer": null
      },
      {
        "id": 576111,
        "name": "Carlton D'Silva",
        "username": "carlton",
        "avatar_template": "/user_avatar/discourse.onlinedegree.iitm.ac.in/carlton/{size}/56317_2.png",
        "created_at": "2025-01-08T03:45:23.020Z",
        "cooked": "<p><a class=\"mention\" href=\"/u/21f2000370\">@21f2000370</a> Since you have managed to get all the answers correct, I presume there are no further issues w/ Q16.</p>",
        "post_number": 6,
        "post_type": 1,
        "posts_count": 131,
        "updated_at": "2025-01-08T03:45:23.020Z",
        "reply_count": 1,
        "reply_to_post_number": 5,
        "quote_count": 0,
        "incoming_link_count": 2,
        "reads": 527,
        "readers_count": 526,
        "score": 120.4,
        "yours": false,
        "topic_id": 161083,
        "topic_slug": "ga1-development-tools-discussion-thread-tds-jan-2025",
        "display_username": "Carlton D'Silva",
        "primary_group_name": "ds-students",
        "flair_name": "ds-students",
        "flair_url": null,
        "flair_bg_color": "",
        "flair_color": "",
        "flair_group_id": 294,
        "badges_granted": [],
        "version": 1,
        "can_edit": false,
        "can_delete": false,
        "can_recover": false,
        "can_see_hidden_post": false,
        "can_wiki": false,
        "read": false,
        "user_title": "Regular",
        "title_is_group": false,
        "reply_to_user": {
          "id": 6853,
          "username": "21f2000370",
          "name": "Anant Kumar Singh",
          "avatar_template": "/user_avatar/discourse.onlinedegree.iitm.ac.in/21f2000370/{size}/87_2.png"
        },
        "bookmarked": false,
        "actions_summary": [
          {
            "id": 2,
            "can_act": true
          },
          {
            "id": 6,
            "can_act": true
          },
          {
            "id": 3,
            "can_act": true
          },
          {
            "id": 4,
            "can_act": true
          },
          {
            "id": 8,
            "can_act": true
          },
          {
            "id": 10,
            "can_act": true
          },
          {
            "id": 7,
            "can_act": true
          }
        ],
        "moderator": false,
        "admin": false,
        "staff": false,
        "group_moderator": true,
        "user_id": 16094,
        "hidden": false,
        "trust_level": 3,
        "deleted_at": null,
        "user_deleted": false,
        "edit_reason": null,
        "can_view_edit_history": true,
        "wiki": false,
        "post_url": "/t/ga1-development-tools-discussion-thread-tds-jan-2025/161083/6",
        "user_cakedate": "2023-01-25",
        "reactions": [],
        "current_user_reaction": null,
        "reaction_users_count": 0,
        "current_user_used_main_reaction": false,
        "can_accept_answer": false,
        "can_unaccept_answer": false,
        "accepted_answer": false,
        "topic_accepted_answer": null
      },
      {
        "id": 576239,
        "name": "Nihar Panse",
        "username": "23f2003790",
        "avatar_template": "/user_avatar/discourse.onlinedegree.iitm.ac.in/23f2003790/{size}/68999_2.png",
        "created_at": "2025-01-09T07:32:49.658Z",
        "cooked": "<p>Hi, I am unable to access Graded Assignment 1. Every time I click on the given link, all I can see is this page. Please advise.<br>\n<div class=\"lightbox-wrapper\"><a class=\"lightbox\" href=\"https://europe1.discourse-cdn.com/flex013/uploads/iitm/original/3X/7/b/7be5e1eb5ea66bf30d3a3ebb32850f99e077bcb5.png\" data-download-href=\"/uploads/short-url/hG3fup4YovKB5FseOCXLQGyXPXn.png?dl=1\" title=\"tdsga1\" rel=\"noopener nofollow ugc\"><img src=\"https://europe1.discourse-cdn.com/flex013/uploads/iitm/optimized/3X/7/b/7be5e1eb5ea66bf30d3a3ebb32850f99e077bcb5_2_690x333.png\" alt=\"tdsga1\" data-base62-sha1=\"hG3fup4YovKB5FseOCXLQGyXPXn\" width=\"690\" height=\"333\" srcset=\"https://europe1.discourse-cdn.com/flex013/uploads/iitm/optimized/3X/7/b/7be5e1eb5ea66bf30d3a3ebb32850f99e077bcb5_2_690x333.png, https://europe1.discourse-cdn.com/flex013/uploads/iitm/optimized/3X/7/b/7be5e1eb5ea66bf30d3a3ebb32850f99e077bcb5_2_1035x499.png 1.5x, https://europe1.discourse-cdn.com/flex013/uploads/iitm/optimized/3X/7/b/7be5e1eb5ea66bf30d3a3ebb32850f99e077bcb5_2_1380x666.png 2x\" data-dominant-color=\"FDFDFD\"><div class=\"meta\"><svg class=\"fa d-icon d-icon-far-image svg-icon\" aria-hidden=\"true\"><use href=\"#far-image\"></use></svg><span class=\"filename\">tdsga1</span><span class=\"informations\">1902×919 31.1 KB</span><svg class=\"fa d-icon d-icon-discourse-expand svg-icon\" aria-hidden=\"true\"><use href=\"#discourse-expand\"></use></svg></div></a></div></p>",
        "post_number": 7,
        "post_type": 1,
        "posts_count": 131,
        "updated_at": "2025-01-09T07:32:49.658Z",
        "reply_count": 1,
        "reply_to_post_number": null,
        "quote_count": 0,
        "incoming_link_count": 3,
        "reads": 504,
        "readers_count": 503,
        "score": 135.8,
        "yours": false,
        "topic_id": 161083,
        "topic_slug": "ga1-development-tools-discussion-thread-tds-jan-2025",
        "display_username": "Nihar Panse",
        "primary_group_name": "ds-students",
        "flair_name": "ds-students",
        "flair_url": null,
        "flair_bg_color": "",
        "flair_color": "",
        "flair_group_id": 294,
        "badges_granted": [],
        "version": 1,
        "can_edit": false,
        "can_delete": false,
        "can_recover": false,
        "can_see_hidden_post": false,
        "can_wiki": false,
        "read": false,
        "user_title": null,
        "bookmarked": false,
        "actions_summary": [
          {
            "id": 2,
            "count": 1,
            "can_act": true
          },
          {
            "id": 6,
            "can_act": true
          },
          {
            "id": 3,
            "can_act": true
          },
          {
            "id": 4,
            "can_act": true
          },
          {
            "id": 8,
            "can_act": true
          },
          {
            "id": 10,
            "can_act": true
          },
          {
            "id": 7,
            "can_act": true
          }
        ],
        "moderator": false,
        "admin": false,
        "staff": false,
        "user_id": 26401,
        "hidden": false,
        "trust_level": 1,
        "deleted_at": null,
        "user_deleted": false,
        "edit_reason": null,
        "can_view_edit_history": true,
        "wiki": false,
        "post_url": "/t/ga1-development-tools-discussion-thread-tds-jan-2025/161083/7",
        "user_cakedate": "2024-01-31",
        "reactions": [
          {
            "id": "+1",
            "type": "emoji",
            "count": 1
          }
        ],
        "current_user_reaction": null,
        "reaction_users_count": 1,
        "current_user_used_main_reaction": false,
        "can_accept_answer": false,
        "can_unaccept_answer": false,
        "accepted_answer": false,
        "topic_accepted_answer": null
      },
      {
        "id": 576242,
        "name": "Jivraj Singh Shekhawat",
        "username": "Jivraj",
        "avatar_template": "/user_avatar/discourse.onlinedegree.iitm.ac.in/jivraj/{size}/135985_2.png",
        "created_at": "2025-01-09T08:21:13.611Z",
        "cooked": "<p>Possible reasons for this issue.</p>\n<ol>\n<li>Disable/remove Ad blocker</li>\n<li>Disable/remove Tracking blocker (Allow third party cookies)</li>\n<li>Use Chrome browser</li>\n<li>Disable Browser extensions</li>\n</ol>",
        "post_number": 8,
        "post_type": 1,
        "posts_count": 131,
        "updated_at": "2025-01-09T08:21:13.611Z",
        "reply_count": 0,
        "reply_to_post_number": 7,
        "quote_count": 0,
        "incoming_link_count": 0,
        "reads": 474,
        "readers_count": 473,
        "score": 109.8,
        "yours": false,
        "topic_id": 161083,
        "topic_slug": "ga1-development-tools-discussion-thread-tds-jan-2025",
        "display_username": "Jivraj Singh Shekhawat",
        "primary_group_name": "ds-students",
        "flair_name": "ds-students",
        "flair_url": null,
        "flair_bg_color": "",
        "flair_color": "",
        "flair_group_id": 294,
        "badges_granted": [],
        "version": 1,
        "can_edit": false,
        "can_delete": false,
        "can_recover": false,
        "can_see_hidden_post": false,
        "can_wiki": false,
        "read": false,
        "user_title": "Course TA",
        "title_is_group": false,
        "reply_to_user": {
          "id": 26401,
          "username": "23f2003790",
          "name": "Nihar Panse",
          "avatar_template": "/user_avatar/discourse.onlinedegree.iitm.ac.in/23f2003790/{size}/68999_2.png"
        },
        "bookmarked": false,
        "actions_summary": [
          {
            "id": 2,
            "count": 1,
            "can_act": true
          },
          {
            "id": 6,
            "can_act": true
          },
          {
            "id": 3,
            "can_act": true
          },
          {
            "id": 4,
            "can_act": true
          },
          {
            "id": 8,
            "can_act": true
          },
          {
            "id": 10,
            "can_act": true
          },
          {
            "id": 7,
            "can_act": true
          }
        ],
        "moderator": false,
        "admin": false,
        "staff": false,
        "group_moderator": true,
        "user_id": 15651,
        "hidden": false,
        "trust_level": 2,
        "deleted_at": null,
        "user_deleted": false,
        "edit_reason": null,
        "can_view_edit_history": true,
        "wiki": false,
        "post_url": "/t/ga1-development-tools-discussion-thread-tds-jan-2025/161083/8",
        "user_cakedate": "2023-01-25",
        "reactions": [
          {
            "id": "heart",
            "type": "emoji",
            "count": 1
          }
        ],
        "current_user_reaction": null,
        "reaction_users_count": 1,
        "current_user_used_main_reaction": false,
        "can_accept_answer": false,
        "can_unaccept_answer": false,
        "accepted_answer": false,
        "topic_accepted_answer": null
      },
      {
        "id": 577689,
        "name": "Anant Kumar Singh",
        "username": "21f2000370",
        "avatar_template": "/user_avatar/discourse.onlinedegree.iitm.ac.in/21f2000370/{size}/87_2.png",
        "created_at": "2025-01-11T08:15:14.939Z",
        "cooked": "<p>As I highlighted earlier, Its not accepting the answer  if I follow correct logic for renaming for example 209-&gt;210, but it is accepting if rename as 209-&gt;310</p>",
        "post_number": 12,
        "post_type": 1,
        "posts_count": 131,
        "updated_at": "2025-01-11T08:15:14.939Z",
        "reply_count": 1,
        "reply_to_post_number": 6,
        "quote_count": 0,
        "incoming_link_count": 3,
        "reads": 432,
        "readers_count": 431,
        "score": 106.4,
        "yours": false,
        "topic_id": 161083,
        "topic_slug": "ga1-development-tools-discussion-thread-tds-jan-2025",
        "display_username": "Anant Kumar Singh",
        "primary_group_name": "ds-students",
        "flair_name": "ds-students",
        "flair_url": null,
        "flair_bg_color": "",
        "flair_color": "",
        "flair_group_id": 294,
        "badges_granted": [],
        "version": 1,
        "can_edit": false,
        "can_delete": false,
        "can_recover": false,
        "can_see_hidden_post": false,
        "can_wiki": false,
        "read": false,
        "user_title": null,
        "reply_to_user": {
          "id": 16094,
          "username": "carlton",
          "name": "Carlton D'Silva",
          "avatar_template": "/user_avatar/discourse.onlinedegree.iitm.ac.in/carlton/{size}/56317_2.png"
        },
        "bookmarked": false,
        "actions_summary": [
          {
            "id": 2,
            "can_act": true
          },
          {
            "id": 6,
            "can_act": true
          },
          {
            "id": 3,
            "can_act": true
          },
          {
            "id": 4,
            "can_act": true
          },
          {
            "id": 8,
            "can_act": true
          },
          {
            "id": 10,
            "can_act": true
          },
          {
            "id": 7,
            "can_act": true
          }
        ],
        "moderator": false,
        "admin": false,
        "staff": false,
        "user_id": 6853,
        "hidden": false,
        "trust_level": 1,
        "deleted_at": null,
        "user_deleted": false,
        "edit_reason": null,
        "can_view_edit_history": true,
        "wiki": false,
        "post_url": "/t/ga1-development-tools-discussion-thread-tds-jan-2025/161083/12",
        "user_cakedate": "2021-09-07",
        "reactions": [],
        "current_user_reaction": null,
        "reaction_users_count": 0,
        "current_user_used_main_reaction": false,
        "can_accept_answer": false,
        "can_unaccept_answer": false,
        "accepted_answer": false,
        "topic_accepted_answer": null
      },
      {
        "id": 577736,
        "name": "Jivraj Singh Shekhawat",
        "username": "Jivraj",
        "avatar_template": "/user_avatar/discourse.onlinedegree.iitm.ac.in/jivraj/{size}/135985_2.png",
        "created_at": "2025-01-11T09:03:17.493Z",
        "cooked": "<p>Hi Anant,</p>\n<aside class=\"quote group-ds-students\" data-username=\"21f2000370\" data-post=\"3\" data-topic=\"161083\">\n<div class=\"title\">\n<div class=\"quote-controls\"></div>\n<img loading=\"lazy\" alt=\"\" width=\"24\" height=\"24\" src=\"https://dub1.discourse-cdn.com/flex013/user_avatar/discourse.onlinedegree.iitm.ac.in/21f2000370/48/87_2.png\" class=\"avatar\"> 21f2000370:</div>\n<blockquote>\n<p><div class=\"lightbox-wrapper\"><a class=\"lightbox\" href=\"https://europe1.discourse-cdn.com/flex013/uploads/iitm/original/3X/f/8/f8af7c6e2fe001c8bf000605b52c903e1b0e6fe1.png\" data-download-href=\"/uploads/short-url/ztYoarmvww2WIkqZVCfsxgyDyhj.png?dl=1\" title=\"image\" rel=\"noopener nofollow ugc\"><img src=\"https://europe1.discourse-cdn.com/flex013/uploads/iitm/original/3X/f/8/f8af7c6e2fe001c8bf000605b52c903e1b0e6fe1.png\" alt=\"image\" data-base62-sha1=\"ztYoarmvww2WIkqZVCfsxgyDyhj\" width=\"690\" height=\"84\" data-dominant-color=\"292D32\"><div class=\"meta\"><svg class=\"fa d-icon d-icon-far-image svg-icon\" aria-hidden=\"true\"><use href=\"#far-image\"></use></svg><span class=\"filename\">image</span><span class=\"informations\">1296×158 7.29 KB</span><svg class=\"fa d-icon d-icon-discourse-expand svg-icon\" aria-hidden=\"true\"><use href=\"#discourse-expand\"></use></svg></div></a></div></p>\n</blockquote>\n</aside>\n<p>Here in question, it’s mentioned to replace every digit with next digit, that’s why 209 would be 310.</p>",
        "post_number": 13,
        "post_type": 1,
        "posts_count": 131,
        "updated_at": "2025-01-11T09:03:17.493Z",
        "reply_count": 0,
        "reply_to_post_number": 12,
        "quote_count": 1,
        "incoming_link_count": 2,
        "reads": 429,
        "readers_count": 428,
        "score": 140.8,
        "yours": false,
        "topic_id": 161083,
        "topic_slug": "ga1-development-tools-discussion-thread-tds-jan-2025",
        "display_username": "Jivraj Singh Shekhawat",
        "primary_group_name": "ds-students",
        "flair_name": "ds-students",
        "flair_url": null,
        "flair_bg_color": "",
        "flair_color": "",
        "flair_group_id": 294,
        "badges_granted": [],
        "version": 1,
        "can_edit": false,
        "can_delete": false,
        "can_recover": false,
        "can_see_hidden_post": false,
        "can_wiki": false,
        "read": false,
        "user_title": "Course TA",
        "title_is_group": false,
        "reply_to_user": {
          "id": 6853,
          "username": "21f2000370",
          "name": "Anant Kumar Singh",
          "avatar_template": "/user_avatar/discourse.onlinedegree.iitm.ac.in/21f2000370/{size}/87_2.png"
        },
        "bookmarked": false,
        "actions_summary": [
          {
            "id": 2,
            "count": 3,
            "can_act": true
          },
          {
            "id": 6,
            "can_act": true
          },
          {
            "id": 3,
            "can_act": true
          },
          {
            "id": 4,
            "can_act": true
          },
          {
            "id": 8,
            "can_act": true
          },
          {
            "id": 10,
            "can_act": true
          },
          {
            "id": 7,
            "can_act": true
          }
        ],
        "moderator": false,
        "admin": false,
        "staff": false,
        "group_moderator": true,
        "user_id": 15651,
        "hidden": false,
        "trust_level": 2,
        "deleted_at": null,
        "user_deleted": false,
        "edit_reason": null,
        "can_view_edit_history": true,
        "wiki": false,
        "post_url": "/t/ga1-development-tools-discussion-thread-tds-jan-2025/161083/13",
        "user_cakedate": "2023-01-25",
        "reactions": [
          {
            "id": "heart",
            "type": "emoji",
            "count": 2
          },
          {
            "id": "+1",
            "type": "emoji",
            "count": 1
          }
        ],
        "current_user_reaction": null,
        "reaction_users_count": 3,
        "current_user_used_main_reaction": false,
        "can_accept_answer": false,
        "can_unaccept_answer": false,
        "accepted_answer": false,
        "topic_accepted_answer": null
      },
      {
        "id": 577946,
        "name": "Suhani Dubey",
        "username": "23f1002698",
        "avatar_template": "/user_avatar/discourse.onlinedegree.iitm.ac.in/23f1002698/{size}/66931_2.png",
        "created_at": "2025-01-11T14:56:07.023Z",
        "cooked": "<p>In attempting the third question, I’m unable to download the npm package as it requires docker. When trying to install docker from the installer, it freezes in the verifying package stage. Can somebody please help solve my problem?</p>\n<p><a class=\"mention\" href=\"/u/carlton\">@carlton</a> <a class=\"mention\" href=\"/u/jivraj\">@Jivraj</a></p>",
        "post_number": 14,
        "post_type": 1,
        "posts_count": 131,
        "updated_at": "2025-01-11T16:12:19.913Z",
        "reply_count": 1,
        "reply_to_post_number": null,
        "quote_count": 0,
        "incoming_link_count": 6,
        "reads": 398,
        "readers_count": 397,
        "score": 114.6,
        "yours": false,
        "topic_id": 161083,
        "topic_slug": "ga1-development-tools-discussion-thread-tds-jan-2025",
        "display_username": "Suhani Dubey",
        "primary_group_name": "ds-students",
        "flair_name": "ds-students",
        "flair_url": null,
        "flair_bg_color": "",
        "flair_color": "",
        "flair_group_id": 294,
        "badges_granted": [],
        "version": 1,
        "can_edit": false,
        "can_delete": false,
        "can_recover": false,
        "can_see_hidden_post": false,
        "can_wiki": false,
        "read": false,
        "user_title": null,
        "bookmarked": false,
        "actions_summary": [
          {
            "id": 2,
            "can_act": true
          },
          {
            "id": 6,
            "can_act": true
          },
          {
            "id": 3,
            "can_act": true
          },
          {
            "id": 4,
            "can_act": true
          },
          {
            "id": 8,
            "can_act": true
          },
          {
            "id": 10,
            "can_act": true
          },
          {
            "id": 7,
            "can_act": true
          }
        ],
        "moderator": false,
        "admin": false,
        "staff": false,
        "user_id": 20052,
        "hidden": false,
        "trust_level": 1,
        "deleted_at": null,
        "user_deleted": false,
        "edit_reason": null,
        "can_view_edit_history": true,
        "wiki": false,
        "post_url": "/t/ga1-development-tools-discussion-thread-tds-jan-2025/161083/14",
        "user_cakedate": "2023-06-12",
        "reactions": [],
        "current_user_reaction": null,
        "reaction_users_count": 0,
        "current_user_used_main_reaction": false,
        "can_accept_answer": false,
        "can_unaccept_answer": false,
        "accepted_answer": false,
        "topic_accepted_answer": null
      },
      {
        "id": 577949,
        "name": "Hisham Kadambot",
        "username": "23f1002630",
        "avatar_template": "/user_avatar/discourse.onlinedegree.iitm.ac.in/23f1002630/{size}/123041_2.png",
        "created_at": "2025-01-11T15:48:35.599Z",
        "cooked": "<p><div class=\"lightbox-wrapper\"><a class=\"lightbox\" href=\"https://europe1.discourse-cdn.com/flex013/uploads/iitm/original/3X/f/6/f608128ef0d30f88223b247f1c02394c91943015.png\" data-download-href=\"/uploads/short-url/z6uKGppMQchPtBhDRCifJ6SVwoJ.png?dl=1\" title=\"image\" rel=\"noopener nofollow ugc\"><img src=\"https://europe1.discourse-cdn.com/flex013/uploads/iitm/optimized/3X/f/6/f608128ef0d30f88223b247f1c02394c91943015_2_690x85.png\" alt=\"image\" data-base62-sha1=\"z6uKGppMQchPtBhDRCifJ6SVwoJ\" width=\"690\" height=\"85\" srcset=\"https://europe1.discourse-cdn.com/flex013/uploads/iitm/optimized/3X/f/6/f608128ef0d30f88223b247f1c02394c91943015_2_690x85.png, https://europe1.discourse-cdn.com/flex013/uploads/iitm/optimized/3X/f/6/f608128ef0d30f88223b247f1c02394c91943015_2_1035x127.png 1.5x, https://europe1.discourse-cdn.com/flex013/uploads/iitm/optimized/3X/f/6/f608128ef0d30f88223b247f1c02394c91943015_2_1380x170.png 2x\" data-dominant-color=\"272A2E\"><div class=\"meta\"><svg class=\"fa d-icon d-icon-far-image svg-icon\" aria-hidden=\"true\"><use href=\"#far-image\"></use></svg><span class=\"filename\">image</span><span class=\"informations\">1627×202 12.6 KB</span><svg class=\"fa d-icon d-icon-discourse-expand svg-icon\" aria-hidden=\"true\"><use href=\"#discourse-expand\"></use></svg></div></a></div><br>\nWhich HTML content we want to take?</p>",
        "post_number": 15,
        "post_type": 1,
        "posts_count": 131,
        "updated_at": "2025-01-11T16:12:49.631Z",
        "reply_count": 1,
        "reply_to_post_number": null,
        "quote_count": 0,
        "incoming_link_count": 1,
        "reads": 381,
        "readers_count": 380,
        "score": 86.2,
        "yours": false,
        "topic_id": 161083,
        "topic_slug": "ga1-development-tools-discussion-thread-tds-jan-2025",
        "display_username": "Hisham Kadambot",
        "primary_group_name": "ds-students",
        "flair_name": "ds-students",
        "flair_url": null,
        "flair_bg_color": "",
        "flair_color": "",
        "flair_group_id": 294,
        "badges_granted": [],
        "version": 1,
        "can_edit": false,
        "can_delete": false,
        "can_recover": false,
        "can_see_hidden_post": false,
        "can_wiki": false,
        "read": false,
        "user_title": null,
        "bookmarked": false,
        "actions_summary": [
          {
            "id": 2,
            "can_act": true
          },
          {
            "id": 6,
            "can_act": true
          },
          {
            "id": 3,
            "can_act": true
          },
          {
            "id": 4,
            "can_act": true
          },
          {
            "id": 8,
            "can_act": true
          },
          {
            "id": 10,
            "can_act": true
          },
          {
            "id": 7,
            "can_act": true
          }
        ],
        "moderator": false,
        "admin": false,
        "staff": false,
        "user_id": 24685,
        "hidden": false,
        "trust_level": 1,
        "deleted_at": null,
        "user_deleted": false,
        "edit_reason": null,
        "can_view_edit_history": true,
        "wiki": false,
        "post_url": "/t/ga1-development-tools-discussion-thread-tds-jan-2025/161083/15",
        "user_cakedate": "2024-01-14",
        "reactions": [],
        "current_user_reaction": null,
        "reaction_users_count": 0,
        "current_user_used_main_reaction": false,
        "can_accept_answer": false,
        "can_unaccept_answer": false,
        "accepted_answer": false,
        "topic_accepted_answer": null
      },
      {
        "id": 577987,
        "name": "Carlton D'Silva",
        "username": "carlton",
        "avatar_template": "/user_avatar/discourse.onlinedegree.iitm.ac.in/carlton/{size}/56317_2.png",
        "created_at": "2025-01-11T17:45:23.526Z",
        "cooked": "<p>Hi Suhani,</p>\n<p>npm does not require docker.</p>\n<p>Kind regards</p>",
        "post_number": 17,
        "post_type": 1,
        "posts_count": 131,
        "updated_at": "2025-01-11T17:48:30.072Z",
        "reply_count": 0,
        "reply_to_post_number": 14,
        "quote_count": 0,
        "incoming_link_count": 2,
        "reads": 365,
        "readers_count": 364,
        "score": 83.0,
        "yours": false,
        "topic_id": 161083,
        "topic_slug": "ga1-development-tools-discussion-thread-tds-jan-2025",
        "display_username": "Carlton D'Silva",
        "primary_group_name": "ds-students",
        "flair_name": "ds-students",
        "flair_url": null,
        "flair_bg_color": "",
        "flair_color": "",
        "flair_group_id": 294,
        "badges_granted": [],
        "version": 1,
        "can_edit": false,
        "can_delete": false,
        "can_recover": false,
        "can_see_hidden_post": false,
        "can_wiki": false,
        "read": false,
        "user_title": "Regular",
        "title_is_group": false,
        "reply_to_user": {
          "id": 20052,
          "username": "23f1002698",
          "name": "Suhani Dubey",
          "avatar_template": "/user_avatar/discourse.onlinedegree.iitm.ac.in/23f1002698/{size}/66931_2.png"
        },
        "bookmarked": false,
        "actions_summary": [
          {
            "id": 2,
            "can_act": true
          },
          {
            "id": 6,
            "can_act": true
          },
          {
            "id": 3,
            "can_act": true
          },
          {
            "id": 4,
            "can_act": true
          },
          {
            "id": 8,
            "can_act": true
          },
          {
            "id": 10,
            "can_act": true
          },
          {
            "id": 7,
            "can_act": true
          }
        ],
        "moderator": false,
        "admin": false,
        "staff": false,
        "group_moderator": true,
        "user_id": 16094,
        "hidden": false,
        "trust_level": 3,
        "deleted_at": null,
        "user_deleted": false,
        "edit_reason": null,
        "can_view_edit_history": true,
        "wiki": false,
        "post_url": "/t/ga1-development-tools-discussion-thread-tds-jan-2025/161083/17",
        "user_cakedate": "2023-01-25",
        "reactions": [],
        "current_user_reaction": null,
        "reaction_users_count": 0,
        "current_user_used_main_reaction": false,
        "can_accept_answer": false,
        "can_unaccept_answer": false,
        "accepted_answer": false,
        "topic_accepted_answer": null
      },
      {
        "id": 577990,
        "name": "Carlton D'Silva",
        "username": "carlton",
        "avatar_template": "/user_avatar/discourse.onlinedegree.iitm.ac.in/carlton/{size}/56317_2.png",
        "created_at": "2025-01-11T17:48:02.553Z",
        "cooked": "<p>Hi Hisham,</p>\n<p>Its described in the question. There is a hidden element hiding somewhere after that question. You would have to inspect the DOM to find it.</p>",
        "post_number": 18,
        "post_type": 1,
        "posts_count": 131,
        "updated_at": "2025-01-11T17:48:02.553Z",
        "reply_count": 0,
        "reply_to_post_number": 15,
        "quote_count": 0,
        "incoming_link_count": 0,
        "reads": 357,
        "readers_count": 356,
        "score": 86.4,
        "yours": false,
        "topic_id": 161083,
        "topic_slug": "ga1-development-tools-discussion-thread-tds-jan-2025",
        "display_username": "Carlton D'Silva",
        "primary_group_name": "ds-students",
        "flair_name": "ds-students",
        "flair_url": null,
        "flair_bg_color": "",
        "flair_color": "",
        "flair_group_id": 294,
        "badges_granted": [],
        "version": 1,
        "can_edit": false,
        "can_delete": false,
        "can_recover": false,
        "can_see_hidden_post": false,
        "can_wiki": false,
        "read": false,
        "user_title": "Regular",
        "title_is_group": false,
        "reply_to_user": {
          "id": 24685,
          "username": "23f1002630",
          "name": "Hisham Kadambot",
          "avatar_template": "/user_avatar/discourse.onlinedegree.iitm.ac.in/23f1002630/{size}/123041_2.png"
        },
        "bookmarked": false,
        "actions_summary": [
          {
            "id": 2,
            "count": 1,
            "can_act": true
          },
          {
            "id": 6,
            "can_act": true
          },
          {
            "id": 3,
            "can_act": true
          },
          {
            "id": 4,
            "can_act": true
          },
          {
            "id": 8,
            "can_act": true
          },
          {
            "id": 10,
            "can_act": true
          },
          {
            "id": 7,
            "can_act": true
          }
        ],
        "moderator": false,
        "admin": false,
        "staff": false,
        "group_moderator": true,
        "user_id": 16094,
        "hidden": false,
        "trust_level": 3,
        "deleted_at": null,
        "user_deleted": false,
        "edit_reason": null,
        "can_view_edit_history": true,
        "wiki": false,
        "post_url": "/t/ga1-development-tools-discussion-thread-tds-jan-2025/161083/18",
        "user_cakedate": "2023-01-25",
        "reactions": [
          {
            "id": "heart",
            "type": "emoji",
            "count": 1
          }
        ],
        "current_user_reaction": null,
        "reaction_users_count": 1,
        "current_user_used_main_reaction": false,
        "can_accept_answer": false,
        "can_unaccept_answer": false,
        "accepted_answer": false,
        "topic_accepted_answer": null
      },
      {
        "id": 577991,
        "name": "Mishkat Chougule",
        "username": "23F300327",
        "avatar_template": "/user_avatar/discourse.onlinedegree.iitm.ac.in/23f300327/{size}/141619_2.png",
        "created_at": "2025-01-11T17:02:23.063Z",
        "cooked": "<p><div class=\"lightbox-wrapper\"><a class=\"lightbox\" href=\"https://europe1.discourse-cdn.com/flex013/uploads/iitm/original/3X/7/7/7762e0cad9334545b58855946414228e23ffccae.png\" data-download-href=\"/uploads/short-url/h28FbFlKOWkho6ZRmWFLdEAwO3I.png?dl=1\" title=\"Screenshot 2025-01-11 at 10.29.41 PM\" rel=\"noopener nofollow ugc\"><img src=\"https://europe1.discourse-cdn.com/flex013/uploads/iitm/optimized/3X/7/7/7762e0cad9334545b58855946414228e23ffccae_2_690x431.png\" alt=\"Screenshot 2025-01-11 at 10.29.41 PM\" data-base62-sha1=\"h28FbFlKOWkho6ZRmWFLdEAwO3I\" width=\"690\" height=\"431\" srcset=\"https://europe1.discourse-cdn.com/flex013/uploads/iitm/optimized/3X/7/7/7762e0cad9334545b58855946414228e23ffccae_2_690x431.png, https://europe1.discourse-cdn.com/flex013/uploads/iitm/optimized/3X/7/7/7762e0cad9334545b58855946414228e23ffccae_2_1035x646.png 1.5x, https://europe1.discourse-cdn.com/flex013/uploads/iitm/optimized/3X/7/7/7762e0cad9334545b58855946414228e23ffccae_2_1380x862.png 2x\" data-dominant-color=\"1F2122\"><div class=\"meta\"><svg class=\"fa d-icon d-icon-far-image svg-icon\" aria-hidden=\"true\"><use href=\"#far-image\"></use></svg><span class=\"filename\">Screenshot 2025-01-11 at 10.29.41 PM</span><span class=\"informations\">1440×900 160 KB</span><svg class=\"fa d-icon d-icon-discourse-expand svg-icon\" aria-hidden=\"true\"><use href=\"#discourse-expand\"></use></svg></div></a></div><br>\n<a class=\"mention\" href=\"/u/s.anand\">@s.anand</a>  please guide me through this question, my answer is showing incorrect</p>",
        "post_number": 19,
        "post_type": 1,
        "posts_count": 131,
        "updated_at": "2025-01-11T17:49:32.703Z",
        "reply_count": 2,
        "reply_to_post_number": null,
        "quote_count": 0,
        "incoming_link_count": 1,
        "reads": 352,
        "readers_count": 351,
        "score": 85.4,
        "yours": false,
        "topic_id": 161083,
        "topic_slug": "ga1-development-tools-discussion-thread-tds-jan-2025",
        "display_username": "Mishkat Chougule",
        "primary_group_name": "ds-students",
        "flair_name": "ds-students",
        "flair_url": null,
        "flair_bg_color": "",
        "flair_color": "",
        "flair_group_id": 294,
        "badges_granted": [],
        "version": 1,
        "can_edit": false,
        "can_delete": false,
        "can_recover": false,
        "can_see_hidden_post": false,
        "can_wiki": false,
        "read": false,
        "user_title": null,
        "bookmarked": false,
        "actions_summary": [
          {
            "id": 2,
            "can_act": true
          },
          {
            "id": 6,
            "can_act": true
          },
          {
            "id": 3,
            "can_act": true
          },
          {
            "id": 4,
            "can_act": true
          },
          {
            "id": 8,
            "can_act": true
          },
          {
            "id": 10,
            "can_act": true
          },
          {
            "id": 7,
            "can_act": true
          }
        ],
        "moderator": false,
        "admin": false,
        "staff": false,
        "user_id": 27771,
        "hidden": false,
        "trust_level": 1,
        "deleted_at": null,
        "user_deleted": false,
        "edit_reason": null,
        "can_view_edit_history": true,
        "wiki": false,
        "post_url": "/t/ga1-development-tools-discussion-thread-tds-jan-2025/161083/19",
        "user_cakedate": "2024-02-20",
        "user_birthdate": "1904-12-02",
        "reactions": [],
        "current_user_reaction": null,
        "reaction_users_count": 0,
        "current_user_used_main_reaction": false,
        "can_accept_answer": false,
        "can_unaccept_answer": false,
        "accepted_answer": false,
        "topic_accepted_answer": null
      },
      {
        "id": 578158,
        "name": "Manmeet Kaur",
        "username": "21f3001993",
        "avatar_template": "/user_avatar/discourse.onlinedegree.iitm.ac.in/21f3001993/{size}/59073_2.png",
        "created_at": "2025-01-12T07:45:04.116Z",
        "cooked": "<p>Hello Sir. I am unable to install uv in my windows system. Whenever I run the code provided at the reference link in Powershell, my anti-virus system sends a message that it was blocked. Even after blocking Real-time security, uv does not display. What am I doing wrong?</p>",
        "post_number": 20,
        "post_type": 1,
        "posts_count": 131,
        "updated_at": "2025-01-12T09:33:48.225Z",
        "reply_count": 1,
        "reply_to_post_number": null,
        "quote_count": 0,
        "incoming_link_count": 3,
        "reads": 341,
        "readers_count": 340,
        "score": 88.2,
        "yours": false,
        "topic_id": 161083,
        "topic_slug": "ga1-development-tools-discussion-thread-tds-jan-2025",
        "display_username": "Manmeet Kaur",
        "primary_group_name": "ds-students",
        "flair_name": "ds-students",
        "flair_url": null,
        "flair_bg_color": "",
        "flair_color": "",
        "flair_group_id": 294,
        "badges_granted": [],
        "version": 3,
        "can_edit": false,
        "can_delete": false,
        "can_recover": false,
        "can_see_hidden_post": false,
        "can_wiki": false,
        "read": false,
        "user_title": null,
        "bookmarked": false,
        "actions_summary": [
          {
            "id": 2,
            "can_act": true
          },
          {
            "id": 6,
            "can_act": true
          },
          {
            "id": 3,
            "can_act": true
          },
          {
            "id": 4,
            "can_act": true
          },
          {
            "id": 8,
            "can_act": true
          },
          {
            "id": 10,
            "can_act": true
          },
          {
            "id": 7,
            "can_act": true
          }
        ],
        "moderator": false,
        "admin": false,
        "staff": false,
        "user_id": 8102,
        "hidden": false,
        "trust_level": 1,
        "deleted_at": null,
        "user_deleted": false,
        "edit_reason": null,
        "can_view_edit_history": true,
        "wiki": false,
        "post_url": "/t/ga1-development-tools-discussion-thread-tds-jan-2025/161083/20",
        "user_cakedate": "2021-12-29",
        "reactions": [],
        "current_user_reaction": null,
        "reaction_users_count": 0,
        "current_user_used_main_reaction": false,
        "can_accept_answer": false,
        "can_unaccept_answer": false,
        "accepted_answer": false,
        "topic_accepted_answer": null
      },
      {
        "id": 578520,
        "name": "Samra Ahmed ",
        "username": "Samra",
        "avatar_template": "/user_avatar/discourse.onlinedegree.iitm.ac.in/samra/{size}/309_2.png",
        "created_at": "2025-01-12T11:13:59.536Z",
        "cooked": "<p>Hi, I’m unable to view assignments. below is the screenshot for your reference.<br>\n<div class=\"lightbox-wrapper\"><a class=\"lightbox\" href=\"https://europe1.discourse-cdn.com/flex013/uploads/iitm/original/3X/9/5/95373e67b4815fb1ee37cdb8b9157ed558cffccc.png\" data-download-href=\"/uploads/short-url/li1v8WQxsiNk76zS6L6njtLfsu0.png?dl=1\" title=\"Screenshot 2025-01-12 150511\" rel=\"noopener nofollow ugc\"><img src=\"https://europe1.discourse-cdn.com/flex013/uploads/iitm/original/3X/9/5/95373e67b4815fb1ee37cdb8b9157ed558cffccc.png\" alt=\"Screenshot 2025-01-12 150511\" data-base62-sha1=\"li1v8WQxsiNk76zS6L6njtLfsu0\" width=\"690\" height=\"452\" data-dominant-color=\"232428\"><div class=\"meta\"><svg class=\"fa d-icon d-icon-far-image svg-icon\" aria-hidden=\"true\"><use href=\"#far-image\"></use></svg><span class=\"filename\">Screenshot 2025-01-12 150511</span><span class=\"informations\">963×632 14.5 KB</span><svg class=\"fa d-icon d-icon-discourse-expand svg-icon\" aria-hidden=\"true\"><use href=\"#discourse-expand\"></use></svg></div></a></div></p>\n<p>Please suggest me a way to view it. I have allowed third-party cookies as well.</p>\n<p>Thanks</p>",
        "post_number": 21,
        "post_type": 1,
        "posts_count": 131,
        "updated_at": "2025-01-12T11:13:59.536Z",
        "reply_count": 2,
        "reply_to_post_number": null,
        "quote_count": 0,
        "incoming_link_count": 3,
        "reads": 332,
        "readers_count": 331,
        "score": 91.4,
        "yours": false,
        "topic_id": 161083,
        "topic_slug": "ga1-development-tools-discussion-thread-tds-jan-2025",
        "display_username": "Samra Ahmed ",
        "primary_group_name": "ds-students",
        "flair_name": "ds-students",
        "flair_url": null,
        "flair_bg_color": "",
        "flair_color": "",
        "flair_group_id": 294,
        "badges_granted": [],
        "version": 1,
        "can_edit": false,
        "can_delete": false,
        "can_recover": false,
        "can_see_hidden_post": false,
        "can_wiki": false,
        "read": false,
        "user_title": null,
        "bookmarked": false,
        "actions_summary": [
          {
            "id": 2,
            "can_act": true
          },
          {
            "id": 6,
            "can_act": true
          },
          {
            "id": 3,
            "can_act": true
          },
          {
            "id": 4,
            "can_act": true
          },
          {
            "id": 8,
            "can_act": true
          },
          {
            "id": 10,
            "can_act": true
          },
          {
            "id": 7,
            "can_act": true
          }
        ],
        "moderator": false,
        "admin": false,
        "staff": false,
        "user_id": 3005,
        "hidden": false,
        "trust_level": 1,
        "deleted_at": null,
        "user_deleted": false,
        "edit_reason": null,
        "can_view_edit_history": true,
        "wiki": false,
        "post_url": "/t/ga1-development-tools-discussion-thread-tds-jan-2025/161083/21",
        "user_cakedate": "2021-05-01",
        "reactions": [],
        "current_user_reaction": null,
        "reaction_users_count": 0,
        "current_user_used_main_reaction": false,
        "can_accept_answer": false,
        "can_unaccept_answer": false,
        "accepted_answer": false,
        "topic_accepted_answer": null
      },
      {
        "id": 578991,
        "name": "Jivraj Singh Shekhawat",
        "username": "Jivraj",
        "avatar_template": "/user_avatar/discourse.onlinedegree.iitm.ac.in/jivraj/{size}/135985_2.png",
        "created_at": "2025-01-12T21:29:25.964Z",
        "cooked": "<p>Hi manmeet,</p>\n<p>I don’t know about solution to this.<br>\nSome network setting might be causing problem.</p>\n<p>Alternatively you can make use of GitHub codespaces which provides 120 hours of free run time in a month. With GitHub codespaces you can use Ubuntu os, and visually it gives you feel of vs code. You can also active your GitHub student developer pack and get 180 hours of GitHub codespaces and some more benefits such as cloud resources and domains.</p>\n<p>I have done all questions of week1 and week2 on codespaces only, codespaces works very well if you have good internet connection.</p>",
        "post_number": 23,
        "post_type": 1,
        "posts_count": 131,
        "updated_at": "2025-01-12T21:31:28.400Z",
        "reply_count": 1,
        "reply_to_post_number": 20,
        "quote_count": 0,
        "incoming_link_count": 2,
        "reads": 333,
        "readers_count": 332,
        "score": 81.6,
        "yours": false,
        "topic_id": 161083,
        "topic_slug": "ga1-development-tools-discussion-thread-tds-jan-2025",
        "display_username": "Jivraj Singh Shekhawat",
        "primary_group_name": "ds-students",
        "flair_name": "ds-students",
        "flair_url": null,
        "flair_bg_color": "",
        "flair_color": "",
        "flair_group_id": 294,
        "badges_granted": [],
        "version": 1,
        "can_edit": false,
        "can_delete": false,
        "can_recover": false,
        "can_see_hidden_post": false,
        "can_wiki": false,
        "read": false,
        "user_title": "Course TA",
        "title_is_group": false,
        "reply_to_user": {
          "id": 8102,
          "username": "21f3001993",
          "name": "Manmeet Kaur",
          "avatar_template": "/user_avatar/discourse.onlinedegree.iitm.ac.in/21f3001993/{size}/59073_2.png"
        },
        "bookmarked": false,
        "actions_summary": [
          {
            "id": 2,
            "can_act": true
          },
          {
            "id": 6,
            "can_act": true
          },
          {
            "id": 3,
            "can_act": true
          },
          {
            "id": 4,
            "can_act": true
          },
          {
            "id": 8,
            "can_act": true
          },
          {
            "id": 10,
            "can_act": true
          },
          {
            "id": 7,
            "can_act": true
          }
        ],
        "moderator": false,
        "admin": false,
        "staff": false,
        "group_moderator": true,
        "user_id": 15651,
        "hidden": false,
        "trust_level": 2,
        "deleted_at": null,
        "user_deleted": false,
        "edit_reason": null,
        "can_view_edit_history": true,
        "wiki": false,
        "post_url": "/t/ga1-development-tools-discussion-thread-tds-jan-2025/161083/23",
        "user_cakedate": "2023-01-25",
        "reactions": [],
        "current_user_reaction": null,
        "reaction_users_count": 0,
        "current_user_used_main_reaction": false,
        "can_accept_answer": false,
        "can_unaccept_answer": false,
        "accepted_answer": false,
        "topic_accepted_answer": null
      },
      {
        "id": 578993,
        "name": "Jivraj Singh Shekhawat",
        "username": "Jivraj",
        "avatar_template": "/user_avatar/discourse.onlinedegree.iitm.ac.in/jivraj/{size}/135985_2.png",
        "created_at": "2025-01-12T21:32:38.881Z",
        "cooked": "<p>Hi samra,</p>\n<p>Try installing some other browser see if that works.</p>",
        "post_number": 24,
        "post_type": 1,
        "posts_count": 131,
        "updated_at": "2025-01-12T21:32:38.881Z",
        "reply_count": 0,
        "reply_to_post_number": 21,
        "quote_count": 0,
        "incoming_link_count": 2,
        "reads": 316,
        "readers_count": 315,
        "score": 73.2,
        "yours": false,
        "topic_id": 161083,
        "topic_slug": "ga1-development-tools-discussion-thread-tds-jan-2025",
        "display_username": "Jivraj Singh Shekhawat",
        "primary_group_name": "ds-students",
        "flair_name": "ds-students",
        "flair_url": null,
        "flair_bg_color": "",
        "flair_color": "",
        "flair_group_id": 294,
        "badges_granted": [],
        "version": 1,
        "can_edit": false,
        "can_delete": false,
        "can_recover": false,
        "can_see_hidden_post": false,
        "can_wiki": false,
        "read": false,
        "user_title": "Course TA",
        "title_is_group": false,
        "reply_to_user": {
          "id": 3005,
          "username": "Samra",
          "name": "Samra Ahmed ",
          "avatar_template": "/user_avatar/discourse.onlinedegree.iitm.ac.in/samra/{size}/309_2.png"
        },
        "bookmarked": false,
        "actions_summary": [
          {
            "id": 2,
            "can_act": true
          },
          {
            "id": 6,
            "can_act": true
          },
          {
            "id": 3,
            "can_act": true
          },
          {
            "id": 4,
            "can_act": true
          },
          {
            "id": 8,
            "can_act": true
          },
          {
            "id": 10,
            "can_act": true
          },
          {
            "id": 7,
            "can_act": true
          }
        ],
        "moderator": false,
        "admin": false,
        "staff": false,
        "group_moderator": true,
        "user_id": 15651,
        "hidden": false,
        "trust_level": 2,
        "deleted_at": null,
        "user_deleted": false,
        "edit_reason": null,
        "can_view_edit_history": true,
        "wiki": false,
        "post_url": "/t/ga1-development-tools-discussion-thread-tds-jan-2025/161083/24",
        "user_cakedate": "2023-01-25",
        "reactions": [],
        "current_user_reaction": null,
        "reaction_users_count": 0,
        "current_user_used_main_reaction": false,
        "can_accept_answer": false,
        "can_unaccept_answer": false,
        "accepted_answer": false,
        "topic_accepted_answer": null
      },
      {
        "id": 578994,
        "name": "Jivraj Singh Shekhawat",
        "username": "Jivraj",
        "avatar_template": "/user_avatar/discourse.onlinedegree.iitm.ac.in/jivraj/{size}/135985_2.png",
        "created_at": "2025-01-12T21:34:19.477Z",
        "cooked": "<p>Hi mishkat,</p>\n<p>Without sharing code, can you pls share your approach how you are trying to solve this question.</p>",
        "post_number": 25,
        "post_type": 1,
        "posts_count": 131,
        "updated_at": "2025-01-12T21:34:19.477Z",
        "reply_count": 0,
        "reply_to_post_number": 19,
        "quote_count": 0,
        "incoming_link_count": 0,
        "reads": 317,
        "readers_count": 316,
        "score": 63.4,
        "yours": false,
        "topic_id": 161083,
        "topic_slug": "ga1-development-tools-discussion-thread-tds-jan-2025",
        "display_username": "Jivraj Singh Shekhawat",
        "primary_group_name": "ds-students",
        "flair_name": "ds-students",
        "flair_url": null,
        "flair_bg_color": "",
        "flair_color": "",
        "flair_group_id": 294,
        "badges_granted": [],
        "version": 1,
        "can_edit": false,
        "can_delete": false,
        "can_recover": false,
        "can_see_hidden_post": false,
        "can_wiki": false,
        "read": false,
        "user_title": "Course TA",
        "title_is_group": false,
        "reply_to_user": {
          "id": 27771,
          "username": "23F300327",
          "name": "Mishkat Chougule",
          "avatar_template": "/user_avatar/discourse.onlinedegree.iitm.ac.in/23f300327/{size}/141619_2.png"
        },
        "bookmarked": false,
        "actions_summary": [
          {
            "id": 2,
            "can_act": true
          },
          {
            "id": 6,
            "can_act": true
          },
          {
            "id": 3,
            "can_act": true
          },
          {
            "id": 4,
            "can_act": true
          },
          {
            "id": 8,
            "can_act": true
          },
          {
            "id": 10,
            "can_act": true
          },
          {
            "id": 7,
            "can_act": true
          }
        ],
        "moderator": false,
        "admin": false,
        "staff": false,
        "group_moderator": true,
        "user_id": 15651,
        "hidden": false,
        "trust_level": 2,
        "deleted_at": null,
        "user_deleted": false,
        "edit_reason": null,
        "can_view_edit_history": true,
        "wiki": false,
        "post_url": "/t/ga1-development-tools-discussion-thread-tds-jan-2025/161083/25",
        "user_cakedate": "2023-01-25",
        "reactions": [],
        "current_user_reaction": null,
        "reaction_users_count": 0,
        "current_user_used_main_reaction": false,
        "can_accept_answer": false,
        "can_unaccept_answer": false,
        "accepted_answer": false,
        "topic_accepted_answer": null
      }
    ],
    "stream": [
      575342,
      575344,
      575782,
      575795,
      575815,
      576111,
      576239,
      576242,
      577689,
      577736,
      577946,
      577949,
      577987,
      577990,
      577991,
      578158,
      578520,
      578991,
      578993,
      578994,
      579005,
      579120,
      579142,
      579152,
      579182,
      579195,
      579264,
      579294,
      579347,
      579358,
      579359,
      579363,
      579370,
      579372,
      579373,
      579413,
      579457,
      579585,
      579626,
      579703,
      579750,
      579774,
      579779,
      579782,
      579784,
      579785,
      579869,
      579893,
      580021,
      580630,
      580631,
      580955,
      581403,
      581546,
      581584,
      581612,
      581723,
      581819,
      581952,
      581956,
      581980,
      582040,
      582261,
      582210,
      582264,
      582366,
      582375,
      582382,
      582391,
      582427,
      582480,
      582510,
      582511,
      582562,
      582689,
      582989,
      582996,
      583634,
      583746,
      583765,
      583848,
      583940,
      583941,
      584306,
      584470,
      584693,
      584707,
      584709,
      584719,
      584730,
      584732,
      584798,
      584906,
      585183,
      585200,
      585208,
      585216,
      585248,
      585249,
      585252,
      585506,
      585530,
      585575,
      585991,
      586432,
      586473,
      586528,
      584795,
      585081,
      585113,
      585132,
      585414,
      586795,
      586819,
      587077,
      587385,
      587512,
      588093,
      588096,
      588128,
      596939,
      596943,
      597013,
      597151,
      597152,
      597162,
      597163,
      625648,
      625644,
      625645,
      625649
    ]
  },
  "timeline_lookup": [
    [
      1,
      319
    ],
    [
      3,
      316
    ],
    [
      6,
      313
    ],
    [
      7,
      312
    ],
    [
      9,
      310
    ],
    [
      13,
      309
    ],
    [
      18,
      308
    ],
    [
      30,
      307
    ],
    [
      41,
      306
    ],
    [
      50,
      305
    ],
    [
      52,
      304
    ],
    [
      53,
      303
    ],
    [
      57,
      302
    ],
    [
      63,
      301
    ],
    [
      71,
      300
    ],
    [
      76,
      299
    ],
    [
      78,
      298
    ],
    [
      84,
      297
    ],
    [
      86,
      296
    ],
    [
      91,
      297
    ],
    [
      92,
      296
    ],
    [
      94,
      295
    ],
    [
      105,
      294
    ],
    [
      107,
      296
    ],
    [
      110,
      295
    ],
    [
      113,
      294
    ],
    [
      115,
      293
    ],
    [
      116,
      292
    ],
    [
      118,
      290
    ],
    [
      121,
      271
    ],
    [
      124,
      270
    ],
    [
      128,
      188
    ]
  ],
  "tags": [
    "term1-2025",
    "announcement",
    "graded-assignment",
    "week-1"
  ],
  "tags_descriptions": {},
  "fancy_title": "GA1 - Development Tools - Discussion Thread [TDS Jan 2025]",
  "id": 161083,
  "title": "GA1 - Development Tools - Discussion Thread [TDS Jan 2025]",
  "posts_count": 131,
  "created_at": "2025-01-02T02:30:03.518Z",
  "views": 1697,
  "reply_count": 80,
  "like_count": 40,
  "last_posted_at": "2025-05-13T04:00:05.963Z",
  "visible": true,
  "closed": true,
  "archived": false,
  "has_summary": true,
  "archetype": "regular",
  "slug": "ga1-development-tools-discussion-thread-tds-jan-2025",
  "category_id": 34,
  "word_count": 5875,
  "deleted_at": null,
  "user_id": 9419,
  "featured_link": null,
  "pinned_globally": false,
  "pinned_at": null,
  "pinned_until": null,
  "image_url": null,
  "slow_mode_seconds": 0,
  "draft": null,
  "draft_key": "topic_161083",
  "draft_sequence": 0,
  "posted": false,
  "unpinned": null,
  "pinned": false,
  "current_post_number": 1,
  "highest_post_number": 144,
  "last_read_post_number": null,
  "last_read_post_id": null,
  "deleted_by": null,
  "actions_summary": [
    {
      "id": 4,
      "count": 0,
      "hidden": false,
      "can_act": true
    },
    {
      "id": 8,
      "count": 0,
      "hidden": false,
      "can_act": true
    },
    {
      "id": 10,
      "count": 0,
      "hidden": false,
      "can_act": true
    },
    {
      "id": 7,
      "count": 0,
      "hidden": false,
      "can_act": true
    }
  ],
  "chunk_size": 20,
  "bookmarked": false,
  "topic_timer": null,
  "message_bus_last_id": 0,
  "participant_count": 52,
  "show_read_indicator": false,
  "thumbnails": null,
  "slow_mode_enabled_until": null,
  "tags_disable_ads": false,
  "related_topics": null,
  "summarizable": true,
  "valid_reactions": [
    "heart",
    "+1",
    "laughing",
    "open_mouth",
    "clap",
    "confetti_ball",
    "rocket",
    "-1"
  ],
  "can_vote": false,
  "vote_count": 0,
  "user_voted": false,
  "discourse_zendesk_plugin_zendesk_id": null,
  "discourse_zendesk_plugin_zendesk_url": "https://your-url.zendesk.com/agent/tickets/",
  "details": {
    "can_edit": false,
    "notification_level": 1,
    "notifications_reason_id": null,
    "can_reply_as_new_topic": true,
    "can_flag_topic": true,
    "participants": [
      {
        "id": 15651,
        "username": "Jivraj",
        "name": "Jivraj Singh Shekhawat",
        "avatar_template": "/user_avatar/discourse.onlinedegree.iitm.ac.in/jivraj/{size}/135985_2.png",
        "post_count": 15,
        "primary_group_name": "ds-students",
        "flair_name": "ds-students",
        "flair_url": null,
        "flair_color": "",
        "flair_bg_color": "",
        "flair_group_id": 294,
        "trust_level": 2
      },
      {
        "id": 16094,
        "username": "carlton",
        "name": "Carlton D'Silva",
        "avatar_template": "/user_avatar/discourse.onlinedegree.iitm.ac.in/carlton/{size}/56317_2.png",
        "post_count": 11,
        "primary_group_name": "ds-students",
        "flair_name": "ds-students",
        "flair_url": null,
        "flair_color": "",
        "flair_bg_color": "",
        "flair_group_id": 294,
        "trust_level": 3
      },
      {
        "id": 9419,
        "username": "s.anand",
        "name": "Anand S",
        "avatar_template": "/user_avatar/discourse.onlinedegree.iitm.ac.in/s.anand/{size}/15264_2.png",
        "post_count": 6,
        "primary_group_name": "faculty",
        "flair_name": "faculty",
        "flair_url": "chalkboard-user",
        "flair_color": "000",
        "flair_bg_color": "f2c26e",
        "flair_group_id": 54,
        "trust_level": 4
      },
      {
        "id": 17483,
        "username": "roy2003",
        "name": "Shouvik Roy ",
        "avatar_template": "/user_avatar/discourse.onlinedegree.iitm.ac.in/roy2003/{size}/66760_2.png",
        "post_count": 5,
        "primary_group_name": "ds-students",
        "flair_name": "ds-students",
        "flair_url": null,
        "flair_color": "",
        "flair_bg_color": "",
        "flair_group_id": 294,
        "trust_level": 1
      },
      {
        "id": 12220,
        "username": "Nelson",
        "name": "Nelson Jochim DSouza",
        "avatar_template": "/user_avatar/discourse.onlinedegree.iitm.ac.in/nelson/{size}/143133_2.png",
        "post_count": 4,
        "primary_group_name": "ds-students",
        "flair_name": "ds-students",
        "flair_url": null,
        "flair_color": "",
        "flair_bg_color": "",
        "flair_group_id": 294,
        "trust_level": 1
      },
      {
        "id": 7742,
        "username": "21f3000745",
        "name": "Tanya kamboj",
        "avatar_template": "/user_avatar/discourse.onlinedegree.iitm.ac.in/21f3000745/{size}/638_2.png",
        "post_count": 4,
        "primary_group_name": "ds-students",
        "flair_name": "ds-students",
        "flair_url": null,
        "flair_color": "",
        "flair_bg_color": "",
        "flair_group_id": 294,
        "trust_level": 1
      },
      {
        "id": 3005,
        "username": "Samra",
        "name": "Samra Ahmed ",
        "avatar_template": "/user_avatar/discourse.onlinedegree.iitm.ac.in/samra/{size}/309_2.png",
        "post_count": 3,
        "primary_group_name": "ds-students",
        "flair_name": "ds-students",
        "flair_url": null,
        "flair_color": "",
        "flair_bg_color": "",
        "flair_group_id": 294,
        "trust_level": 1
      },
      {
        "id": 1,
        "username": "jkmadathil",
        "name": "Jayakrishnan",
        "avatar_template": "/user_avatar/discourse.onlinedegree.iitm.ac.in/jkmadathil/{size}/100121_2.png",
        "post_count": 3,
        "primary_group_name": "pod-ops",
        "flair_name": "course_support",
        "flair_url": "scale-balanced",
        "flair_color": "1affc6",
        "flair_bg_color": "0040ff",
        "flair_group_id": 41,
        "admin": true,
        "trust_level": 4
      },
      {
        "id": 20583,
        "username": "23f2000098",
        "name": "Yogaswetha",
        "avatar_template": "/user_avatar/discourse.onlinedegree.iitm.ac.in/23f2000098/{size}/70581_2.png",
        "post_count": 3,
        "primary_group_name": "ds-students",
        "flair_name": "ds-students",
        "flair_url": null,
        "flair_color": "",
        "flair_bg_color": "",
        "flair_group_id": 294,
        "trust_level": 1
      },
      {
        "id": 20983,
        "username": "23f2001188",
        "name": "Arshad ALI",
        "avatar_template": "https://avatars.discourse-cdn.com/v4/letter/2/94ad74/{size}.png",
        "post_count": 3,
        "primary_group_name": "ds-students",
        "flair_name": "ds-students",
        "flair_url": null,
        "flair_color": "",
        "flair_bg_color": "",
        "flair_group_id": 294,
        "trust_level": 0
      },
      {
        "id": 29311,
        "username": "daksh76",
        "name": "Daksh Agarwal",
        "avatar_template": "/user_avatar/discourse.onlinedegree.iitm.ac.in/daksh76/{size}/67052_2.png",
        "post_count": 3,
        "primary_group_name": "ds-students",
        "flair_name": "ds-students",
        "flair_url": null,
        "flair_color": "",
        "flair_bg_color": "",
        "flair_group_id": 294,
        "trust_level": 1
      },
      {
        "id": 24361,
        "username": "22f3001740",
        "name": "Sai ",
        "avatar_template": "/user_avatar/discourse.onlinedegree.iitm.ac.in/22f3001740/{size}/83411_2.png",
        "post_count": 3,
        "primary_group_name": "ds-students",
        "flair_name": "ds-students",
        "flair_url": null,
        "flair_color": "",
        "flair_bg_color": "",
        "flair_group_id": 294,
        "trust_level": 1
      },
      {
        "id": 7261,
        "username": "sarvan108",
        "name": "Saravanan",
        "avatar_template": "/user_avatar/discourse.onlinedegree.iitm.ac.in/sarvan108/{size}/66931_2.png",
        "post_count": 3,
        "primary_group_name": "ds-students",
        "flair_name": "ds-students",
        "flair_url": null,
        "flair_color": "",
        "flair_bg_color": "",
        "flair_group_id": 294,
        "trust_level": 1
      },
      {
        "id": 23997,
        "username": "23f3002537",
        "name": "Arnav Raj ",
        "avatar_template": "/user_avatar/discourse.onlinedegree.iitm.ac.in/23f3002537/{size}/88584_2.png",
        "post_count": 3,
        "primary_group_name": "ds-students",
        "flair_name": "ds-students",
        "flair_url": null,
        "flair_color": "",
        "flair_bg_color": "",
        "flair_group_id": 294,
        "trust_level": 1
      },
      {
        "id": 33695,
        "username": "Divya1",
        "name": "Divyasree",
        "avatar_template": "/user_avatar/discourse.onlinedegree.iitm.ac.in/divya1/{size}/67525_2.png",
        "post_count": 3,
        "primary_group_name": "ds-students",
        "flair_name": "ds-students",
        "flair_url": null,
        "flair_color": "",
        "flair_bg_color": "",
        "flair_group_id": 294,
        "trust_level": 1
      },
      {
        "id": 6853,
        "username": "21f2000370",
        "name": "Anant Kumar Singh",
        "avatar_template": "/user_avatar/discourse.onlinedegree.iitm.ac.in/21f2000370/{size}/87_2.png",
        "post_count": 3,
        "primary_group_name": "ds-students",
        "flair_name": "ds-students",
        "flair_url": null,
        "flair_color": "",
        "flair_bg_color": "",
        "flair_group_id": 294,
        "trust_level": 1
      },
      {
        "id": 11990,
        "username": "siva.bhaskaran",
        "name": "Siva Bhaskaran",
        "avatar_template": "/user_avatar/discourse.onlinedegree.iitm.ac.in/siva.bhaskaran/{size}/12463_2.png",
        "post_count": 3,
        "primary_group_name": "ds-students",
        "flair_name": "ds-students",
        "flair_url": null,
        "flair_color": "",
        "flair_bg_color": "",
        "flair_group_id": 294,
        "trust_level": 1
      },
      {
        "id": 18846,
        "username": "23f1001754",
        "name": "saravanan chinna",
        "avatar_template": "/user_avatar/discourse.onlinedegree.iitm.ac.in/23f1001754/{size}/71339_2.png",
        "post_count": 2,
        "primary_group_name": "ds-students",
        "flair_name": "ds-students",
        "flair_url": null,
        "flair_color": "",
        "flair_bg_color": "",
        "flair_group_id": 294,
        "trust_level": 1
      },
      {
        "id": 17736,
        "username": "23f2000573",
        "name": "B R GIRI SUBRAHMANYA",
        "avatar_template": "/user_avatar/discourse.onlinedegree.iitm.ac.in/23f2000573/{size}/68306_2.png",
        "post_count": 2,
        "primary_group_name": "ds-students",
        "flair_name": "ds-students",
        "flair_url": null,
        "flair_color": "",
        "flair_bg_color": "",
        "flair_group_id": 294,
        "trust_level": 1
      },
      {
        "id": 13078,
        "username": "Saransh_Saini",
        "name": "Saransh Saini",
        "avatar_template": "/user_avatar/discourse.onlinedegree.iitm.ac.in/saransh_saini/{size}/123495_2.png",
        "post_count": 2,
        "primary_group_name": "ds-students",
        "flair_name": "ds-students",
        "flair_url": null,
        "flair_color": "",
        "flair_bg_color": "",
        "flair_group_id": 294,
        "trust_level": 1
      },
      {
        "id": 29068,
        "username": "Rohitkumar7463",
        "name": "Rohit Kumar ",
        "avatar_template": "/user_avatar/discourse.onlinedegree.iitm.ac.in/rohitkumar7463/{size}/68225_2.png",
        "post_count": 2,
        "primary_group_name": "ds-students",
        "flair_name": "ds-students",
        "flair_url": null,
        "flair_color": "",
        "flair_bg_color": "",
        "flair_group_id": 294,
        "trust_level": 1
      },
      {
        "id": 8102,
        "username": "21f3001993",
        "name": "Manmeet Kaur",
        "avatar_template": "/user_avatar/discourse.onlinedegree.iitm.ac.in/21f3001993/{size}/59073_2.png",
        "post_count": 2,
        "primary_group_name": "ds-students",
        "flair_name": "ds-students",
        "flair_url": null,
        "flair_color": "",
        "flair_bg_color": "",
        "flair_group_id": 294,
        "trust_level": 1
      },
      {
        "id": 18297,
        "username": "23f1002382",
        "name": "Andrew David",
        "avatar_template": "/user_avatar/discourse.onlinedegree.iitm.ac.in/23f1002382/{size}/68945_2.png",
        "post_count": 2,
        "primary_group_name": "ds-students",
        "flair_name": "ds-students",
        "flair_url": null,
        "flair_color": "",
        "flair_bg_color": "",
        "flair_group_id": 294,
        "trust_level": 1
      },
      {
        "id": 21533,
        "username": "23f2005067",
        "name": "Sudhanshu Shekhar",
        "avatar_template": "/user_avatar/discourse.onlinedegree.iitm.ac.in/23f2005067/{size}/85957_2.png",
        "post_count": 2,
        "primary_group_name": "ds-students",
        "flair_name": "ds-students",
        "flair_url": null,
        "flair_color": "",
        "flair_bg_color": "",
        "flair_group_id": 294,
        "trust_level": 1
      }
    ],
    "created_by": {
      "id": 9419,
      "username": "s.anand",
      "name": "Anand S",
      "avatar_template": "/user_avatar/discourse.onlinedegree.iitm.ac.in/s.anand/{size}/15264_2.png"
    },
    "last_poster": {
      "id": 16094,
      "username": "carlton",
      "name": "Carlton D'Silva",
      "avatar_template": "/user_avatar/discourse.onlinedegree.iitm.ac.in/carlton/{size}/56317_2.png"
    },
    "links": [
      {
        "url": "https://exam.sanand.workers.dev/tds-2025-01-ga1",
        "title": "Technical Assessment",
        "internal": false,
        "attachment": false,
        "reflection": false,
        "clicks": 94,
        "user_id": 5168,
        "domain": "exam.sanand.workers.dev",
        "root_domain": "sanand.workers.dev"
      },
      {
        "url": "https://exam.sanand.workers.dev/",
        "title": "Exam Portal",
        "internal": false,
        "attachment": false,
        "reflection": false,
        "clicks": 44,
        "user_id": 12220,
        "domain": "exam.sanand.workers.dev",
        "root_domain": "sanand.workers.dev"
      },
      {
        "url": "https://www.markdownguide.org/extended-syntax/#fenced-code-blocks",
        "title": "Extended Syntax | Markdown Guide",
        "internal": false,
        "attachment": false,
        "reflection": false,
        "clicks": 20,
        "user_id": 9419,
        "domain": "www.markdownguide.org",
        "root_domain": "markdownguide.org"
      },
      {
        "url": "https://techdocs.akamai.com/download-ctr/docs/verify-checksum#:~:text=In%20a%20command%20line%2C%20run,in%20the%20Download%20Center%20interface.",
        "title": null,
        "internal": false,
        "attachment": false,
        "reflection": false,
        "clicks": 18,
        "user_id": 1,
        "domain": "techdocs.akamai.com",
        "root_domain": "akamai.com"
      },
      {
        "url": "https://stackoverflow.com/questions/72087842/windows-equivalent-to-sha256sum-c-cryptographic-hash-digest-file-recursive",
        "title": "powershell - Windows Equivalent to `sha256sum -c` (cryptographic hash, digest file, recursive integrity check, SHA256SUMS) - Stack Overflow",
        "internal": false,
        "attachment": false,
        "reflection": false,
        "clicks": 7,
        "user_id": 22479,
        "domain": "stackoverflow.com",
        "root_domain": "stackoverflow.com"
      },
      {
        "url": "https://tds.s-anand.net/#/",
        "title": "Tools in Data Science",
        "internal": false,
        "attachment": false,
        "reflection": false,
        "clicks": 6,
        "user_id": 16094,
        "domain": "tds.s-anand.net",
        "root_domain": "s-anand.net"
      },
      {
        "url": "https://www.microsoft365.com/launch/excel?auth=1",
        "title": "Sign in to your Microsoft account",
        "internal": false,
        "attachment": false,
        "reflection": false,
        "clicks": 5,
        "user_id": 17736,
        "domain": "www.microsoft365.com",
        "root_domain": "microsoft365.com"
      },
      {
        "url": "https://stackoverflow.com/questions/11746287/compare-filehash-in-powershell",
        "title": "hash - Compare Filehash in Powershell - Stack Overflow",
        "internal": false,
        "attachment": false,
        "reflection": false,
        "clicks": 5,
        "user_id": 22479,
        "domain": "stackoverflow.com",
        "root_domain": "stackoverflow.com"
      },
      {
        "url": "https://seek.onlinedegree.iitm.ac.in/courses/ns_25t1_se2002",
        "title": "Nptel Seekh",
        "internal": false,
        "attachment": false,
        "reflection": false,
        "clicks": 3,
        "user_id": 12220,
        "domain": "seek.onlinedegree.iitm.ac.in",
        "root_domain": "iitm.ac.in"
      },
      {
        "url": "https://www.comptia.org/content/guides/a-guide-to-network-troubleshooting",
        "title": "A Guide to Network Troubleshooting",
        "internal": false,
        "attachment": false,
        "reflection": false,
        "clicks": 1,
        "user_id": 1,
        "domain": "www.comptia.org",
        "root_domain": "comptia.org"
      },
      {
        "url": "https://developers.google.com/speed/public-dns/docs/using",
        "title": "Get Started  |  Public DNS  |  Google for Developers",
        "internal": false,
        "attachment": false,
        "reflection": false,
        "clicks": 1,
        "user_id": 1,
        "domain": "developers.google.com",
        "root_domain": "google.com"
      }
    ]
  },
  "pending_posts": [],
  "bookmarks": []
}