{
  "post_stream": {
    "posts": [
      {
        "id": 598929,
        "name": "Aryan Bartwal",
        "username": "22f3002813",
        "avatar_template": "/user_avatar/discourse.onlinedegree.iitm.ac.in/22f3002813/{size}/137415_2.png",
        "created_at": "2025-02-24T10:45:52.414Z",
        "cooked": "<p><a class=\"mention\" href=\"/u/carlton\">@carlton</a> <a class=\"mention\" href=\"/u/s.anand\">@s.anand</a><br>\nDear team,<br>\nGreetings of the day</p>\n<p>I am writing this to request for a functionality</p>\n<ol>\n<li>Practice the GAs again after their deadline has passed</li>\n<li>Either the answers can be posted or the same question answering and simultaneous evaluation interface can work just like it does before the deadline.</li>\n</ol>\n<p>How this is beneficial?</p>\n<ol>\n<li>As the GATE exam has now been completed,  we can now practice the questions we either left or could not do at that time</li>\n<li>Revision will help us ace the ROE, project and end term</li>\n</ol>\n<p>Overall this will increase the value of the already most practical and rewarding course of IIT BS i.e TDS.</p>\n<p>Looking forward to your guidance and kind consideration<br>\nRegards<br>\nAryan</p>",
        "post_number": 1,
        "post_type": 1,
        "posts_count": 1,
        "updated_at": "2025-02-24T10:45:52.414Z",
        "reply_count": 0,
        "reply_to_post_number": null,
        "quote_count": 0,
        "incoming_link_count": 0,
        "reads": 70,
        "readers_count": 69,
        "score": 59.0,
        "yours": false,
        "topic_id": 168310,
        "topic_slug": "request-for-a-functionality-to-revise-the-gas-of-tds",
        "display_username": "Aryan Bartwal",
        "primary_group_name": "ds-students",
        "flair_name": "ds-students",
        "flair_url": null,
        "flair_bg_color": "",
        "flair_color": "",
        "flair_group_id": 294,
        "badges_granted": [],
        "version": 1,
        "can_edit": false,
        "can_delete": false,
        "can_recover": false,
        "can_see_hidden_post": false,
        "can_wiki": false,
        "read": false,
        "user_title": null,
        "bookmarked": false,
        "actions_summary": [
          {
            "id": 2,
            "count": 3,
            "can_act": true
          },
          {
            "id": 6,
            "can_act": true
          },
          {
            "id": 3,
            "can_act": true
          },
          {
            "id": 4,
            "can_act": true
          },
          {
            "id": 8,
            "can_act": true
          },
          {
            "id": 10,
            "can_act": true
          },
          {
            "id": 7,
            "can_act": true
          }
        ],
        "moderator": false,
        "admin": false,
        "staff": false,
        "user_id": 16209,
        "hidden": false,
        "trust_level": 1,
        "deleted_at": null,
        "user_deleted": false,
        "edit_reason": null,
        "can_view_edit_history": true,
        "wiki": false,
        "post_url": "/t/request-for-a-functionality-to-revise-the-gas-of-tds/168310/1",
        "user_cakedate": "2023-01-26",
        "reactions": [
          {
            "id": "heart",
            "type": "emoji",
            "count": 3
          }
        ],
        "current_user_reaction": null,
        "reaction_users_count": 3,
        "current_user_used_main_reaction": false,
        "can_accept_answer": false,
        "can_unaccept_answer": false,
        "accepted_answer": false,
        "topic_accepted_answer": null,
        "can_vote": false
      }
    ],
    "stream": [
      598929
    ]
  },
  "timeline_lookup": [
    [
      1,
      266
    ]
  ],
  "suggested_topics": [
    {
      "fancy_title": "Submission Issue",
      "id": 191628,
      "title": "Submission Issue",
      "slug": "submission-issue",
      "posts_count": 1,
      "reply_count": 0,
      "highest_post_number": 1,
      "image_url": "https://europe1.discourse-cdn.com/flex013/uploads/iitm/optimized/3X/4/4/44dc3c61e92c828ce41f420245a133ac58e7488c_2_1024x576.png",
      "created_at": "2025-11-16T18:34:00.062Z",
      "last_posted_at": "2025-11-16T18:34:00.258Z",
      "bumped": true,
      "bumped_at": "2025-11-16T18:34:00.258Z",
      "archetype": "regular",
      "unseen": true,
      "pinned": false,
      "unpinned": null,
      "visible": true,
      "closed": false,
      "archived": false,
      "bookmarked": null,
      "liked": null,
      "tags": [
        "clarification",
        "operational",
        "term3-2025"
      ],
      "tags_descriptions": {},
      "like_count": 0,
      "views": 7,
      "category_id": 34,
      "featured_link": null,
      "has_accepted_answer": false,
      "posters": [
        {
          "extras": "latest single",
          "description": "Original Poster, Most Recent Poster",
          "user": {
            "id": 18836,
            "username": "23f2003033",
            "name": "Vedang Pawar",
            "avatar_template": "/user_avatar/discourse.onlinedegree.iitm.ac.in/23f2003033/{size}/67243_2.png",
            "primary_group_name": "ds-students",
            "flair_name": "ds-students",
            "flair_group_id": 294,
            "trust_level": 1
          }
        }
      ]
    }
  ],
  "tags": [
    "operational",
    "diploma-level",
    "extra-resources",
    "guidelines"
  ],
  "tags_descriptions": {},
  "fancy_title": "Request for a functionality to revise the GAs of TDS",
  "id": 168310,
  "title": "Request for a functionality to revise the GAs of TDS",
  "posts_count": 1,
  "created_at": "2025-02-24T10:45:52.091Z",
  "views": 80,
  "reply_count": 0,
  "like_count": 3,
  "last_posted_at": "2025-02-24T10:45:52.414Z",
  "visible": true,
  "closed": false,
  "archived": false,
  "has_summary": false,
  "archetype": "regular",
  "slug": "request-for-a-functionality-to-revise-the-gas-of-tds",
  "category_id": 34,
  "word_count": 124,
  "deleted_at": null,
  "user_id": 16209,
  "featured_link": null,
  "pinned_globally": false,
  "pinned_at": null,
  "pinned_until": null,
  "image_url": null,
  "slow_mode_seconds": 0,
  "draft": null,
  "draft_key": "topic_168310",
  "draft_sequence": 0,
  "posted": false,
  "unpinned": null,
  "pinned": false,
  "current_post_number": 1,
  "highest_post_number": 1,
  "last_read_post_number": null,
  "last_read_post_id": null,
  "deleted_by": null,
  "actions_summary": [
    {
      "id": 4,
      "count": 0,
      "hidden": false,
      "can_act": true
    },
    {
      "id": 8,
      "count": 0,
      "hidden": false,
      "can_act": true
    },
    {
      "id": 10,
      "count": 0,
      "hidden": false,
      "can_act": true
    },
    {
      "id": 7,
      "count": 0,
      "hidden": false,
      "can_act": true
    }
  ],
  "chunk_size": 20,
  "bookmarked": false,
  "topic_timer": null,
  "message_bus_last_id": 0,
  "participant_count": 1,
  "show_read_indicator": false,
  "thumbnails": null,
  "slow_mode_enabled_until": null,
  "tags_disable_ads": false,
  "related_topics": [
    {
      "fancy_title": "Questions closed (GA)",
      "id": 165433,
      "title": "Questions closed (GA)",
      "slug": "questions-closed-ga",
      "posts_count": 7,
      "reply_count": 2,
      "highest_post_number": 7,
      "image_url": null,
      "created_at": "2025-01-27T07:08:48.980Z",
      "last_posted_at": "2025-02-07T07:36:00.899Z",
      "bumped": true,
      "bumped_at": "2025-02-07T07:36:00.899Z",
      "archetype": "regular",
      "unseen": false,
      "last_read_post_number": null,
      "unread": 0,
      "new_posts": 0,
      "unread_posts": 0,
      "pinned": false,
      "unpinned": null,
      "visible": true,
      "closed": false,
      "archived": false,
      "notification_level": 1,
      "bookmarked": false,
      "liked": false,
      "tags": [
        "miscellaneous",
        "operational",
        "diploma-level",
        "tds"
      ],
      "tags_descriptions": {},
      "like_count": 10,
      "views": 110,
      "category_id": 34,
      "featured_link": null,
      "has_accepted_answer": true,
      "posters": [
        {
          "extras": "latest",
          "description": "Original Poster, Most Recent Poster",
          "user": {
            "id": 13976,
            "username": "22f2000559",
            "name": "Anushka Kumar",
            "avatar_template": "/user_avatar/discourse.onlinedegree.iitm.ac.in/22f2000559/{size}/13152_2.png",
            "primary_group_name": "ds-students",
            "flair_name": "ds-students",
            "flair_group_id": 294,
            "trust_level": 1
          }
        },
        {
          "extras": null,
          "description": "Frequent Poster, Accepted Answer",
          "user": {
            "id": 9419,
            "username": "s.anand",
            "name": "Anand S",
            "avatar_template": "/user_avatar/discourse.onlinedegree.iitm.ac.in/s.anand/{size}/15264_2.png",
            "primary_group_name": "faculty",
            "flair_name": "faculty",
            "flair_url": "chalkboard-user",
            "flair_bg_color": "f2c26e",
            "flair_color": "000",
            "flair_group_id": 54,
            "trust_level": 4
          }
        },
        {
          "extras": null,
          "description": "Frequent Poster",
          "user": {
            "id": 7795,
            "username": "Yogesh1",
            "name": "Yogesh",
            "avatar_template": "/user_avatar/discourse.onlinedegree.iitm.ac.in/yogesh1/{size}/32697_2.png",
            "primary_group_name": "ds-students",
            "flair_name": "ds-students",
            "flair_group_id": 294,
            "trust_level": 1
          }
        },
        {
          "extras": null,
          "description": "Frequent Poster",
          "user": {
            "id": 3672,
            "username": "parthpatel",
            "name": "Parth Patel",
            "avatar_template": "/user_avatar/discourse.onlinedegree.iitm.ac.in/parthpatel/{size}/253_2.png",
            "primary_group_name": "ds-students",
            "flair_name": "ds-students",
            "flair_group_id": 294,
            "trust_level": 1
          }
        }
      ]
    },
    {
      "fancy_title": "Opening previous ga just for practise",
      "id": 168515,
      "title": "Opening previous ga just for practise",
      "slug": "opening-previous-ga-just-for-practise",
      "posts_count": 3,
      "reply_count": 1,
      "highest_post_number": 4,
      "image_url": null,
      "created_at": "2025-02-26T06:09:42.079Z",
      "last_posted_at": "2025-02-26T17:11:47.647Z",
      "bumped": true,
      "bumped_at": "2025-02-26T17:11:47.647Z",
      "archetype": "regular",
      "unseen": false,
      "last_read_post_number": null,
      "unread": 0,
      "new_posts": 0,
      "unread_posts": 0,
      "pinned": false,
      "unpinned": null,
      "visible": true,
      "closed": false,
      "archived": false,
      "notification_level": 1,
      "bookmarked": false,
      "liked": false,
      "tags": [
        "miscellaneous",
        "term1-2025"
      ],
      "tags_descriptions": {},
      "like_count": 1,
      "views": 92,
      "category_id": 34,
      "featured_link": null,
      "has_accepted_answer": true,
      "posters": [
        {
          "extras": "latest",
          "description": "Original Poster, Most Recent Poster",
          "user": {
            "id": 17948,
            "username": "22f3001011",
            "name": "Shahsank J Shetty",
            "avatar_template": "/user_avatar/discourse.onlinedegree.iitm.ac.in/22f3001011/{size}/66771_2.png",
            "primary_group_name": "ds-students",
            "flair_name": "ds-students",
            "flair_group_id": 294,
            "trust_level": 1
          }
        },
        {
          "extras": null,
          "description": "Frequent Poster, Accepted Answer",
          "user": {
            "id": 15651,
            "username": "Jivraj",
            "name": "Jivraj Singh Shekhawat",
            "avatar_template": "/user_avatar/discourse.onlinedegree.iitm.ac.in/jivraj/{size}/135985_2.png",
            "primary_group_name": "ds-students",
            "flair_name": "ds-students",
            "flair_group_id": 294,
            "trust_level": 2
          }
        }
      ]
    },
    {
      "fancy_title": "Few requests",
      "id": 22046,
      "title": "Few requests",
      "slug": "few-requests",
      "posts_count": 4,
      "reply_count": 2,
      "highest_post_number": 4,
      "image_url": null,
      "created_at": "2021-11-28T16:01:24.953Z",
      "last_posted_at": "2021-11-29T16:16:25.738Z",
      "bumped": true,
      "bumped_at": "2021-11-29T16:16:25.738Z",
      "archetype": "regular",
      "unseen": false,
      "pinned": false,
      "unpinned": null,
      "visible": true,
      "closed": false,
      "archived": false,
      "bookmarked": null,
      "liked": null,
      "tags": [
        "clarification"
      ],
      "tags_descriptions": {},
      "like_count": 2,
      "views": 116,
      "category_id": 24,
      "featured_link": null,
      "has_accepted_answer": false,
      "posters": [
        {
          "extras": null,
          "description": "Original Poster",
          "user": {
            "id": 1480,
            "username": "Lamedicineniksy",
            "name": "Nikhil Kambli",
            "avatar_template": "/user_avatar/discourse.onlinedegree.iitm.ac.in/lamedicineniksy/{size}/1294_2.png",
            "primary_group_name": "ds-students",
            "flair_name": "ds-students",
            "flair_group_id": 294,
            "trust_level": 1
          }
        },
        {
          "extras": "latest",
          "description": "Most Recent Poster",
          "user": {
            "id": 25,
            "username": "Nikita",
            "name": "Nikita Kumari",
            "avatar_template": "/user_avatar/discourse.onlinedegree.iitm.ac.in/nikita/{size}/772_2.png",
            "primary_group_name": "course_support",
            "flair_name": "course_support",
            "flair_url": "scale-balanced",
            "flair_bg_color": "0040ff",
            "flair_color": "1affc6",
            "flair_group_id": 41,
            "trust_level": 4
          }
        }
      ]
    },
    {
      "fancy_title": "Request for Mock Test for TDS End Term and some practice assignments",
      "id": 71520,
      "title": "Request for Mock Test for TDS End Term and some practice assignments",
      "slug": "request-for-mock-test-for-tds-end-term-and-some-practice-assignments",
      "posts_count": 2,
      "reply_count": 0,
      "highest_post_number": 2,
      "image_url": null,
      "created_at": "2022-11-21T14:43:22.218Z",
      "last_posted_at": "2022-11-27T06:30:03.208Z",
      "bumped": true,
      "bumped_at": "2022-11-27T06:30:03.208Z",
      "archetype": "regular",
      "unseen": false,
      "pinned": false,
      "unpinned": null,
      "visible": true,
      "closed": false,
      "archived": false,
      "bookmarked": null,
      "liked": null,
      "tags": [
        "extra-resources"
      ],
      "tags_descriptions": {},
      "like_count": 6,
      "views": 86,
      "category_id": 34,
      "featured_link": null,
      "has_accepted_answer": false,
      "posters": [
        {
          "extras": "latest single",
          "description": "Original Poster, Most Recent Poster",
          "user": {
            "id": 4988,
            "username": "Polaris",
            "name": "Student@IITM",
            "avatar_template": "/user_avatar/discourse.onlinedegree.iitm.ac.in/polaris/{size}/19551_2.png",
            "primary_group_name": "ds-students",
            "flair_name": "ds-students",
            "flair_group_id": 294,
            "trust_level": 1
          }
        }
      ]
    },
    {
      "fancy_title": "Peer Help Needed TDS Jul2024",
      "id": 140260,
      "title": "Peer Help Needed TDS Jul2024",
      "slug": "peer-help-needed-tds-jul2024",
      "posts_count": 2,
      "reply_count": 0,
      "highest_post_number": 2,
      "image_url": null,
      "created_at": "2024-07-18T06:35:09.994Z",
      "last_posted_at": "2024-07-19T03:51:44.665Z",
      "bumped": true,
      "bumped_at": "2024-07-19T03:51:44.665Z",
      "archetype": "regular",
      "unseen": false,
      "pinned": false,
      "unpinned": null,
      "visible": true,
      "closed": false,
      "archived": false,
      "bookmarked": null,
      "liked": null,
      "tags": [
        "clarification",
        "operational"
      ],
      "tags_descriptions": {},
      "like_count": 0,
      "views": 70,
      "category_id": 34,
      "featured_link": null,
      "has_accepted_answer": false,
      "posters": [
        {
          "extras": null,
          "description": "Original Poster",
          "user": {
            "id": 12513,
            "username": "SrividyaV",
            "name": "Srividya V",
            "avatar_template": "/user_avatar/discourse.onlinedegree.iitm.ac.in/srividyav/{size}/13233_2.png",
            "primary_group_name": "ds-students",
            "flair_name": "ds-students",
            "flair_group_id": 294,
            "trust_level": 1
          }
        },
        {
          "extras": "latest",
          "description": "Most Recent Poster",
          "user": {
            "id": 16094,
            "username": "carlton",
            "name": "Carlton D'Silva",
            "avatar_template": "/user_avatar/discourse.onlinedegree.iitm.ac.in/carlton/{size}/56317_2.png",
            "primary_group_name": "ds-students",
            "flair_name": "ds-students",
            "flair_group_id": 294,
            "trust_level": 3
          }
        }
      ]
    }
  ],
  "summarizable": true,
  "valid_reactions": [
    "heart",
    "+1",
    "laughing",
    "open_mouth",
    "clap",
    "confetti_ball",
    "rocket",
    "-1"
  ],
  "can_vote": false,
  "vote_count": 0,
  "user_voted": false,
  "discourse_zendesk_plugin_zendesk_id": null,
  "discourse_zendesk_plugin_zendesk_url": "https://your-url.zendesk.com/agent/tickets/",
  "details": {
    "can_edit": false,
    "notification_level": 1,
    "notifications_reason_id": null,
    "can_create_post": true,
    "can_reply_as_new_topic": true,
    "can_flag_topic": true,
    "participants": [
      {
        "id": 16209,
        "username": "22f3002813",
        "name": "Aryan Bartwal",
        "avatar_template": "/user_avatar/discourse.onlinedegree.iitm.ac.in/22f3002813/{size}/137415_2.png",
        "post_count": 1,
        "primary_group_name": "ds-students",
        "flair_name": "ds-students",
        "flair_url": null,
        "flair_color": "",
        "flair_bg_color": "",
        "flair_group_id": 294,
        "trust_level": 1
      }
    ],
    "created_by": {
      "id": 16209,
      "username": "22f3002813",
      "name": "Aryan Bartwal",
      "avatar_template": "/user_avatar/discourse.onlinedegree.iitm.ac.in/22f3002813/{size}/137415_2.png"
    },
    "last_poster": {
      "id": 16209,
      "username": "22f3002813",
      "name": "Aryan Bartwal",
      "avatar_template": "/user_avatar/discourse.onlinedegree.iitm.ac.in/22f3002813/{size}/137415_2.png"
    }
  },
  "pending_posts": [],
  "bookmarks": []
}