{
  "post_stream": {
    "posts": [
      {
        "id": 581700,
        "name": "Prasoon Shukla",
        "username": "psisaddicted",
        "avatar_template": "/user_avatar/discourse.onlinedegree.iitm.ac.in/psisaddicted/{size}/111629_2.png",
        "created_at": "2025-01-18T16:13:12.288Z",
        "cooked": "<p>I feel that Week 1 is packed with tutorials from diverse areas. While I understand the necessity of these tutorials, they lack immediate exercises, which makes it difficult to retain the knowledge gained. Attempting to practice everything from these tutorials leaves insufficient time for other courses.</p>\n<p>Additionally, while solving GAs helps reinforce learning, they don’t seem to cover all the concepts from the tutorials.</p>\n<p>I would want to know whether the learning from GAs is sufficient or if there’s a better way to balance this.</p>\n<p>PS - To address this at a management level, my suggestion would be to introduce AQs  or  mini exercises after each module. Alternatively, we could increase questions in GAs to cover more concepts, though the first approach might be more effective. Another improvement could be to reduce the diversity of content in a single week to make it more manageable.</p>",
        "post_number": 1,
        "post_type": 1,
        "posts_count": 1,
        "updated_at": "2025-01-18T16:13:12.288Z",
        "reply_count": 0,
        "reply_to_post_number": null,
        "quote_count": 0,
        "incoming_link_count": 0,
        "reads": 63,
        "readers_count": 62,
        "score": 72.6,
        "yours": false,
        "topic_id": 164205,
        "topic_slug": "need-clarity",
        "display_username": "Prasoon Shukla",
        "primary_group_name": "ds-students",
        "flair_name": "ds-students",
        "flair_url": null,
        "flair_bg_color": "",
        "flair_color": "",
        "flair_group_id": 294,
        "badges_granted": [],
        "version": 1,
        "can_edit": false,
        "can_delete": false,
        "can_recover": false,
        "can_see_hidden_post": false,
        "can_wiki": false,
        "read": false,
        "user_title": null,
        "bookmarked": false,
        "actions_summary": [
          {
            "id": 2,
            "count": 4,
            "can_act": true
          },
          {
            "id": 6,
            "can_act": true
          },
          {
            "id": 3,
            "can_act": true
          },
          {
            "id": 4,
            "can_act": true
          },
          {
            "id": 8,
            "can_act": true
          },
          {
            "id": 10,
            "can_act": true
          },
          {
            "id": 7,
            "can_act": true
          }
        ],
        "moderator": false,
        "admin": false,
        "staff": false,
        "user_id": 25514,
        "hidden": false,
        "trust_level": 1,
        "deleted_at": null,
        "user_deleted": false,
        "edit_reason": null,
        "can_view_edit_history": true,
        "wiki": false,
        "post_url": "/t/need-clarity/164205/1",
        "user_cakedate": "2024-01-20",
        "user_birthdate": "1904-01-20",
        "reactions": [
          {
            "id": "heart",
            "type": "emoji",
            "count": 4
          }
        ],
        "current_user_reaction": null,
        "reaction_users_count": 4,
        "current_user_used_main_reaction": false,
        "can_accept_answer": false,
        "can_unaccept_answer": false,
        "accepted_answer": false,
        "topic_accepted_answer": null,
        "can_vote": false
      }
    ],
    "stream": [
      581700
    ]
  },
  "timeline_lookup": [
    [
      1,
      302
    ]
  ],
  "suggested_topics": [
    {
      "fancy_title": "Submission Issue",
      "id": 191628,
      "title": "Submission Issue",
      "slug": "submission-issue",
      "posts_count": 1,
      "reply_count": 0,
      "highest_post_number": 1,
      "image_url": "https://europe1.discourse-cdn.com/flex013/uploads/iitm/optimized/3X/4/4/44dc3c61e92c828ce41f420245a133ac58e7488c_2_1024x576.png",
      "created_at": "2025-11-16T18:34:00.062Z",
      "last_posted_at": "2025-11-16T18:34:00.258Z",
      "bumped": true,
      "bumped_at": "2025-11-16T18:34:00.258Z",
      "archetype": "regular",
      "unseen": true,
      "pinned": false,
      "unpinned": null,
      "visible": true,
      "closed": false,
      "archived": false,
      "bookmarked": null,
      "liked": null,
      "tags": [
        "clarification",
        "operational",
        "term3-2025"
      ],
      "tags_descriptions": {},
      "like_count": 0,
      "views": 7,
      "category_id": 34,
      "featured_link": null,
      "has_accepted_answer": false,
      "posters": [
        {
          "extras": "latest single",
          "description": "Original Poster, Most Recent Poster",
          "user": {
            "id": 18836,
            "username": "23f2003033",
            "name": "Vedang Pawar",
            "avatar_template": "/user_avatar/discourse.onlinedegree.iitm.ac.in/23f2003033/{size}/67243_2.png",
            "primary_group_name": "ds-students",
            "flair_name": "ds-students",
            "flair_group_id": 294,
            "trust_level": 1
          }
        }
      ]
    }
  ],
  "tags": [
    "clarification",
    "operational"
  ],
  "tags_descriptions": {},
  "fancy_title": "Need Clarity",
  "id": 164205,
  "title": "Need Clarity",
  "posts_count": 1,
  "created_at": "2025-01-18T16:13:11.989Z",
  "views": 75,
  "reply_count": 0,
  "like_count": 4,
  "last_posted_at": "2025-01-18T16:13:12.288Z",
  "visible": true,
  "closed": false,
  "archived": false,
  "has_summary": false,
  "archetype": "regular",
  "slug": "need-clarity",
  "category_id": 34,
  "word_count": 146,
  "deleted_at": null,
  "user_id": 25514,
  "featured_link": null,
  "pinned_globally": false,
  "pinned_at": null,
  "pinned_until": null,
  "image_url": null,
  "slow_mode_seconds": 0,
  "draft": null,
  "draft_key": "topic_164205",
  "draft_sequence": 0,
  "posted": false,
  "unpinned": null,
  "pinned": false,
  "current_post_number": 1,
  "highest_post_number": 1,
  "last_read_post_number": null,
  "last_read_post_id": null,
  "deleted_by": null,
  "actions_summary": [
    {
      "id": 4,
      "count": 0,
      "hidden": false,
      "can_act": true
    },
    {
      "id": 8,
      "count": 0,
      "hidden": false,
      "can_act": true
    },
    {
      "id": 10,
      "count": 0,
      "hidden": false,
      "can_act": true
    },
    {
      "id": 7,
      "count": 0,
      "hidden": false,
      "can_act": true
    }
  ],
  "chunk_size": 20,
  "bookmarked": false,
  "topic_timer": null,
  "message_bus_last_id": 0,
  "participant_count": 1,
  "show_read_indicator": false,
  "thumbnails": null,
  "slow_mode_enabled_until": null,
  "tags_disable_ads": false,
  "related_topics": [
    {
      "fancy_title": "Confusion regarfing week 1 GA Qs syllabus",
      "id": 27193,
      "title": "Confusion regarfing week 1 GA Qs syllabus",
      "slug": "confusion-regarfing-week-1-ga-qs-syllabus",
      "posts_count": 4,
      "reply_count": 1,
      "highest_post_number": 4,
      "image_url": null,
      "created_at": "2022-01-09T08:10:45.441Z",
      "last_posted_at": "2022-01-09T14:31:58.131Z",
      "bumped": true,
      "bumped_at": "2022-01-09T14:31:58.131Z",
      "archetype": "regular",
      "unseen": false,
      "pinned": false,
      "unpinned": null,
      "visible": true,
      "closed": false,
      "archived": false,
      "bookmarked": null,
      "liked": null,
      "tags": [
        "clarification",
        "week-1"
      ],
      "tags_descriptions": {},
      "like_count": 0,
      "views": 39,
      "category_id": 23,
      "featured_link": null,
      "has_accepted_answer": false,
      "posters": [
        {
          "extras": null,
          "description": "Original Poster",
          "user": {
            "id": 8969,
            "username": "21f3002646",
            "name": "Mrudul John Mathews",
            "avatar_template": "/user_avatar/discourse.onlinedegree.iitm.ac.in/21f3002646/{size}/59366_2.png",
            "primary_group_name": "ds-students",
            "flair_name": "ds-students",
            "flair_group_id": 294,
            "trust_level": 0
          }
        },
        {
          "extras": null,
          "description": "Frequent Poster",
          "user": {
            "id": 6275,
            "username": "21f3000331",
            "name": "BINAYAK BASU",
            "avatar_template": "/user_avatar/discourse.onlinedegree.iitm.ac.in/21f3000331/{size}/1078_2.png",
            "primary_group_name": "ds-students",
            "flair_name": "ds-students",
            "flair_group_id": 294,
            "trust_level": 1
          }
        },
        {
          "extras": "latest",
          "description": "Most Recent Poster",
          "user": {
            "id": 8409,
            "username": "21f3001215",
            "name": "Vishal Madhesia",
            "avatar_template": "/user_avatar/discourse.onlinedegree.iitm.ac.in/21f3001215/{size}/68573_2.png",
            "primary_group_name": "ds-students",
            "flair_name": "ds-students",
            "flair_group_id": 294,
            "trust_level": 1
          }
        }
      ]
    },
    {
      "fancy_title": "Week 0 and week 1 curriculum is actually bit vast, Request to extend windows to submit GA W1",
      "id": 47769,
      "title": "Week 0 and week 1 curriculum is actually bit vast, Request to extend windows to submit GA W1",
      "slug": "week-0-and-week-1-curriculum-is-actually-bit-vast-request-to-extend-windows-to-submit-ga-w1",
      "posts_count": 2,
      "reply_count": 0,
      "highest_post_number": 2,
      "image_url": null,
      "created_at": "2022-05-09T18:29:33.996Z",
      "last_posted_at": "2022-05-10T15:18:20.914Z",
      "bumped": true,
      "bumped_at": "2022-05-10T15:18:20.914Z",
      "archetype": "regular",
      "unseen": false,
      "pinned": false,
      "unpinned": null,
      "visible": true,
      "closed": false,
      "archived": false,
      "bookmarked": null,
      "liked": null,
      "tags": [
        "week-1"
      ],
      "tags_descriptions": {},
      "like_count": 14,
      "views": 100,
      "category_id": 24,
      "featured_link": null,
      "has_accepted_answer": false,
      "posters": [
        {
          "extras": null,
          "description": "Original Poster",
          "user": {
            "id": 9151,
            "username": "21f3003088",
            "name": "Sravan",
            "avatar_template": "/user_avatar/discourse.onlinedegree.iitm.ac.in/21f3003088/{size}/13061_2.png",
            "primary_group_name": "ds-students",
            "flair_name": "ds-students",
            "flair_group_id": 294,
            "trust_level": 1
          }
        },
        {
          "extras": "latest",
          "description": "Most Recent Poster",
          "user": {
            "id": 6875,
            "username": "21f2001092",
            "name": "Raghav Arora",
            "avatar_template": "/user_avatar/discourse.onlinedegree.iitm.ac.in/21f2001092/{size}/657_2.png",
            "primary_group_name": "ds-students",
            "flair_name": "ds-students",
            "flair_group_id": 294,
            "trust_level": 0
          }
        }
      ]
    },
    {
      "fancy_title": "Week 1 Ga1",
      "id": 62363,
      "title": "Week 1 Ga1",
      "slug": "week-1-ga1",
      "posts_count": 5,
      "reply_count": 3,
      "highest_post_number": 5,
      "image_url": null,
      "created_at": "2022-09-05T02:44:39.731Z",
      "last_posted_at": "2022-09-08T01:36:51.930Z",
      "bumped": true,
      "bumped_at": "2022-09-08T01:36:51.930Z",
      "archetype": "regular",
      "unseen": false,
      "pinned": false,
      "unpinned": null,
      "visible": true,
      "closed": false,
      "archived": false,
      "bookmarked": null,
      "liked": null,
      "tags": [
        "week-1",
        "graded-question"
      ],
      "tags_descriptions": {},
      "like_count": 1,
      "views": 112,
      "category_id": 30,
      "featured_link": null,
      "has_accepted_answer": false,
      "posters": [
        {
          "extras": null,
          "description": "Original Poster",
          "user": {
            "id": 7196,
            "username": "21f2000507",
            "name": "Bhav_s",
            "avatar_template": "/user_avatar/discourse.onlinedegree.iitm.ac.in/21f2000507/{size}/13603_2.png",
            "primary_group_name": "ds-students",
            "flair_name": "ds-students",
            "flair_group_id": 294,
            "trust_level": 1
          }
        },
        {
          "extras": null,
          "description": "Frequent Poster",
          "user": {
            "id": 7957,
            "username": "21f3002833",
            "name": "Sayan Hrik",
            "avatar_template": "/user_avatar/discourse.onlinedegree.iitm.ac.in/21f3002833/{size}/45_2.png",
            "primary_group_name": "ds-students",
            "flair_name": "ds-students",
            "flair_group_id": 294,
            "trust_level": 1
          }
        },
        {
          "extras": null,
          "description": "Frequent Poster",
          "user": {
            "id": 1998,
            "username": "Preetam",
            "name": "Preetam Mukherjee",
            "avatar_template": "/user_avatar/discourse.onlinedegree.iitm.ac.in/preetam/{size}/57403_2.png",
            "primary_group_name": "ds-students",
            "flair_name": "ds-students",
            "flair_group_id": 294,
            "trust_level": 1
          }
        },
        {
          "extras": "latest",
          "description": "Most Recent Poster",
          "user": {
            "id": 8056,
            "username": "Puneet_21f3002005",
            "name": "Puneet ",
            "avatar_template": "/user_avatar/discourse.onlinedegree.iitm.ac.in/puneet_21f3002005/{size}/46059_2.png",
            "primary_group_name": "ds-students",
            "flair_name": "ds-students",
            "flair_group_id": 294,
            "trust_level": 1
          }
        }
      ]
    },
    {
      "fancy_title": "Request for a Refresher Week",
      "id": 52948,
      "title": "Request for a Refresher Week",
      "slug": "request-for-a-refresher-week",
      "posts_count": 4,
      "reply_count": 0,
      "highest_post_number": 4,
      "image_url": null,
      "created_at": "2022-06-11T07:56:13.831Z",
      "last_posted_at": "2022-06-11T11:29:23.201Z",
      "bumped": true,
      "bumped_at": "2022-06-11T11:29:23.201Z",
      "archetype": "regular",
      "unseen": false,
      "pinned": false,
      "unpinned": null,
      "visible": true,
      "closed": false,
      "archived": false,
      "bookmarked": null,
      "liked": null,
      "tags": [
        "week-8"
      ],
      "tags_descriptions": {},
      "like_count": 15,
      "views": 78,
      "category_id": 32,
      "featured_link": null,
      "has_accepted_answer": false,
      "posters": [
        {
          "extras": null,
          "description": "Original Poster",
          "user": {
            "id": 298,
            "username": "Rovsh",
            "name": "Pratyush",
            "avatar_template": "/user_avatar/discourse.onlinedegree.iitm.ac.in/rovsh/{size}/27530_2.png",
            "primary_group_name": "ds-students",
            "flair_name": "ds-students",
            "flair_group_id": 294,
            "trust_level": 1
          }
        },
        {
          "extras": null,
          "description": "Frequent Poster",
          "user": {
            "id": 2460,
            "username": "sourav",
            "name": "Sourav Yadav",
            "avatar_template": "/user_avatar/discourse.onlinedegree.iitm.ac.in/sourav/{size}/68_2.png",
            "primary_group_name": "ds-students",
            "flair_name": "ds-students",
            "flair_group_id": 294,
            "trust_level": 1
          }
        },
        {
          "extras": null,
          "description": "Frequent Poster",
          "user": {
            "id": 4867,
            "username": "TusharRaj007",
            "name": "Tushar Raj",
            "avatar_template": "/user_avatar/discourse.onlinedegree.iitm.ac.in/tusharraj007/{size}/5824_2.png",
            "primary_group_name": "ds-students",
            "flair_name": "ds-students",
            "flair_group_id": 294,
            "trust_level": 1
          }
        },
        {
          "extras": "latest",
          "description": "Most Recent Poster",
          "user": {
            "id": 1480,
            "username": "Lamedicineniksy",
            "name": "Nikhil Kambli",
            "avatar_template": "/user_avatar/discourse.onlinedegree.iitm.ac.in/lamedicineniksy/{size}/1294_2.png",
            "primary_group_name": "ds-students",
            "flair_name": "ds-students",
            "flair_group_id": 294,
            "trust_level": 1
          }
        }
      ]
    },
    {
      "fancy_title": "Tutorials week 1,2,3",
      "id": 17603,
      "title": "Tutorials week 1,2,3",
      "slug": "tutorials-week-1-2-3",
      "posts_count": 5,
      "reply_count": 2,
      "highest_post_number": 5,
      "image_url": null,
      "created_at": "2021-10-04T16:06:57.500Z",
      "last_posted_at": "2021-10-07T10:49:53.434Z",
      "bumped": true,
      "bumped_at": "2021-10-07T10:49:53.434Z",
      "archetype": "regular",
      "unseen": false,
      "pinned": false,
      "unpinned": null,
      "visible": true,
      "closed": false,
      "archived": false,
      "bookmarked": null,
      "liked": null,
      "tags": [
        "clarification"
      ],
      "tags_descriptions": {},
      "like_count": 0,
      "views": 81,
      "category_id": 24,
      "featured_link": null,
      "has_accepted_answer": false,
      "posters": [
        {
          "extras": "latest",
          "description": "Original Poster, Most Recent Poster",
          "user": {
            "id": 1490,
            "username": "Rahul567",
            "name": "Rahul",
            "avatar_template": "/user_avatar/discourse.onlinedegree.iitm.ac.in/rahul567/{size}/495_2.png",
            "primary_group_name": "ds-students",
            "flair_name": "ds-students",
            "flair_group_id": 294,
            "trust_level": 1
          }
        },
        {
          "extras": null,
          "description": "Frequent Poster",
          "user": {
            "id": 25,
            "username": "Nikita",
            "name": "Nikita Kumari",
            "avatar_template": "/user_avatar/discourse.onlinedegree.iitm.ac.in/nikita/{size}/772_2.png",
            "primary_group_name": "course_support",
            "flair_name": "course_support",
            "flair_url": "scale-balanced",
            "flair_bg_color": "0040ff",
            "flair_color": "1affc6",
            "flair_group_id": 41,
            "trust_level": 4
          }
        },
        {
          "extras": null,
          "description": "Frequent Poster",
          "user": {
            "id": 29,
            "username": "Ankur_POD",
            "name": "Ankur POD",
            "avatar_template": "/user_avatar/discourse.onlinedegree.iitm.ac.in/ankur_pod/{size}/25_2.png",
            "trust_level": 1
          }
        }
      ]
    }
  ],
  "summarizable": true,
  "valid_reactions": [
    "heart",
    "+1",
    "laughing",
    "open_mouth",
    "clap",
    "confetti_ball",
    "rocket",
    "-1"
  ],
  "can_vote": false,
  "vote_count": 0,
  "user_voted": false,
  "discourse_zendesk_plugin_zendesk_id": null,
  "discourse_zendesk_plugin_zendesk_url": "https://your-url.zendesk.com/agent/tickets/",
  "details": {
    "can_edit": false,
    "notification_level": 1,
    "notifications_reason_id": null,
    "can_create_post": true,
    "can_reply_as_new_topic": true,
    "can_flag_topic": true,
    "participants": [
      {
        "id": 25514,
        "username": "psisaddicted",
        "name": "Prasoon Shukla",
        "avatar_template": "/user_avatar/discourse.onlinedegree.iitm.ac.in/psisaddicted/{size}/111629_2.png",
        "post_count": 1,
        "primary_group_name": "ds-students",
        "flair_name": "ds-students",
        "flair_url": null,
        "flair_color": "",
        "flair_bg_color": "",
        "flair_group_id": 294,
        "trust_level": 1
      }
    ],
    "created_by": {
      "id": 25514,
      "username": "psisaddicted",
      "name": "Prasoon Shukla",
      "avatar_template": "/user_avatar/discourse.onlinedegree.iitm.ac.in/psisaddicted/{size}/111629_2.png"
    },
    "last_poster": {
      "id": 25514,
      "username": "psisaddicted",
      "name": "Prasoon Shukla",
      "avatar_template": "/user_avatar/discourse.onlinedegree.iitm.ac.in/psisaddicted/{size}/111629_2.png"
    }
  },
  "pending_posts": [],
  "bookmarks": []
}