{
  "post_stream": {
    "posts": [
      {
        "id": 602891,
        "name": "Andrew David",
        "username": "23f1002382",
        "avatar_template": "/user_avatar/discourse.onlinedegree.iitm.ac.in/23f1002382/{size}/68945_2.png",
        "created_at": "2025-03-03T07:17:32.847Z",
        "cooked": "<h1><a name=\"p-602891-project-2-tds-solver-discussion-thread-1\" class=\"anchor\" href=\"#p-602891-project-2-tds-solver-discussion-thread-1\"></a>Project 2 - TDS Solver - Discussion Thread</h1>\n<h3><a name=\"p-602891-creating-this-thread-to-share-answers-and-questions-from-your-respective-assignments-2\" class=\"anchor\" href=\"#p-602891-creating-this-thread-to-share-answers-and-questions-from-your-respective-assignments-2\"></a>Creating this Thread to share answers and questions from your respective assignments</h3>\n<h3><a name=\"p-602891-why-3\" class=\"anchor\" href=\"#p-602891-why-3\"></a>Why? <img src=\"https://emoji.discourse-cdn.com/google/interrobang.png?v=12\" title=\":interrobang:\" class=\"emoji\" alt=\":interrobang:\" loading=\"lazy\" width=\"20\" height=\"20\"><img src=\"https://emoji.discourse-cdn.com/google/thinking.png?v=12\" title=\":thinking:\" class=\"emoji\" alt=\":thinking:\" loading=\"lazy\" width=\"20\" height=\"20\"></h3>\n<p>If we can Train the LLM with these Questions already, we can easily do well?</p>\n<h3><a name=\"p-602891-too-many-questions-for-llm-4\" class=\"anchor\" href=\"#p-602891-too-many-questions-for-llm-4\"></a>Too many Questions for LLM <img src=\"https://emoji.discourse-cdn.com/google/nerd_face.png?v=12\" title=\":nerd_face:\" class=\"emoji\" alt=\":nerd_face:\" loading=\"lazy\" width=\"20\" height=\"20\"><img src=\"https://emoji.discourse-cdn.com/google/nerd_face.png?v=12\" title=\":nerd_face:\" class=\"emoji\" alt=\":nerd_face:\" loading=\"lazy\" width=\"20\" height=\"20\"><img src=\"https://emoji.discourse-cdn.com/google/nerd_face.png?v=12\" title=\":nerd_face:\" class=\"emoji\" alt=\":nerd_face:\" loading=\"lazy\" width=\"20\" height=\"20\"></h3>\n<p>True we can use embeddings, map that stored in-system dictionary and use relevant questions from in-system data to send as context with answer</p>\n<h3><a name=\"p-602891-what-we-need-from-you-5\" class=\"anchor\" href=\"#p-602891-what-we-need-from-you-5\"></a>What We need from YOU 🫵🏽</h3>\n<p>Get to scraping your respective Graded Assignments and post the it?</p>\n<h3><a name=\"p-602891-how-6\" class=\"anchor\" href=\"#p-602891-how-6\"></a>How?</h3>\n<ul>\n<li>If answers are saved, Just Print (Ctrl+P) and save pdf, not really if this would work</li>\n<li>If you had saved code for each question, send the saved code and with a docstring as the question , This would be useful <img src=\"https://emoji.discourse-cdn.com/google/+1/3.png?v=12\" title=\":+1:t3:\" class=\"emoji\" alt=\":+1:t3:\" loading=\"lazy\" width=\"20\" height=\"20\"><img src=\"https://emoji.discourse-cdn.com/google/+1/3.png?v=12\" title=\":+1:t3:\" class=\"emoji\" alt=\":+1:t3:\" loading=\"lazy\" width=\"20\" height=\"20\"></li>\n</ul>\n<h3><a name=\"p-602891-where-7\" class=\"anchor\" href=\"#p-602891-where-7\"></a>Where?<img src=\"https://emoji.discourse-cdn.com/google/thinking.png?v=12\" title=\":thinking:\" class=\"emoji\" alt=\":thinking:\" loading=\"lazy\" width=\"20\" height=\"20\"><img src=\"https://emoji.discourse-cdn.com/google/man_shrugging/3.png?v=12\" title=\":man_shrugging:t3:\" class=\"emoji\" alt=\":man_shrugging:t3:\" loading=\"lazy\" width=\"20\" height=\"20\"><img src=\"https://emoji.discourse-cdn.com/google/man_shrugging/3.png?v=12\" title=\":man_shrugging:t3:\" class=\"emoji\" alt=\":man_shrugging:t3:\" loading=\"lazy\" width=\"20\" height=\"20\"></h3>\n<aside class=\"onebox githubblob\" data-onebox-src=\"https://github.com/ANdIeCOOl/TDS-Project2-QuestionBank/blob/main/README.md\">\n  <header class=\"source\">\n\n      <a href=\"https://github.com/ANdIeCOOl/TDS-Project2-QuestionBank/blob/main/README.md\" target=\"_blank\" rel=\"noopener nofollow ugc\">github.com/ANdIeCOOl/TDS-Project2-QuestionBank</a>\n  </header>\n\n  <article class=\"onebox-body\">\n    <h4><a href=\"https://github.com/ANdIeCOOl/TDS-Project2-QuestionBank/blob/main/README.md\" target=\"_blank\" rel=\"noopener nofollow ugc\">README.md</a></h4>\n\n<div class=\"git-blob-info\">\n  <a href=\"https://github.com/ANdIeCOOl/TDS-Project2-QuestionBank/blob/main/README.md\" rel=\"noopener nofollow ugc\"><code>main</code></a>\n</div>\n\n\n      <pre><code class=\"lang-md\"># TDS-Project2-QuestionBank\nQuestion Bank for all TDS assignments\n\n# Requested format\n## Student Assignments Directory Structure\n\nEach student has a folder named with their roll number. Inside each student's folder, there are multiple assignment folders (`Assignment_X`). Each assignment contains:\n- A `.txt` file with the question statement.\n- A corresponding `.py`, `.sh`, or `.js` file for the solution.\n\n### Example Directory Structure\nRollNo_12345/\n├── Assignment_1/\n│   ├── Q1.txt    # Question for Q1\n│   ├── Q1.py     # Solution in Python\n│   ├── Q2.txt    # Question for Q2\n│   ├── Q2.sh     # Solution in Bash\n│   ├── Q3.txt    # Question for Q3\n│   ├── Q3.js     # Solution in JavaScript\n├── Assignment_2/\n</code></pre>\n\n\n\n  This file has been truncated. <a href=\"https://github.com/ANdIeCOOl/TDS-Project2-QuestionBank/blob/main/README.md\" target=\"_blank\" rel=\"noopener nofollow ugc\">show original</a>\n\n  </article>\n\n  <div class=\"onebox-metadata\">\n    \n    \n  </div>\n\n  <div style=\"clear: both\"></div>\n</aside>\n\n<p>Please note, Please send the code it would make the LLM more idk “better”</p>\n<p>Cheers,<br>\nAndrew out. <img src=\"https://emoji.discourse-cdn.com/google/facepunch/4.png?v=12\" title=\":facepunch:t4:\" class=\"emoji\" alt=\":facepunch:t4:\" loading=\"lazy\" width=\"20\" height=\"20\"><br>\n<span class=\"mention\">@all</span></p>",
        "post_number": 1,
        "post_type": 1,
        "posts_count": 6,
        "updated_at": "2025-03-03T07:32:42.547Z",
        "reply_count": 0,
        "reply_to_post_number": null,
        "quote_count": 0,
        "incoming_link_count": 27,
        "reads": 162,
        "readers_count": 161,
        "score": 287.4,
        "yours": false,
        "topic_id": 169045,
        "topic_slug": "project-2-tds-solver-shared-data-pool",
        "display_username": "Andrew David",
        "primary_group_name": "ds-students",
        "flair_name": "ds-students",
        "flair_url": null,
        "flair_bg_color": "",
        "flair_color": "",
        "flair_group_id": 294,
        "badges_granted": [],
        "version": 3,
        "can_edit": false,
        "can_delete": false,
        "can_recover": false,
        "can_see_hidden_post": false,
        "can_wiki": false,
        "link_counts": [
          {
            "url": "https://github.com/ANdIeCOOl/TDS-Project2-QuestionBank/blob/main/README.md",
            "internal": false,
            "reflection": false,
            "title": "TDS-Project2-QuestionBank/README.md at main · ANdIeCOOl/TDS-Project2-QuestionBank · GitHub",
            "clicks": 72
          },
          {
            "url": "https://discourse.onlinedegree.iitm.ac.in/t/project-2-tds-solver-discussion-thread/169029/3",
            "internal": true,
            "reflection": true,
            "title": "Project 2 - TDS Solver - Discussion Thread",
            "clicks": 2
          }
        ],
        "read": false,
        "user_title": null,
        "bookmarked": false,
        "actions_summary": [
          {
            "id": 2,
            "count": 8,
            "can_act": true
          },
          {
            "id": 6,
            "can_act": true
          },
          {
            "id": 3,
            "can_act": true
          },
          {
            "id": 4,
            "can_act": true
          },
          {
            "id": 8,
            "can_act": true
          },
          {
            "id": 10,
            "can_act": true
          },
          {
            "id": 7,
            "can_act": true
          }
        ],
        "moderator": false,
        "admin": false,
        "staff": false,
        "user_id": 18297,
        "hidden": false,
        "trust_level": 1,
        "deleted_at": null,
        "user_deleted": false,
        "edit_reason": null,
        "can_view_edit_history": true,
        "wiki": false,
        "post_url": "/t/project-2-tds-solver-shared-data-pool/169045/1",
        "user_cakedate": "2023-06-05",
        "user_birthdate": "1904-01-05",
        "reactions": [
          {
            "id": "heart",
            "type": "emoji",
            "count": 5
          },
          {
            "id": "+1",
            "type": "emoji",
            "count": 3
          }
        ],
        "current_user_reaction": null,
        "reaction_users_count": 8,
        "current_user_used_main_reaction": false,
        "can_accept_answer": false,
        "can_unaccept_answer": false,
        "accepted_answer": false,
        "topic_accepted_answer": null,
        "can_vote": false
      },
      {
        "id": 602892,
        "name": "Andrew David",
        "username": "23f1002382",
        "avatar_template": "/user_avatar/discourse.onlinedegree.iitm.ac.in/23f1002382/{size}/68945_2.png",
        "created_at": "2025-03-03T07:20:38.141Z",
        "cooked": "<p>This time I’ll create a functioning script way before deadline for everyone to use .<br>\n<img src=\"https://europe1.discourse-cdn.com/flex013/uploads/iitm/original/3X/a/2/a2ca53960e1ef9d9566dd1648096df09332e6310.gif\" alt=\"OnePieceStrawhatsGIF\" data-base62-sha1=\"ne6PD7vhrLy6v5S21qlbK2Rdi0w\" width=\"498\" height=\"278\" class=\"animated\"></p>",
        "post_number": 2,
        "post_type": 1,
        "posts_count": 6,
        "updated_at": "2025-03-03T07:22:41.158Z",
        "reply_count": 0,
        "reply_to_post_number": null,
        "quote_count": 0,
        "incoming_link_count": 0,
        "reads": 137,
        "readers_count": 136,
        "score": 72.4,
        "yours": false,
        "topic_id": 169045,
        "topic_slug": "project-2-tds-solver-shared-data-pool",
        "display_username": "Andrew David",
        "primary_group_name": "ds-students",
        "flair_name": "ds-students",
        "flair_url": null,
        "flair_bg_color": "",
        "flair_color": "",
        "flair_group_id": 294,
        "badges_granted": [],
        "version": 1,
        "can_edit": false,
        "can_delete": false,
        "can_recover": false,
        "can_see_hidden_post": false,
        "can_wiki": false,
        "read": false,
        "user_title": null,
        "bookmarked": false,
        "actions_summary": [
          {
            "id": 2,
            "count": 3,
            "can_act": true
          },
          {
            "id": 6,
            "can_act": true
          },
          {
            "id": 3,
            "can_act": true
          },
          {
            "id": 4,
            "can_act": true
          },
          {
            "id": 8,
            "can_act": true
          },
          {
            "id": 10,
            "can_act": true
          },
          {
            "id": 7,
            "can_act": true
          }
        ],
        "moderator": false,
        "admin": false,
        "staff": false,
        "user_id": 18297,
        "hidden": false,
        "trust_level": 1,
        "deleted_at": null,
        "user_deleted": false,
        "edit_reason": null,
        "can_view_edit_history": true,
        "wiki": false,
        "post_url": "/t/project-2-tds-solver-shared-data-pool/169045/2",
        "user_cakedate": "2023-06-05",
        "user_birthdate": "1904-01-05",
        "reactions": [
          {
            "id": "heart",
            "type": "emoji",
            "count": 3
          }
        ],
        "current_user_reaction": null,
        "reaction_users_count": 3,
        "current_user_used_main_reaction": false,
        "can_accept_answer": false,
        "can_unaccept_answer": false,
        "accepted_answer": false,
        "topic_accepted_answer": null
      },
      {
        "id": 603007,
        "name": "Jivraj Singh Shekhawat",
        "username": "Jivraj",
        "avatar_template": "/user_avatar/discourse.onlinedegree.iitm.ac.in/jivraj/{size}/135985_2.png",
        "created_at": "2025-03-03T11:21:09.094Z",
        "cooked": "<p>Hi <a class=\"mention\" href=\"/u/23f1002382\">@23f1002382</a></p>\n<p>Great initiative, will be happy to see lot of PR’s on your repo.</p>",
        "post_number": 3,
        "post_type": 1,
        "posts_count": 6,
        "updated_at": "2025-03-03T11:21:09.094Z",
        "reply_count": 2,
        "reply_to_post_number": null,
        "quote_count": 0,
        "incoming_link_count": 0,
        "reads": 132,
        "readers_count": 131,
        "score": 51.4,
        "yours": false,
        "topic_id": 169045,
        "topic_slug": "project-2-tds-solver-shared-data-pool",
        "display_username": "Jivraj Singh Shekhawat",
        "primary_group_name": "ds-students",
        "flair_name": "ds-students",
        "flair_url": null,
        "flair_bg_color": "",
        "flair_color": "",
        "flair_group_id": 294,
        "badges_granted": [],
        "version": 1,
        "can_edit": false,
        "can_delete": false,
        "can_recover": false,
        "can_see_hidden_post": false,
        "can_wiki": false,
        "read": false,
        "user_title": "Course TA",
        "title_is_group": false,
        "bookmarked": false,
        "actions_summary": [
          {
            "id": 2,
            "count": 1,
            "can_act": true
          },
          {
            "id": 6,
            "can_act": true
          },
          {
            "id": 3,
            "can_act": true
          },
          {
            "id": 4,
            "can_act": true
          },
          {
            "id": 8,
            "can_act": true
          },
          {
            "id": 10,
            "can_act": true
          },
          {
            "id": 7,
            "can_act": true
          }
        ],
        "moderator": false,
        "admin": false,
        "staff": false,
        "group_moderator": true,
        "user_id": 15651,
        "hidden": false,
        "trust_level": 2,
        "deleted_at": null,
        "user_deleted": false,
        "edit_reason": null,
        "can_view_edit_history": true,
        "wiki": false,
        "post_url": "/t/project-2-tds-solver-shared-data-pool/169045/3",
        "user_cakedate": "2023-01-25",
        "reactions": [
          {
            "id": "heart",
            "type": "emoji",
            "count": 1
          }
        ],
        "current_user_reaction": null,
        "reaction_users_count": 1,
        "current_user_used_main_reaction": false,
        "can_accept_answer": false,
        "can_unaccept_answer": false,
        "accepted_answer": false,
        "topic_accepted_answer": null
      },
      {
        "id": 603030,
        "name": "Andrew David",
        "username": "23f1002382",
        "avatar_template": "/user_avatar/discourse.onlinedegree.iitm.ac.in/23f1002382/{size}/68945_2.png",
        "created_at": "2025-03-03T11:45:57.715Z",
        "cooked": "<aside class=\"quote group-ds-students\" data-username=\"Jivraj\" data-post=\"3\" data-topic=\"169045\">\n<div class=\"title\">\n<div class=\"quote-controls\"></div>\n<img alt=\"\" width=\"24\" height=\"24\" src=\"https://dub1.discourse-cdn.com/flex013/user_avatar/discourse.onlinedegree.iitm.ac.in/jivraj/48/135985_2.png\" class=\"avatar\"> Jivraj:</div>\n<blockquote>\n<p>e, will be happy to see lot of PR’s on your re</p>\n</blockquote>\n</aside>\n<p>Will <img src=\"https://emoji.discourse-cdn.com/google/cross_mark.png?v=14\" title=\":cross_mark:\" class=\"emoji\" alt=\":cross_mark:\" loading=\"lazy\" width=\"20\" height=\"20\"><br>\nHopefully <img src=\"https://emoji.discourse-cdn.com/google/white_check_mark.png?v=14\" title=\":white_check_mark:\" class=\"emoji\" alt=\":white_check_mark:\" loading=\"lazy\" width=\"20\" height=\"20\"><br>\n…</p>",
        "post_number": 4,
        "post_type": 1,
        "posts_count": 6,
        "updated_at": "2025-03-03T11:45:57.715Z",
        "reply_count": 0,
        "reply_to_post_number": 3,
        "quote_count": 1,
        "incoming_link_count": 1,
        "reads": 131,
        "readers_count": 130,
        "score": 31.2,
        "yours": false,
        "topic_id": 169045,
        "topic_slug": "project-2-tds-solver-shared-data-pool",
        "display_username": "Andrew David",
        "primary_group_name": "ds-students",
        "flair_name": "ds-students",
        "flair_url": null,
        "flair_bg_color": "",
        "flair_color": "",
        "flair_group_id": 294,
        "badges_granted": [],
        "version": 1,
        "can_edit": false,
        "can_delete": false,
        "can_recover": false,
        "can_see_hidden_post": false,
        "can_wiki": false,
        "read": false,
        "user_title": null,
        "bookmarked": false,
        "actions_summary": [
          {
            "id": 2,
            "can_act": true
          },
          {
            "id": 6,
            "can_act": true
          },
          {
            "id": 3,
            "can_act": true
          },
          {
            "id": 4,
            "can_act": true
          },
          {
            "id": 8,
            "can_act": true
          },
          {
            "id": 10,
            "can_act": true
          },
          {
            "id": 7,
            "can_act": true
          }
        ],
        "moderator": false,
        "admin": false,
        "staff": false,
        "user_id": 18297,
        "hidden": false,
        "trust_level": 1,
        "deleted_at": null,
        "user_deleted": false,
        "edit_reason": null,
        "can_view_edit_history": true,
        "wiki": false,
        "post_url": "/t/project-2-tds-solver-shared-data-pool/169045/4",
        "user_cakedate": "2023-06-05",
        "user_birthdate": "1904-01-05",
        "reactions": [],
        "current_user_reaction": null,
        "reaction_users_count": 0,
        "current_user_used_main_reaction": false,
        "can_accept_answer": false,
        "can_unaccept_answer": false,
        "accepted_answer": false,
        "topic_accepted_answer": null
      },
      {
        "id": 603343,
        "name": "Aniruddha Mukherjee",
        "username": "23f1003186",
        "avatar_template": "/user_avatar/discourse.onlinedegree.iitm.ac.in/23f1003186/{size}/66745_2.png",
        "created_at": "2025-03-04T08:58:05.322Z",
        "cooked": "<p>Already did a PR although it was a minor formatting one xDD</p>",
        "post_number": 6,
        "post_type": 1,
        "posts_count": 6,
        "updated_at": "2025-03-04T08:58:05.322Z",
        "reply_count": 1,
        "reply_to_post_number": 3,
        "quote_count": 0,
        "incoming_link_count": 0,
        "reads": 122,
        "readers_count": 121,
        "score": 44.4,
        "yours": false,
        "topic_id": 169045,
        "topic_slug": "project-2-tds-solver-shared-data-pool",
        "display_username": "Aniruddha Mukherjee",
        "primary_group_name": "ds-students",
        "flair_name": "ds-students",
        "flair_url": null,
        "flair_bg_color": "",
        "flair_color": "",
        "flair_group_id": 294,
        "badges_granted": [],
        "version": 1,
        "can_edit": false,
        "can_delete": false,
        "can_recover": false,
        "can_see_hidden_post": false,
        "can_wiki": false,
        "read": false,
        "user_title": null,
        "reply_to_user": {
          "id": 15651,
          "username": "Jivraj",
          "name": "Jivraj Singh Shekhawat",
          "avatar_template": "/user_avatar/discourse.onlinedegree.iitm.ac.in/jivraj/{size}/135985_2.png"
        },
        "bookmarked": false,
        "actions_summary": [
          {
            "id": 2,
            "count": 1,
            "can_act": true
          },
          {
            "id": 6,
            "can_act": true
          },
          {
            "id": 3,
            "can_act": true
          },
          {
            "id": 4,
            "can_act": true
          },
          {
            "id": 8,
            "can_act": true
          },
          {
            "id": 10,
            "can_act": true
          },
          {
            "id": 7,
            "can_act": true
          }
        ],
        "moderator": false,
        "admin": false,
        "staff": false,
        "user_id": 19230,
        "hidden": false,
        "trust_level": 1,
        "deleted_at": null,
        "user_deleted": false,
        "edit_reason": null,
        "can_view_edit_history": true,
        "wiki": false,
        "post_url": "/t/project-2-tds-solver-shared-data-pool/169045/6",
        "user_cakedate": "2023-06-08",
        "user_birthdate": "1904-09-19",
        "reactions": [
          {
            "id": "heart",
            "type": "emoji",
            "count": 1
          }
        ],
        "current_user_reaction": null,
        "reaction_users_count": 1,
        "current_user_used_main_reaction": false,
        "can_accept_answer": false,
        "can_unaccept_answer": false,
        "accepted_answer": false,
        "topic_accepted_answer": null
      },
      {
        "id": 603352,
        "name": "Andrew David",
        "username": "23f1002382",
        "avatar_template": "/user_avatar/discourse.onlinedegree.iitm.ac.in/23f1002382/{size}/68945_2.png",
        "created_at": "2025-03-04T09:29:48.657Z",
        "cooked": "<p>yeah thanks that helped a lot actually</p>",
        "post_number": 7,
        "post_type": 1,
        "posts_count": 6,
        "updated_at": "2025-03-04T09:29:48.657Z",
        "reply_count": 0,
        "reply_to_post_number": 6,
        "quote_count": 0,
        "incoming_link_count": 1,
        "reads": 122,
        "readers_count": 121,
        "score": 44.4,
        "yours": false,
        "topic_id": 169045,
        "topic_slug": "project-2-tds-solver-shared-data-pool",
        "display_username": "Andrew David",
        "primary_group_name": "ds-students",
        "flair_name": "ds-students",
        "flair_url": null,
        "flair_bg_color": "",
        "flair_color": "",
        "flair_group_id": 294,
        "badges_granted": [],
        "version": 1,
        "can_edit": false,
        "can_delete": false,
        "can_recover": false,
        "can_see_hidden_post": false,
        "can_wiki": false,
        "read": false,
        "user_title": null,
        "reply_to_user": {
          "id": 19230,
          "username": "23f1003186",
          "name": "Aniruddha Mukherjee",
          "avatar_template": "/user_avatar/discourse.onlinedegree.iitm.ac.in/23f1003186/{size}/66745_2.png"
        },
        "bookmarked": false,
        "actions_summary": [
          {
            "id": 2,
            "count": 1,
            "can_act": true
          },
          {
            "id": 6,
            "can_act": true
          },
          {
            "id": 3,
            "can_act": true
          },
          {
            "id": 4,
            "can_act": true
          },
          {
            "id": 8,
            "can_act": true
          },
          {
            "id": 10,
            "can_act": true
          },
          {
            "id": 7,
            "can_act": true
          }
        ],
        "moderator": false,
        "admin": false,
        "staff": false,
        "user_id": 18297,
        "hidden": false,
        "trust_level": 1,
        "deleted_at": null,
        "user_deleted": false,
        "edit_reason": null,
        "can_view_edit_history": true,
        "wiki": false,
        "post_url": "/t/project-2-tds-solver-shared-data-pool/169045/7",
        "user_cakedate": "2023-06-05",
        "user_birthdate": "1904-01-05",
        "reactions": [
          {
            "id": "heart",
            "type": "emoji",
            "count": 1
          }
        ],
        "current_user_reaction": null,
        "reaction_users_count": 1,
        "current_user_used_main_reaction": false,
        "can_accept_answer": false,
        "can_unaccept_answer": false,
        "accepted_answer": false,
        "topic_accepted_answer": null
      }
    ],
    "stream": [
      602891,
      602892,
      603007,
      603030,
      603343,
      603352
    ]
  },
  "timeline_lookup": [
    [
      1,
      259
    ],
    [
      5,
      258
    ]
  ],
  "suggested_topics": [
    {
      "fancy_title": "Submission Issue",
      "id": 191628,
      "title": "Submission Issue",
      "slug": "submission-issue",
      "posts_count": 1,
      "reply_count": 0,
      "highest_post_number": 1,
      "image_url": "https://europe1.discourse-cdn.com/flex013/uploads/iitm/optimized/3X/4/4/44dc3c61e92c828ce41f420245a133ac58e7488c_2_1024x576.png",
      "created_at": "2025-11-16T18:34:00.062Z",
      "last_posted_at": "2025-11-16T18:34:00.258Z",
      "bumped": true,
      "bumped_at": "2025-11-16T18:34:00.258Z",
      "archetype": "regular",
      "unseen": true,
      "pinned": false,
      "unpinned": null,
      "visible": true,
      "closed": false,
      "archived": false,
      "bookmarked": null,
      "liked": null,
      "tags": [
        "clarification",
        "operational",
        "term3-2025"
      ],
      "tags_descriptions": {},
      "like_count": 0,
      "views": 7,
      "category_id": 34,
      "featured_link": null,
      "has_accepted_answer": false,
      "posters": [
        {
          "extras": "latest single",
          "description": "Original Poster, Most Recent Poster",
          "user": {
            "id": 18836,
            "username": "23f2003033",
            "name": "Vedang Pawar",
            "avatar_template": "/user_avatar/discourse.onlinedegree.iitm.ac.in/23f2003033/{size}/67243_2.png",
            "primary_group_name": "ds-students",
            "flair_name": "ds-students",
            "flair_group_id": 294,
            "trust_level": 1
          }
        }
      ]
    }
  ],
  "tags": [
    "project-proposal",
    "tds-project-2"
  ],
  "tags_descriptions": {},
  "fancy_title": "Project 2 - TDS Solver - Shared Data Pool",
  "id": 169045,
  "title": "Project 2 - TDS Solver - Shared Data Pool",
  "posts_count": 6,
  "created_at": "2025-03-03T07:17:32.655Z",
  "views": 295,
  "reply_count": 4,
  "like_count": 14,
  "last_posted_at": "2025-03-04T09:29:48.657Z",
  "visible": true,
  "closed": false,
  "archived": false,
  "has_summary": false,
  "archetype": "regular",
  "slug": "project-2-tds-solver-shared-data-pool",
  "category_id": 34,
  "word_count": 231,
  "deleted_at": null,
  "user_id": 18297,
  "featured_link": null,
  "pinned_globally": false,
  "pinned_at": null,
  "pinned_until": null,
  "image_url": null,
  "slow_mode_seconds": 0,
  "draft": null,
  "draft_key": "topic_169045",
  "draft_sequence": 0,
  "posted": false,
  "unpinned": null,
  "pinned": false,
  "current_post_number": 1,
  "highest_post_number": 7,
  "last_read_post_number": null,
  "last_read_post_id": null,
  "deleted_by": null,
  "actions_summary": [
    {
      "id": 4,
      "count": 0,
      "hidden": false,
      "can_act": true
    },
    {
      "id": 8,
      "count": 0,
      "hidden": false,
      "can_act": true
    },
    {
      "id": 10,
      "count": 0,
      "hidden": false,
      "can_act": true
    },
    {
      "id": 7,
      "count": 0,
      "hidden": false,
      "can_act": true
    }
  ],
  "chunk_size": 20,
  "bookmarked": false,
  "topic_timer": null,
  "message_bus_last_id": 0,
  "participant_count": 3,
  "show_read_indicator": false,
  "thumbnails": null,
  "slow_mode_enabled_until": null,
  "tags_disable_ads": false,
  "related_topics": [
    {
      "fancy_title": "Project-2 solutions",
      "id": 71536,
      "title": "Project-2 solutions",
      "slug": "project-2-solutions",
      "posts_count": 1,
      "reply_count": 0,
      "highest_post_number": 1,
      "image_url": null,
      "created_at": "2022-11-22T00:43:36.611Z",
      "last_posted_at": "2022-11-22T00:43:36.763Z",
      "bumped": true,
      "bumped_at": "2022-11-22T00:43:36.763Z",
      "archetype": "regular",
      "unseen": false,
      "pinned": false,
      "unpinned": null,
      "visible": true,
      "closed": false,
      "archived": false,
      "bookmarked": null,
      "liked": null,
      "tags": [
        "tds-project-2"
      ],
      "tags_descriptions": {},
      "like_count": 0,
      "views": 46,
      "category_id": 34,
      "featured_link": null,
      "has_accepted_answer": false,
      "posters": [
        {
          "extras": "latest single",
          "description": "Original Poster, Most Recent Poster",
          "user": {
            "id": 11132,
            "username": "prabhu2022",
            "name": "Prabhu R",
            "avatar_template": "/user_avatar/discourse.onlinedegree.iitm.ac.in/prabhu2022/{size}/13325_2.png",
            "primary_group_name": "ds-students",
            "flair_name": "ds-students",
            "flair_group_id": 294,
            "trust_level": 1
          }
        }
      ]
    },
    {
      "fancy_title": "Project 2 - TDS Solver - Discussion Thread",
      "id": 169029,
      "title": "Project 2 - TDS Solver - Discussion Thread",
      "slug": "project-2-tds-solver-discussion-thread",
      "posts_count": 690,
      "reply_count": 415,
      "highest_post_number": 715,
      "image_url": null,
      "created_at": "2025-03-03T03:42:18.928Z",
      "last_posted_at": "2025-04-25T17:08:56.564Z",
      "bumped": true,
      "bumped_at": "2025-04-25T17:08:56.564Z",
      "archetype": "regular",
      "unseen": false,
      "last_read_post_number": 715,
      "unread": 0,
      "new_posts": 0,
      "unread_posts": 0,
      "pinned": false,
      "unpinned": null,
      "visible": true,
      "closed": false,
      "archived": false,
      "notification_level": 2,
      "bookmarked": false,
      "liked": false,
      "tags": [
        "term1-2025",
        "announcement",
        "tds-project-2"
      ],
      "tags_descriptions": {},
      "like_count": 478,
      "views": 4723,
      "category_id": 34,
      "featured_link": null,
      "has_accepted_answer": false,
      "posters": [
        {
          "extras": null,
          "description": "Original Poster",
          "user": {
            "id": 9419,
            "username": "s.anand",
            "name": "Anand S",
            "avatar_template": "/user_avatar/discourse.onlinedegree.iitm.ac.in/s.anand/{size}/15264_2.png",
            "primary_group_name": "faculty",
            "flair_name": "faculty",
            "flair_url": "chalkboard-user",
            "flair_bg_color": "f2c26e",
            "flair_color": "000",
            "flair_group_id": 54,
            "trust_level": 4
          }
        },
        {
          "extras": null,
          "description": "Frequent Poster",
          "user": {
            "id": 18297,
            "username": "23f1002382",
            "name": "Andrew David",
            "avatar_template": "/user_avatar/discourse.onlinedegree.iitm.ac.in/23f1002382/{size}/68945_2.png",
            "primary_group_name": "ds-students",
            "flair_name": "ds-students",
            "flair_group_id": 294,
            "trust_level": 1
          }
        },
        {
          "extras": null,
          "description": "Frequent Poster",
          "user": {
            "id": 13078,
            "username": "Saransh_Saini",
            "name": "Saransh Saini",
            "avatar_template": "/user_avatar/discourse.onlinedegree.iitm.ac.in/saransh_saini/{size}/123495_2.png",
            "primary_group_name": "ds-students",
            "flair_name": "ds-students",
            "flair_group_id": 294,
            "trust_level": 1
          }
        },
        {
          "extras": null,
          "description": "Frequent Poster",
          "user": {
            "id": 15651,
            "username": "Jivraj",
            "name": "Jivraj Singh Shekhawat",
            "avatar_template": "/user_avatar/discourse.onlinedegree.iitm.ac.in/jivraj/{size}/135985_2.png",
            "primary_group_name": "ds-students",
            "flair_name": "ds-students",
            "flair_group_id": 294,
            "trust_level": 2
          }
        },
        {
          "extras": "latest",
          "description": "Most Recent Poster",
          "user": {
            "id": 35950,
            "username": "Algsoch",
            "name": "Vicky Kumar",
            "avatar_template": "/user_avatar/discourse.onlinedegree.iitm.ac.in/algsoch/{size}/111675_2.png",
            "primary_group_name": "ds-students",
            "flair_name": "ds-students",
            "flair_group_id": 294,
            "trust_level": 1
          }
        }
      ]
    },
    {
      "fancy_title": "Project 2 tds score",
      "id": 72452,
      "title": "Project 2 tds score",
      "slug": "project-2-tds-score",
      "posts_count": 5,
      "reply_count": 1,
      "highest_post_number": 5,
      "image_url": "https://europe1.discourse-cdn.com/flex013/uploads/iitm/optimized/3X/9/6/963d2d675b656b6a998f7d35d6225ae57c0c831f_2_1024x479.png",
      "created_at": "2022-12-02T16:53:28.505Z",
      "last_posted_at": "2022-12-08T08:44:44.690Z",
      "bumped": true,
      "bumped_at": "2022-12-08T08:44:44.690Z",
      "archetype": "regular",
      "unseen": false,
      "pinned": false,
      "unpinned": null,
      "visible": true,
      "closed": false,
      "archived": false,
      "bookmarked": null,
      "liked": null,
      "tags": [
        "clarification",
        "operational",
        "tds-project-2"
      ],
      "tags_descriptions": {},
      "like_count": 0,
      "views": 105,
      "category_id": 34,
      "featured_link": null,
      "has_accepted_answer": false,
      "posters": [
        {
          "extras": null,
          "description": "Original Poster",
          "user": {
            "id": 9260,
            "username": "21f1003305",
            "name": "V Bhavana Sriya ",
            "avatar_template": "/user_avatar/discourse.onlinedegree.iitm.ac.in/21f1003305/{size}/15791_2.png",
            "primary_group_name": "ds-students",
            "flair_name": "ds-students",
            "flair_group_id": 294,
            "trust_level": 1
          }
        },
        {
          "extras": null,
          "description": "Frequent Poster",
          "user": {
            "id": 6142,
            "username": "Dixon",
            "name": "Dixon",
            "avatar_template": "/user_avatar/discourse.onlinedegree.iitm.ac.in/dixon/{size}/1027_2.png",
            "trust_level": 1
          }
        },
        {
          "extras": null,
          "description": "Frequent Poster",
          "user": {
            "id": 9066,
            "username": "21f3002026",
            "name": "Harmanpreet Singh",
            "avatar_template": "/user_avatar/discourse.onlinedegree.iitm.ac.in/21f3002026/{size}/14259_2.png",
            "primary_group_name": "ds-students",
            "flair_name": "ds-students",
            "flair_group_id": 294,
            "trust_level": 1
          }
        },
        {
          "extras": null,
          "description": "Frequent Poster",
          "user": {
            "id": 11132,
            "username": "prabhu2022",
            "name": "Prabhu R",
            "avatar_template": "/user_avatar/discourse.onlinedegree.iitm.ac.in/prabhu2022/{size}/13325_2.png",
            "primary_group_name": "ds-students",
            "flair_name": "ds-students",
            "flair_group_id": 294,
            "trust_level": 1
          }
        },
        {
          "extras": "latest",
          "description": "Most Recent Poster",
          "user": {
            "id": 9398,
            "username": "iamprasna",
            "name": "Prasanna",
            "avatar_template": "/user_avatar/discourse.onlinedegree.iitm.ac.in/iamprasna/{size}/13977_2.png",
            "primary_group_name": "course_support",
            "flair_name": "course_support",
            "flair_url": "scale-balanced",
            "flair_bg_color": "0040ff",
            "flair_color": "1affc6",
            "flair_group_id": 41,
            "trust_level": 4
          }
        }
      ]
    },
    {
      "fancy_title": "Supplementary contents for TDS",
      "id": 53062,
      "title": "Supplementary contents for TDS",
      "slug": "supplementary-contents-for-tds",
      "posts_count": 1,
      "reply_count": 0,
      "highest_post_number": 1,
      "image_url": null,
      "created_at": "2022-06-11T18:21:43.137Z",
      "last_posted_at": "2022-06-11T18:21:43.268Z",
      "bumped": true,
      "bumped_at": "2022-06-11T18:21:43.268Z",
      "archetype": "regular",
      "unseen": false,
      "pinned": false,
      "unpinned": null,
      "visible": true,
      "closed": false,
      "archived": false,
      "bookmarked": null,
      "liked": null,
      "tags": [
        "clarification"
      ],
      "tags_descriptions": {},
      "like_count": 0,
      "views": 63,
      "category_id": 34,
      "featured_link": null,
      "has_accepted_answer": false,
      "posters": [
        {
          "extras": "latest single",
          "description": "Original Poster, Most Recent Poster",
          "user": {
            "id": 9050,
            "username": "22ds1000018",
            "name": "Venkatesh S",
            "avatar_template": "/user_avatar/discourse.onlinedegree.iitm.ac.in/22ds1000018/{size}/1164_2.png",
            "primary_group_name": "ds-students",
            "flair_name": "ds-students",
            "flair_group_id": 294,
            "trust_level": 1
          }
        }
      ]
    },
    {
      "fancy_title": "Quiz2 &amp; Final - where the previous few question papers of TDS and their solutions available?",
      "id": 97571,
      "title": "Quiz2 & Final - where the previous few question papers of TDS and their solutions available?",
      "slug": "quiz2-final-where-the-previous-few-question-papers-of-tds-and-their-solutions-available",
      "posts_count": 1,
      "reply_count": 0,
      "highest_post_number": 1,
      "image_url": null,
      "created_at": "2023-08-02T02:02:11.279Z",
      "last_posted_at": "2023-08-02T02:02:11.412Z",
      "bumped": true,
      "bumped_at": "2023-08-02T02:02:11.412Z",
      "archetype": "regular",
      "unseen": false,
      "pinned": false,
      "unpinned": null,
      "visible": true,
      "closed": false,
      "archived": false,
      "bookmarked": null,
      "liked": null,
      "tags": [
        "operational",
        "course-portal"
      ],
      "tags_descriptions": {},
      "like_count": 0,
      "views": 37,
      "category_id": 34,
      "featured_link": null,
      "has_accepted_answer": false,
      "posters": [
        {
          "extras": "latest single",
          "description": "Original Poster, Most Recent Poster",
          "user": {
            "id": 11746,
            "username": "21f3002825",
            "name": "Shyam Kumar Sinha",
            "avatar_template": "/user_avatar/discourse.onlinedegree.iitm.ac.in/21f3002825/{size}/13038_2.png",
            "primary_group_name": "ds-students",
            "flair_name": "ds-students",
            "flair_group_id": 294,
            "trust_level": 1
          }
        }
      ]
    }
  ],
  "summarizable": true,
  "valid_reactions": [
    "heart",
    "+1",
    "laughing",
    "open_mouth",
    "clap",
    "confetti_ball",
    "rocket",
    "-1"
  ],
  "can_vote": false,
  "vote_count": 0,
  "user_voted": false,
  "discourse_zendesk_plugin_zendesk_id": null,
  "discourse_zendesk_plugin_zendesk_url": "https://your-url.zendesk.com/agent/tickets/",
  "details": {
    "can_edit": false,
    "notification_level": 1,
    "notifications_reason_id": null,
    "can_create_post": true,
    "can_reply_as_new_topic": true,
    "can_flag_topic": true,
    "participants": [
      {
        "id": 18297,
        "username": "23f1002382",
        "name": "Andrew David",
        "avatar_template": "/user_avatar/discourse.onlinedegree.iitm.ac.in/23f1002382/{size}/68945_2.png",
        "post_count": 4,
        "primary_group_name": "ds-students",
        "flair_name": "ds-students",
        "flair_url": null,
        "flair_color": "",
        "flair_bg_color": "",
        "flair_group_id": 294,
        "trust_level": 1
      },
      {
        "id": 15651,
        "username": "Jivraj",
        "name": "Jivraj Singh Shekhawat",
        "avatar_template": "/user_avatar/discourse.onlinedegree.iitm.ac.in/jivraj/{size}/135985_2.png",
        "post_count": 1,
        "primary_group_name": "ds-students",
        "flair_name": "ds-students",
        "flair_url": null,
        "flair_color": "",
        "flair_bg_color": "",
        "flair_group_id": 294,
        "trust_level": 2
      },
      {
        "id": 19230,
        "username": "23f1003186",
        "name": "Aniruddha Mukherjee",
        "avatar_template": "/user_avatar/discourse.onlinedegree.iitm.ac.in/23f1003186/{size}/66745_2.png",
        "post_count": 1,
        "primary_group_name": "ds-students",
        "flair_name": "ds-students",
        "flair_url": null,
        "flair_color": "",
        "flair_bg_color": "",
        "flair_group_id": 294,
        "trust_level": 1
      }
    ],
    "created_by": {
      "id": 18297,
      "username": "23f1002382",
      "name": "Andrew David",
      "avatar_template": "/user_avatar/discourse.onlinedegree.iitm.ac.in/23f1002382/{size}/68945_2.png"
    },
    "last_poster": {
      "id": 18297,
      "username": "23f1002382",
      "name": "Andrew David",
      "avatar_template": "/user_avatar/discourse.onlinedegree.iitm.ac.in/23f1002382/{size}/68945_2.png"
    },
    "links": [
      {
        "url": "https://github.com/ANdIeCOOl/TDS-Project2-QuestionBank/blob/main/README.md",
        "title": "TDS-Project2-QuestionBank/README.md at main · ANdIeCOOl/TDS-Project2-QuestionBank · GitHub",
        "internal": false,
        "attachment": false,
        "reflection": false,
        "clicks": 72,
        "user_id": 18297,
        "domain": "github.com",
        "root_domain": "github.com"
      },
      {
        "url": "https://discourse.onlinedegree.iitm.ac.in/t/project-2-tds-solver-discussion-thread/169029/3",
        "title": "Project 2 - TDS Solver - Discussion Thread",
        "internal": true,
        "attachment": false,
        "reflection": true,
        "clicks": 2,
        "user_id": 18297,
        "domain": "discourse.onlinedegree.iitm.ac.in",
        "root_domain": "iitm.ac.in"
      }
    ]
  },
  "pending_posts": [],
  "bookmarks": []
}