{
  "post_stream": {
    "posts": [
      {
        "id": 615457,
        "name": "Sagandeep Kaur",
        "username": "Sagan",
        "avatar_template": "/user_avatar/discourse.onlinedegree.iitm.ac.in/sagan/{size}/146753_2.png",
        "created_at": "2025-04-05T06:12:14.723Z",
        "cooked": "<p>Even if I pass in end term TDS, Can I repeat the course in next term because I missed project1 and my CGPA will go down because of it?</p>\n<p>This is my last term of diploma. So, can I take 1 diploma course and rest degree courses in next term?</p>",
        "post_number": 1,
        "post_type": 1,
        "posts_count": 6,
        "updated_at": "2025-04-05T06:12:14.723Z",
        "reply_count": 0,
        "reply_to_post_number": null,
        "quote_count": 0,
        "incoming_link_count": 1,
        "reads": 156,
        "readers_count": 155,
        "score": 51.2,
        "yours": false,
        "topic_id": 171798,
        "topic_slug": "repeat-course",
        "display_username": "Sagandeep Kaur",
        "primary_group_name": "ds-students",
        "flair_name": "ds-students",
        "flair_url": null,
        "flair_bg_color": "",
        "flair_color": "",
        "flair_group_id": 294,
        "badges_granted": [],
        "version": 1,
        "can_edit": false,
        "can_delete": false,
        "can_recover": false,
        "can_see_hidden_post": false,
        "can_wiki": false,
        "read": false,
        "user_title": null,
        "bookmarked": false,
        "actions_summary": [
          {
            "id": 2,
            "count": 1,
            "can_act": true
          },
          {
            "id": 6,
            "can_act": true
          },
          {
            "id": 3,
            "can_act": true
          },
          {
            "id": 4,
            "can_act": true
          },
          {
            "id": 8,
            "can_act": true
          },
          {
            "id": 10,
            "can_act": true
          },
          {
            "id": 7,
            "can_act": true
          }
        ],
        "moderator": false,
        "admin": false,
        "staff": false,
        "user_id": 22224,
        "hidden": false,
        "trust_level": 1,
        "deleted_at": null,
        "user_deleted": false,
        "edit_reason": null,
        "can_view_edit_history": true,
        "wiki": false,
        "post_url": "/t/repeat-course/171798/1",
        "user_cakedate": "2023-09-19",
        "user_birthdate": "1904-12-29",
        "reactions": [
          {
            "id": "heart",
            "type": "emoji",
            "count": 1
          }
        ],
        "current_user_reaction": null,
        "reaction_users_count": 1,
        "current_user_used_main_reaction": false,
        "can_accept_answer": false,
        "can_unaccept_answer": false,
        "accepted_answer": false,
        "topic_accepted_answer": null,
        "can_vote": false
      },
      {
        "id": 615458,
        "name": "LAKSHAY",
        "username": "lakshaygarg654",
        "avatar_template": "/user_avatar/discourse.onlinedegree.iitm.ac.in/lakshaygarg654/{size}/129814_2.png",
        "created_at": "2025-04-05T06:15:08.290Z",
        "cooked": "<p>Yes, you can.<br>\nMore details given in student handbook. Search for repeat courses.</p>\n<p><div class=\"lightbox-wrapper\"><a class=\"lightbox\" href=\"https://europe1.discourse-cdn.com/flex013/uploads/iitm/original/3X/0/3/03024426b9416b9dc7e7ecffa58a7123dae81036.jpeg\" data-download-href=\"/uploads/short-url/qChQ8qgUeBzsfY0LNoluOXGRKu.jpeg?dl=1\" title=\"1000433920\" rel=\"noopener nofollow ugc\"><img src=\"https://europe1.discourse-cdn.com/flex013/uploads/iitm/optimized/3X/0/3/03024426b9416b9dc7e7ecffa58a7123dae81036_2_690x254.jpeg\" alt=\"1000433920\" data-base62-sha1=\"qChQ8qgUeBzsfY0LNoluOXGRKu\" width=\"690\" height=\"254\" srcset=\"https://europe1.discourse-cdn.com/flex013/uploads/iitm/optimized/3X/0/3/03024426b9416b9dc7e7ecffa58a7123dae81036_2_690x254.jpeg, https://europe1.discourse-cdn.com/flex013/uploads/iitm/optimized/3X/0/3/03024426b9416b9dc7e7ecffa58a7123dae81036_2_1035x381.jpeg 1.5x, https://europe1.discourse-cdn.com/flex013/uploads/iitm/original/3X/0/3/03024426b9416b9dc7e7ecffa58a7123dae81036.jpeg 2x\" data-dominant-color=\"E7E7E7\"><div class=\"meta\"><svg class=\"fa d-icon d-icon-far-image svg-icon\" aria-hidden=\"true\"><use href=\"#far-image\"></use></svg><span class=\"filename\">1000433920</span><span class=\"informations\">1079×398 104 KB</span><svg class=\"fa d-icon d-icon-discourse-expand svg-icon\" aria-hidden=\"true\"><use href=\"#discourse-expand\"></use></svg></div></a></div></p>",
        "post_number": 2,
        "post_type": 1,
        "posts_count": 6,
        "updated_at": "2025-04-05T06:17:15.904Z",
        "reply_count": 0,
        "reply_to_post_number": null,
        "quote_count": 0,
        "incoming_link_count": 0,
        "reads": 161,
        "readers_count": 160,
        "score": 47.2,
        "yours": false,
        "topic_id": 171798,
        "topic_slug": "repeat-course",
        "display_username": "LAKSHAY",
        "primary_group_name": "ds-students",
        "flair_name": "ds-students",
        "flair_url": null,
        "flair_bg_color": "",
        "flair_color": "",
        "flair_group_id": 294,
        "badges_granted": [],
        "version": 1,
        "can_edit": false,
        "can_delete": false,
        "can_recover": false,
        "can_see_hidden_post": false,
        "can_wiki": false,
        "read": false,
        "user_title": null,
        "bookmarked": false,
        "actions_summary": [
          {
            "id": 2,
            "count": 1,
            "can_act": true
          },
          {
            "id": 6,
            "can_act": true
          },
          {
            "id": 3,
            "can_act": true
          },
          {
            "id": 4,
            "can_act": true
          },
          {
            "id": 8,
            "can_act": true
          },
          {
            "id": 10,
            "can_act": true
          },
          {
            "id": 7,
            "can_act": true
          }
        ],
        "moderator": false,
        "admin": false,
        "staff": false,
        "user_id": 7193,
        "hidden": false,
        "trust_level": 1,
        "deleted_at": null,
        "user_deleted": false,
        "edit_reason": null,
        "can_view_edit_history": true,
        "wiki": false,
        "post_url": "/t/repeat-course/171798/2",
        "user_cakedate": "2021-09-12",
        "reactions": [
          {
            "id": "+1",
            "type": "emoji",
            "count": 1
          }
        ],
        "current_user_reaction": null,
        "reaction_users_count": 1,
        "current_user_used_main_reaction": false,
        "can_accept_answer": false,
        "can_unaccept_answer": false,
        "accepted_answer": false,
        "topic_accepted_answer": null
      },
      {
        "id": 615509,
        "name": "Carlton D'Silva",
        "username": "carlton",
        "avatar_template": "/user_avatar/discourse.onlinedegree.iitm.ac.in/carlton/{size}/56317_2.png",
        "created_at": "2025-04-05T09:14:57.220Z",
        "cooked": "<p>TDS is the worst subject to repeat in order to improve CGPA.</p>\n<p>Its better to take a high credit, easy course to improve CGPA. <strong>We never recommend taking TDS for grade improvement.</strong> If you have passed it, its better to move on.</p>",
        "post_number": 3,
        "post_type": 1,
        "posts_count": 6,
        "updated_at": "2025-04-05T09:14:57.220Z",
        "reply_count": 2,
        "reply_to_post_number": null,
        "quote_count": 0,
        "incoming_link_count": 0,
        "reads": 139,
        "readers_count": 138,
        "score": 127.8,
        "yours": false,
        "topic_id": 171798,
        "topic_slug": "repeat-course",
        "display_username": "Carlton D'Silva",
        "primary_group_name": "ds-students",
        "flair_name": "ds-students",
        "flair_url": null,
        "flair_bg_color": "",
        "flair_color": "",
        "flair_group_id": 294,
        "badges_granted": [],
        "version": 1,
        "can_edit": false,
        "can_delete": false,
        "can_recover": false,
        "can_see_hidden_post": false,
        "can_wiki": false,
        "read": false,
        "user_title": "Regular",
        "title_is_group": false,
        "bookmarked": false,
        "actions_summary": [
          {
            "id": 2,
            "count": 6,
            "can_act": true
          },
          {
            "id": 6,
            "can_act": true
          },
          {
            "id": 3,
            "can_act": true
          },
          {
            "id": 4,
            "can_act": true
          },
          {
            "id": 8,
            "can_act": true
          },
          {
            "id": 10,
            "can_act": true
          },
          {
            "id": 7,
            "can_act": true
          }
        ],
        "moderator": false,
        "admin": false,
        "staff": false,
        "group_moderator": true,
        "user_id": 16094,
        "hidden": false,
        "trust_level": 3,
        "deleted_at": null,
        "user_deleted": false,
        "edit_reason": null,
        "can_view_edit_history": true,
        "wiki": false,
        "post_url": "/t/repeat-course/171798/3",
        "user_cakedate": "2023-01-25",
        "reactions": [
          {
            "id": "heart",
            "type": "emoji",
            "count": 4
          },
          {
            "id": "open_mouth",
            "type": "emoji",
            "count": 2
          }
        ],
        "current_user_reaction": null,
        "reaction_users_count": 6,
        "current_user_used_main_reaction": false,
        "can_accept_answer": false,
        "can_unaccept_answer": false,
        "accepted_answer": false,
        "topic_accepted_answer": null
      },
      {
        "id": 619892,
        "name": "Md anas alam",
        "username": "22f3000639",
        "avatar_template": "/user_avatar/discourse.onlinedegree.iitm.ac.in/22f3000639/{size}/97349_2.png",
        "created_at": "2025-04-15T18:16:37.635Z",
        "cooked": "<p><a class=\"mention\" href=\"/u/carlton\">@carlton</a><br>\nSir, It is my humble request to kindly give atleast 2 bonus marks like any other subject, if i will get 2 marks as bonus my grade will stay good otherwise it will fall badly.</p>\n<p>Sir plzzz it is my request.</p>",
        "post_number": 4,
        "post_type": 1,
        "posts_count": 6,
        "updated_at": "2025-04-15T18:16:37.635Z",
        "reply_count": 1,
        "reply_to_post_number": 3,
        "quote_count": 0,
        "incoming_link_count": 4,
        "reads": 105,
        "readers_count": 104,
        "score": 46.0,
        "yours": false,
        "topic_id": 171798,
        "topic_slug": "repeat-course",
        "display_username": "Md anas alam",
        "primary_group_name": "ds-students",
        "flair_name": "ds-students",
        "flair_url": null,
        "flair_bg_color": "",
        "flair_color": "",
        "flair_group_id": 294,
        "badges_granted": [],
        "version": 1,
        "can_edit": false,
        "can_delete": false,
        "can_recover": false,
        "can_see_hidden_post": false,
        "can_wiki": false,
        "read": false,
        "user_title": "",
        "reply_to_user": {
          "id": 16094,
          "username": "carlton",
          "name": "Carlton D'Silva",
          "avatar_template": "/user_avatar/discourse.onlinedegree.iitm.ac.in/carlton/{size}/56317_2.png"
        },
        "bookmarked": false,
        "actions_summary": [
          {
            "id": 2,
            "can_act": true
          },
          {
            "id": 6,
            "can_act": true
          },
          {
            "id": 3,
            "can_act": true
          },
          {
            "id": 4,
            "can_act": true
          },
          {
            "id": 8,
            "can_act": true
          },
          {
            "id": 10,
            "can_act": true
          },
          {
            "id": 7,
            "can_act": true
          }
        ],
        "moderator": false,
        "admin": false,
        "staff": false,
        "user_id": 16464,
        "hidden": false,
        "trust_level": 1,
        "deleted_at": null,
        "user_deleted": false,
        "edit_reason": null,
        "can_view_edit_history": true,
        "wiki": false,
        "post_url": "/t/repeat-course/171798/4",
        "user_cakedate": "2023-01-27",
        "reactions": [],
        "current_user_reaction": null,
        "reaction_users_count": 0,
        "current_user_used_main_reaction": false,
        "can_accept_answer": false,
        "can_unaccept_answer": false,
        "accepted_answer": false,
        "topic_accepted_answer": null
      },
      {
        "id": 621126,
        "name": "Carlton D'Silva",
        "username": "carlton",
        "avatar_template": "/user_avatar/discourse.onlinedegree.iitm.ac.in/carlton/{size}/56317_2.png",
        "created_at": "2025-04-18T04:03:39.190Z",
        "cooked": "<p>Just as matter of interest, even on campus IITM MTech students take foundation Python course from BS Program to artificially improve their on campus CGPA (they take it as an elective).</p>\n<p>So if the CGPA is that big a deal, do an easy 4 credit course and get an S. Dont repeat hard subjects, thats just a waste of time.</p>",
        "post_number": 5,
        "post_type": 1,
        "posts_count": 6,
        "updated_at": "2025-04-18T04:04:03.355Z",
        "reply_count": 0,
        "reply_to_post_number": 3,
        "quote_count": 0,
        "incoming_link_count": 0,
        "reads": 93,
        "readers_count": 92,
        "score": 33.6,
        "yours": false,
        "topic_id": 171798,
        "topic_slug": "repeat-course",
        "display_username": "Carlton D'Silva",
        "primary_group_name": "ds-students",
        "flair_name": "ds-students",
        "flair_url": null,
        "flair_bg_color": "",
        "flair_color": "",
        "flair_group_id": 294,
        "badges_granted": [],
        "version": 1,
        "can_edit": false,
        "can_delete": false,
        "can_recover": false,
        "can_see_hidden_post": false,
        "can_wiki": false,
        "read": false,
        "user_title": "Regular",
        "title_is_group": false,
        "reply_to_user": {
          "id": 16094,
          "username": "carlton",
          "name": "Carlton D'Silva",
          "avatar_template": "/user_avatar/discourse.onlinedegree.iitm.ac.in/carlton/{size}/56317_2.png"
        },
        "bookmarked": false,
        "actions_summary": [
          {
            "id": 2,
            "count": 1,
            "can_act": true
          },
          {
            "id": 6,
            "can_act": true
          },
          {
            "id": 3,
            "can_act": true
          },
          {
            "id": 4,
            "can_act": true
          },
          {
            "id": 8,
            "can_act": true
          },
          {
            "id": 10,
            "can_act": true
          },
          {
            "id": 7,
            "can_act": true
          }
        ],
        "moderator": false,
        "admin": false,
        "staff": false,
        "group_moderator": true,
        "user_id": 16094,
        "hidden": false,
        "trust_level": 3,
        "deleted_at": null,
        "user_deleted": false,
        "edit_reason": null,
        "can_view_edit_history": true,
        "wiki": false,
        "post_url": "/t/repeat-course/171798/5",
        "user_cakedate": "2023-01-25",
        "reactions": [
          {
            "id": "open_mouth",
            "type": "emoji",
            "count": 1
          }
        ],
        "current_user_reaction": null,
        "reaction_users_count": 1,
        "current_user_used_main_reaction": false,
        "can_accept_answer": false,
        "can_unaccept_answer": false,
        "accepted_answer": false,
        "topic_accepted_answer": null
      },
      {
        "id": 621128,
        "name": "Carlton D'Silva",
        "username": "carlton",
        "avatar_template": "/user_avatar/discourse.onlinedegree.iitm.ac.in/carlton/{size}/56317_2.png",
        "created_at": "2025-04-18T04:05:12.216Z",
        "cooked": "<p>This is not up to us. We make adjustments within assignments and projects and we have done that already. For course level bonuses, that is the discretion of operations.</p>",
        "post_number": 6,
        "post_type": 1,
        "posts_count": 6,
        "updated_at": "2025-04-18T04:05:12.216Z",
        "reply_count": 0,
        "reply_to_post_number": 4,
        "quote_count": 0,
        "incoming_link_count": 0,
        "reads": 88,
        "readers_count": 87,
        "score": 32.6,
        "yours": false,
        "topic_id": 171798,
        "topic_slug": "repeat-course",
        "display_username": "Carlton D'Silva",
        "primary_group_name": "ds-students",
        "flair_name": "ds-students",
        "flair_url": null,
        "flair_bg_color": "",
        "flair_color": "",
        "flair_group_id": 294,
        "badges_granted": [],
        "version": 1,
        "can_edit": false,
        "can_delete": false,
        "can_recover": false,
        "can_see_hidden_post": false,
        "can_wiki": false,
        "read": false,
        "user_title": "Regular",
        "title_is_group": false,
        "reply_to_user": {
          "id": 16464,
          "username": "22f3000639",
          "name": "Md anas alam",
          "avatar_template": "/user_avatar/discourse.onlinedegree.iitm.ac.in/22f3000639/{size}/97349_2.png"
        },
        "bookmarked": false,
        "actions_summary": [
          {
            "id": 2,
            "count": 1,
            "can_act": true
          },
          {
            "id": 6,
            "can_act": true
          },
          {
            "id": 3,
            "can_act": true
          },
          {
            "id": 4,
            "can_act": true
          },
          {
            "id": 8,
            "can_act": true
          },
          {
            "id": 10,
            "can_act": true
          },
          {
            "id": 7,
            "can_act": true
          }
        ],
        "moderator": false,
        "admin": false,
        "staff": false,
        "group_moderator": true,
        "user_id": 16094,
        "hidden": false,
        "trust_level": 3,
        "deleted_at": null,
        "user_deleted": false,
        "edit_reason": null,
        "can_view_edit_history": true,
        "wiki": false,
        "post_url": "/t/repeat-course/171798/6",
        "user_cakedate": "2023-01-25",
        "reactions": [
          {
            "id": "+1",
            "type": "emoji",
            "count": 1
          }
        ],
        "current_user_reaction": null,
        "reaction_users_count": 1,
        "current_user_used_main_reaction": false,
        "can_accept_answer": false,
        "can_unaccept_answer": false,
        "accepted_answer": false,
        "topic_accepted_answer": null
      }
    ],
    "stream": [
      615457,
      615458,
      615509,
      619892,
      621126,
      621128
    ]
  },
  "timeline_lookup": [
    [
      1,
      226
    ],
    [
      4,
      215
    ],
    [
      5,
      213
    ]
  ],
  "suggested_topics": [
    {
      "fancy_title": "Submission Issue",
      "id": 191628,
      "title": "Submission Issue",
      "slug": "submission-issue",
      "posts_count": 1,
      "reply_count": 0,
      "highest_post_number": 1,
      "image_url": "https://europe1.discourse-cdn.com/flex013/uploads/iitm/optimized/3X/4/4/44dc3c61e92c828ce41f420245a133ac58e7488c_2_1024x576.png",
      "created_at": "2025-11-16T18:34:00.062Z",
      "last_posted_at": "2025-11-16T18:34:00.258Z",
      "bumped": true,
      "bumped_at": "2025-11-16T18:34:00.258Z",
      "archetype": "regular",
      "unseen": true,
      "pinned": false,
      "unpinned": null,
      "visible": true,
      "closed": false,
      "archived": false,
      "bookmarked": null,
      "liked": null,
      "tags": [
        "clarification",
        "operational",
        "term3-2025"
      ],
      "tags_descriptions": {},
      "like_count": 0,
      "views": 7,
      "category_id": 34,
      "featured_link": null,
      "has_accepted_answer": false,
      "posters": [
        {
          "extras": "latest single",
          "description": "Original Poster, Most Recent Poster",
          "user": {
            "id": 18836,
            "username": "23f2003033",
            "name": "Vedang Pawar",
            "avatar_template": "/user_avatar/discourse.onlinedegree.iitm.ac.in/23f2003033/{size}/67243_2.png",
            "primary_group_name": "ds-students",
            "flair_name": "ds-students",
            "flair_group_id": 294,
            "trust_level": 1
          }
        }
      ]
    }
  ],
  "tags": [
    "clarification",
    "miscellaneous",
    "diploma-level",
    "course-selection",
    "guidelines"
  ],
  "tags_descriptions": {},
  "fancy_title": "Repeat course",
  "id": 171798,
  "title": "Repeat course",
  "posts_count": 6,
  "created_at": "2025-04-05T06:12:14.503Z",
  "views": 245,
  "reply_count": 3,
  "like_count": 10,
  "last_posted_at": "2025-04-18T04:05:12.216Z",
  "visible": true,
  "closed": false,
  "archived": false,
  "has_summary": false,
  "archetype": "regular",
  "slug": "repeat-course",
  "category_id": 34,
  "word_count": 241,
  "deleted_at": null,
  "user_id": 22224,
  "featured_link": null,
  "pinned_globally": false,
  "pinned_at": null,
  "pinned_until": null,
  "image_url": null,
  "slow_mode_seconds": 0,
  "draft": null,
  "draft_key": "topic_171798",
  "draft_sequence": 0,
  "posted": false,
  "unpinned": null,
  "pinned": false,
  "current_post_number": 1,
  "highest_post_number": 6,
  "last_read_post_number": null,
  "last_read_post_id": null,
  "deleted_by": null,
  "actions_summary": [
    {
      "id": 4,
      "count": 0,
      "hidden": false,
      "can_act": true
    },
    {
      "id": 8,
      "count": 0,
      "hidden": false,
      "can_act": true
    },
    {
      "id": 10,
      "count": 0,
      "hidden": false,
      "can_act": true
    },
    {
      "id": 7,
      "count": 0,
      "hidden": false,
      "can_act": true
    }
  ],
  "chunk_size": 20,
  "bookmarked": false,
  "topic_timer": null,
  "message_bus_last_id": 0,
  "participant_count": 4,
  "show_read_indicator": false,
  "thumbnails": null,
  "slow_mode_enabled_until": null,
  "tags_disable_ads": false,
  "related_topics": [
    {
      "fancy_title": "Can a course be repeated to improve cgpa?",
      "id": 39167,
      "title": "Can a course be repeated to improve cgpa?",
      "slug": "can-a-course-be-repeated-to-improve-cgpa",
      "posts_count": 13,
      "reply_count": 3,
      "highest_post_number": 13,
      "image_url": null,
      "created_at": "2022-03-13T11:13:52.416Z",
      "last_posted_at": "2022-03-15T02:20:34.037Z",
      "bumped": true,
      "bumped_at": "2022-04-02T14:18:55.989Z",
      "archetype": "regular",
      "unseen": false,
      "pinned": false,
      "unpinned": null,
      "visible": true,
      "closed": false,
      "archived": false,
      "bookmarked": null,
      "liked": null,
      "tags": [
        "maths-2"
      ],
      "tags_descriptions": {},
      "like_count": 40,
      "views": 328,
      "category_id": 7,
      "featured_link": null,
      "has_accepted_answer": false,
      "posters": [
        {
          "extras": null,
          "description": "Original Poster",
          "user": {
            "id": 8604,
            "username": "Nikhil11",
            "name": "NIKHIL SHAMRA",
            "avatar_template": "/user_avatar/discourse.onlinedegree.iitm.ac.in/nikhil11/{size}/14068_2.png",
            "primary_group_name": "ds-students",
            "flair_name": "ds-students",
            "flair_group_id": 294,
            "trust_level": 1
          }
        },
        {
          "extras": null,
          "description": "Frequent Poster",
          "user": {
            "id": 8073,
            "username": "21f3003074",
            "name": "Yasharth Vaibhav",
            "avatar_template": "/user_avatar/discourse.onlinedegree.iitm.ac.in/21f3003074/{size}/17082_2.png",
            "primary_group_name": "ds-students",
            "flair_name": "ds-students",
            "flair_group_id": 294,
            "trust_level": 1
          }
        },
        {
          "extras": null,
          "description": "Frequent Poster",
          "user": {
            "id": 4048,
            "username": "Navdeep",
            "name": "Navdeep",
            "avatar_template": "/user_avatar/discourse.onlinedegree.iitm.ac.in/navdeep/{size}/14176_2.png",
            "primary_group_name": "ds-students",
            "flair_name": "ds-students",
            "flair_group_id": 294,
            "trust_level": 1
          }
        },
        {
          "extras": null,
          "description": "Frequent Poster",
          "user": {
            "id": 7351,
            "username": "21f1005949",
            "name": "Mohammad Faisal Khan",
            "avatar_template": "https://avatars.discourse-cdn.com/v4/letter/2/9dc877/{size}.png",
            "primary_group_name": "ds-students",
            "flair_name": "ds-students",
            "flair_group_id": 294,
            "trust_level": 1
          }
        },
        {
          "extras": "latest",
          "description": "Most Recent Poster",
          "user": {
            "id": 943,
            "username": "yatharthpatel912",
            "name": "Yatharth Patel",
            "avatar_template": "/user_avatar/discourse.onlinedegree.iitm.ac.in/yatharthpatel912/{size}/472_2.png",
            "primary_group_name": "ds-students",
            "flair_name": "ds-students",
            "flair_group_id": 294,
            "trust_level": 1
          }
        }
      ]
    },
    {
      "fancy_title": "Repeating a course for Grade Improvement",
      "id": 85420,
      "title": "Repeating a course for Grade Improvement",
      "slug": "repeating-a-course-for-grade-improvement",
      "posts_count": 2,
      "reply_count": 0,
      "highest_post_number": 2,
      "image_url": null,
      "created_at": "2023-04-29T19:58:50.102Z",
      "last_posted_at": "2023-04-29T21:58:13.475Z",
      "bumped": true,
      "bumped_at": "2023-04-29T21:58:13.475Z",
      "archetype": "regular",
      "unseen": false,
      "pinned": false,
      "unpinned": null,
      "visible": true,
      "closed": false,
      "archived": false,
      "bookmarked": null,
      "liked": null,
      "tags": [
        "operational"
      ],
      "tags_descriptions": {},
      "like_count": 0,
      "views": 142,
      "category_id": 7,
      "featured_link": null,
      "has_accepted_answer": false,
      "posters": [
        {
          "extras": null,
          "description": "Original Poster",
          "user": {
            "id": 4346,
            "username": "Akshita08",
            "name": "Akshita Mittal",
            "avatar_template": "/user_avatar/discourse.onlinedegree.iitm.ac.in/akshita08/{size}/328_2.png",
            "primary_group_name": "ds-students",
            "flair_name": "ds-students",
            "flair_group_id": 294,
            "trust_level": 1
          }
        },
        {
          "extras": "latest",
          "description": "Most Recent Poster",
          "user": {
            "id": 16108,
            "username": "ym496",
            "name": "Yogendra Mishra",
            "avatar_template": "/user_avatar/discourse.onlinedegree.iitm.ac.in/ym496/{size}/129338_2.png",
            "primary_group_name": "ds-students",
            "flair_name": "ds-students",
            "flair_group_id": 294,
            "trust_level": 1
          }
        }
      ]
    },
    {
      "fancy_title": "Repeat Course for improvement in grade",
      "id": 74102,
      "title": "Repeat Course for improvement in grade",
      "slug": "repeat-course-for-improvement-in-grade",
      "posts_count": 12,
      "reply_count": 2,
      "highest_post_number": 12,
      "image_url": null,
      "created_at": "2022-12-22T16:51:20.811Z",
      "last_posted_at": "2022-12-23T10:24:57.311Z",
      "bumped": true,
      "bumped_at": "2022-12-23T10:24:57.311Z",
      "archetype": "regular",
      "unseen": false,
      "pinned": false,
      "unpinned": null,
      "visible": true,
      "closed": false,
      "archived": false,
      "bookmarked": null,
      "liked": null,
      "tags": [
        "operational"
      ],
      "tags_descriptions": {},
      "like_count": 7,
      "views": 212,
      "category_id": 7,
      "featured_link": null,
      "has_accepted_answer": false,
      "posters": [
        {
          "extras": null,
          "description": "Original Poster",
          "user": {
            "id": 5578,
            "username": "Harisankar",
            "name": "Harisankar Kartha",
            "avatar_template": "/user_avatar/discourse.onlinedegree.iitm.ac.in/harisankar/{size}/792_2.png",
            "primary_group_name": "ds-students",
            "flair_name": "ds-students",
            "flair_group_id": 294,
            "trust_level": 1
          }
        },
        {
          "extras": null,
          "description": "Frequent Poster",
          "user": {
            "id": 8039,
            "username": "NERO",
            "name": "Tanishq Singh",
            "avatar_template": "/user_avatar/discourse.onlinedegree.iitm.ac.in/nero/{size}/693_2.png",
            "primary_group_name": "ds-students",
            "flair_name": "ds-students",
            "flair_group_id": 294,
            "trust_level": 1
          }
        },
        {
          "extras": null,
          "description": "Frequent Poster",
          "user": {
            "id": 3071,
            "username": "AllanPais",
            "name": "Allan Pais",
            "avatar_template": "/user_avatar/discourse.onlinedegree.iitm.ac.in/allanpais/{size}/14261_2.png",
            "primary_group_name": "ds-students",
            "flair_name": "ds-students",
            "flair_group_id": 294,
            "trust_level": 1
          }
        },
        {
          "extras": null,
          "description": "Frequent Poster",
          "user": {
            "id": 13353,
            "username": "vikas",
            "name": "vikas srivastava",
            "avatar_template": "/user_avatar/discourse.onlinedegree.iitm.ac.in/vikas/{size}/47910_2.png",
            "primary_group_name": "ds-students",
            "flair_name": "ds-students",
            "flair_group_id": 294,
            "trust_level": 1
          }
        },
        {
          "extras": "latest",
          "description": "Most Recent Poster",
          "user": {
            "id": 1308,
            "username": "anuragsingh",
            "name": "Anurag singh",
            "avatar_template": "/user_avatar/discourse.onlinedegree.iitm.ac.in/anuragsingh/{size}/295_2.png",
            "primary_group_name": "ds-students",
            "flair_name": "ds-students",
            "flair_group_id": 294,
            "trust_level": 1
          }
        }
      ]
    },
    {
      "fancy_title": "Repeat course",
      "id": 44460,
      "title": "Repeat course",
      "slug": "repeat-course",
      "posts_count": 9,
      "reply_count": 7,
      "highest_post_number": 9,
      "image_url": null,
      "created_at": "2022-04-11T03:44:01.786Z",
      "last_posted_at": "2022-04-13T02:31:56.033Z",
      "bumped": true,
      "bumped_at": "2022-04-13T02:31:56.033Z",
      "archetype": "regular",
      "unseen": false,
      "pinned": false,
      "unpinned": null,
      "visible": true,
      "closed": false,
      "archived": false,
      "bookmarked": null,
      "liked": null,
      "tags": [],
      "tags_descriptions": {},
      "like_count": 2,
      "views": 290,
      "category_id": 1,
      "featured_link": null,
      "has_accepted_answer": false,
      "posters": [
        {
          "extras": null,
          "description": "Original Poster",
          "user": {
            "id": 8274,
            "username": "21f3002278",
            "name": "ALLANKI SAKETH KUMAR",
            "avatar_template": "/user_avatar/discourse.onlinedegree.iitm.ac.in/21f3002278/{size}/12613_2.png",
            "primary_group_name": "ds-students",
            "flair_name": "ds-students",
            "flair_group_id": 294,
            "trust_level": 1
          }
        },
        {
          "extras": null,
          "description": "Frequent Poster",
          "user": {
            "id": 513,
            "username": "Yash_k",
            "name": "Yash Gambhir",
            "avatar_template": "/user_avatar/discourse.onlinedegree.iitm.ac.in/yash_k/{size}/1052_2.png",
            "primary_group_name": "ds-students",
            "flair_name": "ds-students",
            "flair_group_id": 294,
            "trust_level": 1
          }
        },
        {
          "extras": null,
          "description": "Frequent Poster",
          "user": {
            "id": 4221,
            "username": "diwakar999",
            "name": "Diwakar Verma",
            "avatar_template": "/user_avatar/discourse.onlinedegree.iitm.ac.in/diwakar999/{size}/30250_2.png",
            "primary_group_name": "ds-students",
            "flair_name": "ds-students",
            "flair_group_id": 294,
            "trust_level": 1
          }
        },
        {
          "extras": null,
          "description": "Frequent Poster",
          "user": {
            "id": 6907,
            "username": "21f2001301",
            "name": "Shilpa Nayak",
            "avatar_template": "/user_avatar/discourse.onlinedegree.iitm.ac.in/21f2001301/{size}/189_2.png",
            "primary_group_name": "ds-students",
            "flair_name": "ds-students",
            "flair_group_id": 294,
            "trust_level": 1
          }
        },
        {
          "extras": "latest",
          "description": "Most Recent Poster",
          "user": {
            "id": 6983,
            "username": "Pritam_Shaw",
            "name": "Pritam Shaw",
            "avatar_template": "/user_avatar/discourse.onlinedegree.iitm.ac.in/pritam_shaw/{size}/266_2.png",
            "primary_group_name": "ds-students",
            "flair_name": "ds-students",
            "flair_group_id": 294,
            "trust_level": 1
          }
        }
      ]
    },
    {
      "fancy_title": "If failed in end term",
      "id": 41170,
      "title": "If failed in end term",
      "slug": "if-failed-in-end-term",
      "posts_count": 25,
      "reply_count": 12,
      "highest_post_number": 25,
      "image_url": null,
      "created_at": "2022-03-22T17:45:44.864Z",
      "last_posted_at": "2022-03-27T07:36:19.786Z",
      "bumped": true,
      "bumped_at": "2022-03-27T07:36:19.786Z",
      "archetype": "regular",
      "unseen": false,
      "pinned": false,
      "unpinned": null,
      "visible": true,
      "closed": false,
      "archived": false,
      "bookmarked": null,
      "liked": null,
      "tags": [
        "clarification",
        "stats-2"
      ],
      "tags_descriptions": {},
      "like_count": 8,
      "views": 408,
      "category_id": 24,
      "featured_link": null,
      "has_accepted_answer": true,
      "posters": [
        {
          "extras": null,
          "description": "Original Poster",
          "user": {
            "id": 1483,
            "username": "Jdangi",
            "name": "Jagdish Dangi",
            "avatar_template": "/user_avatar/discourse.onlinedegree.iitm.ac.in/jdangi/{size}/4810_2.png",
            "primary_group_name": "ds-students",
            "flair_name": "ds-students",
            "flair_group_id": 294,
            "trust_level": 1
          }
        },
        {
          "extras": null,
          "description": "Accepted Answer",
          "user": {
            "id": 6398,
            "username": "21f2001270",
            "name": "N. Tamil Selvan",
            "avatar_template": "/user_avatar/discourse.onlinedegree.iitm.ac.in/21f2001270/{size}/55696_2.png",
            "primary_group_name": "ds-students",
            "flair_name": "ds-students",
            "flair_group_id": 294,
            "trust_level": 1
          }
        },
        {
          "extras": null,
          "description": "Frequent Poster",
          "user": {
            "id": 468,
            "username": "ajeet",
            "name": "Ajeet kumar",
            "avatar_template": "/user_avatar/discourse.onlinedegree.iitm.ac.in/ajeet/{size}/14725_2.png",
            "primary_group_name": "ds-students",
            "flair_name": "ds-students",
            "flair_group_id": 294,
            "trust_level": 1
          }
        },
        {
          "extras": null,
          "description": "Frequent Poster",
          "user": {
            "id": 7849,
            "username": "21f2001510",
            "name": "Vanshika",
            "avatar_template": "/user_avatar/discourse.onlinedegree.iitm.ac.in/21f2001510/{size}/14680_2.png",
            "primary_group_name": "ds-students",
            "flair_name": "ds-students",
            "flair_group_id": 294,
            "trust_level": 1
          }
        },
        {
          "extras": "latest",
          "description": "Most Recent Poster",
          "user": {
            "id": 3145,
            "username": "Pratik09",
            "name": "Pratik Gupta",
            "avatar_template": "/user_avatar/discourse.onlinedegree.iitm.ac.in/pratik09/{size}/1197_2.png",
            "primary_group_name": "ds-students",
            "flair_name": "ds-students",
            "flair_group_id": 294,
            "trust_level": 1
          }
        }
      ]
    }
  ],
  "summarizable": true,
  "valid_reactions": [
    "heart",
    "+1",
    "laughing",
    "open_mouth",
    "clap",
    "confetti_ball",
    "rocket",
    "-1"
  ],
  "can_vote": false,
  "vote_count": 0,
  "user_voted": false,
  "discourse_zendesk_plugin_zendesk_id": null,
  "discourse_zendesk_plugin_zendesk_url": "https://your-url.zendesk.com/agent/tickets/",
  "details": {
    "can_edit": false,
    "notification_level": 1,
    "notifications_reason_id": null,
    "can_create_post": true,
    "can_reply_as_new_topic": true,
    "can_flag_topic": true,
    "participants": [
      {
        "id": 16094,
        "username": "carlton",
        "name": "Carlton D'Silva",
        "avatar_template": "/user_avatar/discourse.onlinedegree.iitm.ac.in/carlton/{size}/56317_2.png",
        "post_count": 3,
        "primary_group_name": "ds-students",
        "flair_name": "ds-students",
        "flair_url": null,
        "flair_color": "",
        "flair_bg_color": "",
        "flair_group_id": 294,
        "trust_level": 3
      },
      {
        "id": 7193,
        "username": "lakshaygarg654",
        "name": "LAKSHAY",
        "avatar_template": "/user_avatar/discourse.onlinedegree.iitm.ac.in/lakshaygarg654/{size}/129814_2.png",
        "post_count": 1,
        "primary_group_name": "ds-students",
        "flair_name": "ds-students",
        "flair_url": null,
        "flair_color": "",
        "flair_bg_color": "",
        "flair_group_id": 294,
        "trust_level": 1
      },
      {
        "id": 16464,
        "username": "22f3000639",
        "name": "Md anas alam",
        "avatar_template": "/user_avatar/discourse.onlinedegree.iitm.ac.in/22f3000639/{size}/97349_2.png",
        "post_count": 1,
        "primary_group_name": "ds-students",
        "flair_name": "ds-students",
        "flair_url": null,
        "flair_color": "",
        "flair_bg_color": "",
        "flair_group_id": 294,
        "trust_level": 1
      },
      {
        "id": 22224,
        "username": "Sagan",
        "name": "Sagandeep Kaur",
        "avatar_template": "/user_avatar/discourse.onlinedegree.iitm.ac.in/sagan/{size}/146753_2.png",
        "post_count": 1,
        "primary_group_name": "ds-students",
        "flair_name": "ds-students",
        "flair_url": null,
        "flair_color": "",
        "flair_bg_color": "",
        "flair_group_id": 294,
        "trust_level": 1
      }
    ],
    "created_by": {
      "id": 22224,
      "username": "Sagan",
      "name": "Sagandeep Kaur",
      "avatar_template": "/user_avatar/discourse.onlinedegree.iitm.ac.in/sagan/{size}/146753_2.png"
    },
    "last_poster": {
      "id": 16094,
      "username": "carlton",
      "name": "Carlton D'Silva",
      "avatar_template": "/user_avatar/discourse.onlinedegree.iitm.ac.in/carlton/{size}/56317_2.png"
    }
  },
  "pending_posts": [],
  "bookmarks": []
}