{
  "post_stream": {
    "posts": [
      {
        "id": 614265,
        "name": "Aashutosh",
        "username": "22f2000644",
        "avatar_template": "/user_avatar/discourse.onlinedegree.iitm.ac.in/22f2000644/{size}/119958_2.png",
        "created_at": "2025-04-01T13:11:54.500Z",
        "cooked": "<p><a class=\"mention\" href=\"/u/carlton\">@carlton</a> Sir, I want to clarify something about the peer grading process. Some of the files of the student assigned to me are not accessble and others are missing. How am I to grade each thing? From what I understand analysis must be graded based on the shared files but if im not able to access them what should I do? I think requesting view access might violate the spirit of the grading exercise.</p>\n<p>Please help me out on what to do. Thanks.</p>\n<p><div class=\"lightbox-wrapper\"><a class=\"lightbox\" href=\"https://europe1.discourse-cdn.com/flex013/uploads/iitm/original/3X/8/f/8fdfb4efc5210f5bc95e4ad37f87e11e7e9a0d6d.png\" data-download-href=\"/uploads/short-url/kwLzcNZcZxPnMbA5nbTFwHehgId.png?dl=1\" title=\"image\" rel=\"noopener nofollow ugc\"><img src=\"https://europe1.discourse-cdn.com/flex013/uploads/iitm/optimized/3X/8/f/8fdfb4efc5210f5bc95e4ad37f87e11e7e9a0d6d_2_690x454.png\" alt=\"image\" data-base62-sha1=\"kwLzcNZcZxPnMbA5nbTFwHehgId\" width=\"690\" height=\"454\" srcset=\"https://europe1.discourse-cdn.com/flex013/uploads/iitm/optimized/3X/8/f/8fdfb4efc5210f5bc95e4ad37f87e11e7e9a0d6d_2_690x454.png, https://europe1.discourse-cdn.com/flex013/uploads/iitm/optimized/3X/8/f/8fdfb4efc5210f5bc95e4ad37f87e11e7e9a0d6d_2_1035x681.png 1.5x, https://europe1.discourse-cdn.com/flex013/uploads/iitm/optimized/3X/8/f/8fdfb4efc5210f5bc95e4ad37f87e11e7e9a0d6d_2_1380x908.png 2x\" data-dominant-color=\"F5F7F7\"><div class=\"meta\"><svg class=\"fa d-icon d-icon-far-image svg-icon\" aria-hidden=\"true\"><use href=\"#far-image\"></use></svg><span class=\"filename\">image</span><span class=\"informations\">1756×1156 149 KB</span><svg class=\"fa d-icon d-icon-discourse-expand svg-icon\" aria-hidden=\"true\"><use href=\"#discourse-expand\"></use></svg></div></a></div></p>\n<p>Upon checking further, in the assignment we were asked only to share access with se2002@study.iitm.ac.in . So I think all of us might have this issue. what do we do?</p>\n<p><div class=\"lightbox-wrapper\"><a class=\"lightbox\" href=\"https://europe1.discourse-cdn.com/flex013/uploads/iitm/original/3X/e/9/e92fa66a961cb1598b0688b555bf957e1e054f4e.png\" data-download-href=\"/uploads/short-url/xgRl6wcmCvebUPvkdlO9tmHvCFg.png?dl=1\" title=\"image\" rel=\"noopener nofollow ugc\"><img src=\"https://europe1.discourse-cdn.com/flex013/uploads/iitm/optimized/3X/e/9/e92fa66a961cb1598b0688b555bf957e1e054f4e_2_690x106.png\" alt=\"image\" data-base62-sha1=\"xgRl6wcmCvebUPvkdlO9tmHvCFg\" width=\"690\" height=\"106\" srcset=\"https://europe1.discourse-cdn.com/flex013/uploads/iitm/optimized/3X/e/9/e92fa66a961cb1598b0688b555bf957e1e054f4e_2_690x106.png, https://europe1.discourse-cdn.com/flex013/uploads/iitm/optimized/3X/e/9/e92fa66a961cb1598b0688b555bf957e1e054f4e_2_1035x159.png 1.5x, https://europe1.discourse-cdn.com/flex013/uploads/iitm/original/3X/e/9/e92fa66a961cb1598b0688b555bf957e1e054f4e.png 2x\" data-dominant-color=\"ECEDEE\"><div class=\"meta\"><svg class=\"fa d-icon d-icon-far-image svg-icon\" aria-hidden=\"true\"><use href=\"#far-image\"></use></svg><span class=\"filename\">image</span><span class=\"informations\">1260×194 29.4 KB</span><svg class=\"fa d-icon d-icon-discourse-expand svg-icon\" aria-hidden=\"true\"><use href=\"#discourse-expand\"></use></svg></div></a></div></p>",
        "post_number": 1,
        "post_type": 1,
        "posts_count": 1,
        "updated_at": "2025-04-01T13:15:28.248Z",
        "reply_count": 0,
        "reply_to_post_number": null,
        "quote_count": 0,
        "incoming_link_count": 1,
        "reads": 47,
        "readers_count": 46,
        "score": 14.4,
        "yours": false,
        "topic_id": 171515,
        "topic_slug": "ga7-peer-grading-clarification",
        "display_username": "Aashutosh",
        "primary_group_name": "ds-students",
        "flair_name": "ds-students",
        "flair_url": null,
        "flair_bg_color": "",
        "flair_color": "",
        "flair_group_id": 294,
        "badges_granted": [],
        "version": 2,
        "can_edit": false,
        "can_delete": false,
        "can_recover": false,
        "can_see_hidden_post": false,
        "can_wiki": false,
        "read": false,
        "user_title": null,
        "bookmarked": false,
        "actions_summary": [
          {
            "id": 2,
            "can_act": true
          },
          {
            "id": 6,
            "can_act": true
          },
          {
            "id": 3,
            "can_act": true
          },
          {
            "id": 4,
            "can_act": true
          },
          {
            "id": 8,
            "can_act": true
          },
          {
            "id": 10,
            "can_act": true
          },
          {
            "id": 7,
            "can_act": true
          }
        ],
        "moderator": false,
        "admin": false,
        "staff": false,
        "user_id": 14423,
        "hidden": false,
        "trust_level": 1,
        "deleted_at": null,
        "user_deleted": false,
        "edit_reason": null,
        "can_view_edit_history": true,
        "wiki": false,
        "post_url": "/t/ga7-peer-grading-clarification/171515/1",
        "user_cakedate": "2022-09-05",
        "reactions": [],
        "current_user_reaction": null,
        "reaction_users_count": 0,
        "current_user_used_main_reaction": false,
        "can_accept_answer": false,
        "can_unaccept_answer": false,
        "accepted_answer": false,
        "topic_accepted_answer": null,
        "can_vote": false
      }
    ],
    "stream": [
      614265
    ]
  },
  "timeline_lookup": [
    [
      1,
      230
    ]
  ],
  "suggested_topics": [
    {
      "fancy_title": "Submission Issue",
      "id": 191628,
      "title": "Submission Issue",
      "slug": "submission-issue",
      "posts_count": 1,
      "reply_count": 0,
      "highest_post_number": 1,
      "image_url": "https://europe1.discourse-cdn.com/flex013/uploads/iitm/optimized/3X/4/4/44dc3c61e92c828ce41f420245a133ac58e7488c_2_1024x576.png",
      "created_at": "2025-11-16T18:34:00.062Z",
      "last_posted_at": "2025-11-16T18:34:00.258Z",
      "bumped": true,
      "bumped_at": "2025-11-16T18:34:00.258Z",
      "archetype": "regular",
      "unseen": true,
      "pinned": false,
      "unpinned": null,
      "visible": true,
      "closed": false,
      "archived": false,
      "bookmarked": null,
      "liked": null,
      "tags": [
        "clarification",
        "operational",
        "term3-2025"
      ],
      "tags_descriptions": {},
      "like_count": 0,
      "views": 7,
      "category_id": 34,
      "featured_link": null,
      "has_accepted_answer": false,
      "posters": [
        {
          "extras": "latest single",
          "description": "Original Poster, Most Recent Poster",
          "user": {
            "id": 18836,
            "username": "23f2003033",
            "name": "Vedang Pawar",
            "avatar_template": "/user_avatar/discourse.onlinedegree.iitm.ac.in/23f2003033/{size}/67243_2.png",
            "primary_group_name": "ds-students",
            "flair_name": "ds-students",
            "flair_group_id": 294,
            "trust_level": 1
          }
        }
      ]
    }
  ],
  "tags": [
    "clarification"
  ],
  "tags_descriptions": {},
  "fancy_title": "GA7: Peer Grading Clarification",
  "id": 171515,
  "title": "GA7: Peer Grading Clarification",
  "posts_count": 1,
  "created_at": "2025-04-01T13:11:54.250Z",
  "views": 54,
  "reply_count": 0,
  "like_count": 0,
  "last_posted_at": "2025-04-01T13:11:54.500Z",
  "visible": true,
  "closed": false,
  "archived": false,
  "has_summary": false,
  "archetype": "regular",
  "slug": "ga7-peer-grading-clarification",
  "category_id": 34,
  "word_count": 126,
  "deleted_at": null,
  "user_id": 14423,
  "featured_link": null,
  "pinned_globally": false,
  "pinned_at": null,
  "pinned_until": null,
  "image_url": "https://europe1.discourse-cdn.com/flex013/uploads/iitm/optimized/3X/8/f/8fdfb4efc5210f5bc95e4ad37f87e11e7e9a0d6d_2_1024x674.png",
  "slow_mode_seconds": 0,
  "draft": null,
  "draft_key": "topic_171515",
  "draft_sequence": 0,
  "posted": false,
  "unpinned": null,
  "pinned": false,
  "current_post_number": 1,
  "highest_post_number": 1,
  "last_read_post_number": null,
  "last_read_post_id": null,
  "deleted_by": null,
  "actions_summary": [
    {
      "id": 4,
      "count": 0,
      "hidden": false,
      "can_act": true
    },
    {
      "id": 8,
      "count": 0,
      "hidden": false,
      "can_act": true
    },
    {
      "id": 10,
      "count": 0,
      "hidden": false,
      "can_act": true
    },
    {
      "id": 7,
      "count": 0,
      "hidden": false,
      "can_act": true
    }
  ],
  "chunk_size": 20,
  "bookmarked": false,
  "topic_timer": null,
  "message_bus_last_id": 0,
  "participant_count": 1,
  "show_read_indicator": false,
  "thumbnails": [
    {
      "max_width": null,
      "max_height": null,
      "width": 1756,
      "height": 1156,
      "url": "https://europe1.discourse-cdn.com/flex013/uploads/iitm/original/3X/8/f/8fdfb4efc5210f5bc95e4ad37f87e11e7e9a0d6d.png"
    },
    {
      "max_width": 1024,
      "max_height": 1024,
      "width": 1024,
      "height": 674,
      "url": "https://europe1.discourse-cdn.com/flex013/uploads/iitm/optimized/3X/8/f/8fdfb4efc5210f5bc95e4ad37f87e11e7e9a0d6d_2_1024x674.png"
    }
  ],
  "slow_mode_enabled_until": null,
  "tags_disable_ads": false,
  "related_topics": [
    {
      "fancy_title": "Peer review marked wrongly",
      "id": 51280,
      "title": "Peer review marked wrongly",
      "slug": "peer-review-marked-wrongly",
      "posts_count": 6,
      "reply_count": 2,
      "highest_post_number": 6,
      "image_url": null,
      "created_at": "2022-05-31T17:03:10.874Z",
      "last_posted_at": "2022-07-07T17:08:10.916Z",
      "bumped": true,
      "bumped_at": "2022-07-07T17:08:10.916Z",
      "archetype": "regular",
      "unseen": false,
      "pinned": false,
      "unpinned": null,
      "visible": true,
      "closed": false,
      "archived": false,
      "bookmarked": null,
      "liked": null,
      "tags": [
        "clarification",
        "activity-question"
      ],
      "tags_descriptions": {},
      "like_count": 5,
      "views": 112,
      "category_id": 24,
      "featured_link": null,
      "has_accepted_answer": false,
      "posters": [
        {
          "extras": "latest",
          "description": "Original Poster, Most Recent Poster",
          "user": {
            "id": 3958,
            "username": "DeepthiLuke",
            "name": "Deepthi Luke",
            "avatar_template": "/user_avatar/discourse.onlinedegree.iitm.ac.in/deepthiluke/{size}/13721_2.png",
            "primary_group_name": "ds-students",
            "flair_name": "ds-students",
            "flair_group_id": 294,
            "trust_level": 1
          }
        },
        {
          "extras": null,
          "description": "Frequent Poster",
          "user": {
            "id": 11563,
            "username": "21f3001584",
            "name": "Deep Kevin Luthra",
            "avatar_template": "/user_avatar/discourse.onlinedegree.iitm.ac.in/21f3001584/{size}/14198_2.png",
            "primary_group_name": "ds-students",
            "flair_name": "ds-students",
            "flair_group_id": 294,
            "trust_level": 1
          }
        },
        {
          "extras": null,
          "description": "Frequent Poster",
          "user": {
            "id": 8967,
            "username": "21f3001501",
            "name": "Shabnam Sharma",
            "avatar_template": "/user_avatar/discourse.onlinedegree.iitm.ac.in/21f3001501/{size}/13822_2.png",
            "primary_group_name": "ds-students",
            "flair_name": "ds-students",
            "flair_group_id": 294,
            "trust_level": 1
          }
        },
        {
          "extras": null,
          "description": "Frequent Poster",
          "user": {
            "id": 8301,
            "username": "21f3002806",
            "name": "Arshi Khan",
            "avatar_template": "/user_avatar/discourse.onlinedegree.iitm.ac.in/21f3002806/{size}/47611_2.png",
            "primary_group_name": "ds-students",
            "flair_name": "ds-students",
            "flair_group_id": 294,
            "trust_level": 1
          }
        },
        {
          "extras": null,
          "description": "Frequent Poster",
          "user": {
            "id": 7076,
            "username": "21f3000188",
            "name": "Joshua Vedanayagam",
            "avatar_template": "/user_avatar/discourse.onlinedegree.iitm.ac.in/21f3000188/{size}/12786_2.png",
            "primary_group_name": "ds-students",
            "flair_name": "ds-students",
            "flair_group_id": 294,
            "trust_level": 1
          }
        }
      ]
    },
    {
      "fancy_title": "Can we contact peer to enable sharing?",
      "id": 29461,
      "title": "Can we contact peer to enable sharing?",
      "slug": "can-we-contact-peer-to-enable-sharing",
      "posts_count": 7,
      "reply_count": 2,
      "highest_post_number": 7,
      "image_url": null,
      "created_at": "2022-01-20T22:53:29.920Z",
      "last_posted_at": "2022-01-21T19:11:34.385Z",
      "bumped": true,
      "bumped_at": "2022-01-21T19:11:34.385Z",
      "archetype": "regular",
      "unseen": false,
      "pinned": false,
      "unpinned": null,
      "visible": true,
      "closed": false,
      "archived": false,
      "bookmarked": null,
      "liked": null,
      "tags": [
        "activity-question"
      ],
      "tags_descriptions": {},
      "like_count": 2,
      "views": 77,
      "category_id": 24,
      "featured_link": null,
      "has_accepted_answer": false,
      "posters": [
        {
          "extras": null,
          "description": "Original Poster",
          "user": {
            "id": 7963,
            "username": "Laxminandan",
            "name": "Laxminandan Handique",
            "avatar_template": "https://avatars.discourse-cdn.com/v4/letter/l/85f322/{size}.png",
            "primary_group_name": "ds-students",
            "flair_name": "ds-students",
            "flair_group_id": 294,
            "trust_level": 1
          }
        },
        {
          "extras": null,
          "description": "Frequent Poster",
          "user": {
            "id": 14,
            "username": "mayurg",
            "name": "Mayur",
            "avatar_template": "/user_avatar/discourse.onlinedegree.iitm.ac.in/mayurg/{size}/15_2.png",
            "primary_group_name": "course_support",
            "flair_name": "course_support",
            "flair_url": "scale-balanced",
            "flair_bg_color": "0040ff",
            "flair_color": "1affc6",
            "flair_group_id": 41,
            "trust_level": 4
          }
        },
        {
          "extras": null,
          "description": "Frequent Poster",
          "user": {
            "id": 8363,
            "username": "GoogolDKhan",
            "name": "Sarfaraz",
            "avatar_template": "/user_avatar/discourse.onlinedegree.iitm.ac.in/googoldkhan/{size}/35571_2.png",
            "primary_group_name": "ds-students",
            "flair_name": "ds-students",
            "flair_group_id": 294,
            "trust_level": 1
          }
        },
        {
          "extras": null,
          "description": "Frequent Poster",
          "user": {
            "id": 1887,
            "username": "Sourish",
            "name": "Sourish Sur",
            "avatar_template": "/user_avatar/discourse.onlinedegree.iitm.ac.in/sourish/{size}/7799_2.png",
            "primary_group_name": "ds-students",
            "flair_name": "ds-students",
            "flair_group_id": 294,
            "trust_level": 1
          }
        },
        {
          "extras": "latest",
          "description": "Most Recent Poster",
          "user": {
            "id": 7828,
            "username": "21f1005152",
            "name": "Advait Vats",
            "avatar_template": "/user_avatar/discourse.onlinedegree.iitm.ac.in/21f1005152/{size}/30601_2.png",
            "primary_group_name": "ds-students",
            "flair_name": "ds-students",
            "flair_group_id": 294,
            "trust_level": 1
          }
        }
      ]
    },
    {
      "fancy_title": "Week 0: Activity 3 Wrong Grading",
      "id": 107250,
      "title": "Week 0: Activity 3 Wrong Grading",
      "slug": "week-0-activity-3-wrong-grading",
      "posts_count": 4,
      "reply_count": 2,
      "highest_post_number": 4,
      "image_url": "https://europe1.discourse-cdn.com/flex013/uploads/iitm/optimized/3X/8/1/81050ee78558fded7475f3a6c933783fa78e4ec5_2_460x1024.jpeg",
      "created_at": "2023-10-21T17:25:00.615Z",
      "last_posted_at": "2023-10-22T15:28:32.882Z",
      "bumped": true,
      "bumped_at": "2023-10-22T15:28:32.882Z",
      "archetype": "regular",
      "unseen": false,
      "pinned": false,
      "unpinned": null,
      "visible": true,
      "closed": false,
      "archived": false,
      "bookmarked": null,
      "liked": null,
      "tags": [
        "clarification",
        "guidelines"
      ],
      "tags_descriptions": {},
      "like_count": 0,
      "views": 45,
      "category_id": 24,
      "featured_link": null,
      "has_accepted_answer": false,
      "posters": [
        {
          "extras": null,
          "description": "Original Poster",
          "user": {
            "id": 19680,
            "username": "23f2002722",
            "name": "Shivang Kumar Singh",
            "avatar_template": "/user_avatar/discourse.onlinedegree.iitm.ac.in/23f2002722/{size}/66833_2.png",
            "primary_group_name": "ds-students",
            "flair_name": "ds-students",
            "flair_group_id": 294,
            "trust_level": 1
          }
        },
        {
          "extras": null,
          "description": "Frequent Poster",
          "user": {
            "id": 6131,
            "username": "Prashant2",
            "name": "Prashant Sharma",
            "avatar_template": "/user_avatar/discourse.onlinedegree.iitm.ac.in/prashant2/{size}/1329_2.png",
            "primary_group_name": "course_support",
            "flair_name": "course_support",
            "flair_url": "scale-balanced",
            "flair_bg_color": "0040ff",
            "flair_color": "1affc6",
            "flair_group_id": 41,
            "trust_level": 4
          }
        },
        {
          "extras": null,
          "description": "Frequent Poster",
          "user": {
            "id": 21850,
            "username": "23f2003874",
            "name": "Pinki",
            "avatar_template": "/user_avatar/discourse.onlinedegree.iitm.ac.in/23f2003874/{size}/71791_2.png",
            "primary_group_name": "ds-students",
            "flair_name": "ds-students",
            "flair_group_id": 294,
            "trust_level": 1
          }
        },
        {
          "extras": "latest",
          "description": "Most Recent Poster",
          "user": {
            "id": 7302,
            "username": "GurneetKB",
            "name": "Gurneet Kaur Bhuller",
            "avatar_template": "/user_avatar/discourse.onlinedegree.iitm.ac.in/gurneetkb/{size}/123070_2.png",
            "primary_group_name": "ds-students",
            "flair_name": "ds-students",
            "flair_group_id": 294,
            "trust_level": 1
          }
        }
      ]
    },
    {
      "fancy_title": "Extra Activities: Review approach where site/file access is not working",
      "id": 26595,
      "title": "Extra Activities: Review approach where site/file access is not working",
      "slug": "extra-activities-review-approach-where-site-file-access-is-not-working",
      "posts_count": 2,
      "reply_count": 0,
      "highest_post_number": 2,
      "image_url": null,
      "created_at": "2022-01-06T11:51:03.087Z",
      "last_posted_at": "2022-01-06T12:07:00.250Z",
      "bumped": true,
      "bumped_at": "2022-01-06T12:07:00.250Z",
      "archetype": "regular",
      "unseen": false,
      "pinned": false,
      "unpinned": null,
      "visible": true,
      "closed": false,
      "archived": false,
      "bookmarked": null,
      "liked": null,
      "tags": [
        "extra_activity",
        "week-1"
      ],
      "tags_descriptions": {},
      "like_count": 0,
      "views": 34,
      "category_id": 24,
      "featured_link": null,
      "has_accepted_answer": false,
      "posters": [
        {
          "extras": null,
          "description": "Original Poster",
          "user": {
            "id": 9221,
            "username": "21f3002881",
            "name": "Prakash Binwal",
            "avatar_template": "/user_avatar/discourse.onlinedegree.iitm.ac.in/21f3002881/{size}/58525_2.png",
            "primary_group_name": "ds-students",
            "flair_name": "ds-students",
            "flair_group_id": 294,
            "trust_level": 1
          }
        },
        {
          "extras": "latest",
          "description": "Most Recent Poster",
          "user": {
            "id": 7001,
            "username": "Surya_S_G",
            "name": "Surya Santhana Gopalen",
            "avatar_template": "/user_avatar/discourse.onlinedegree.iitm.ac.in/surya_s_g/{size}/14393_2.png",
            "primary_group_name": "ds-students",
            "flair_name": "ds-students",
            "flair_group_id": 294,
            "trust_level": 1
          }
        }
      ]
    },
    {
      "fancy_title": "Extra Activity - Access",
      "id": 36085,
      "title": "Extra Activity - Access",
      "slug": "extra-activity-access",
      "posts_count": 3,
      "reply_count": 0,
      "highest_post_number": 3,
      "image_url": null,
      "created_at": "2022-02-24T17:13:31.537Z",
      "last_posted_at": "2022-03-21T14:45:14.947Z",
      "bumped": true,
      "bumped_at": "2022-03-21T14:45:14.947Z",
      "archetype": "regular",
      "unseen": false,
      "pinned": false,
      "unpinned": null,
      "visible": true,
      "closed": false,
      "archived": false,
      "bookmarked": null,
      "liked": null,
      "tags": [
        "extra_activity",
        "activity-question"
      ],
      "tags_descriptions": {},
      "like_count": 0,
      "views": 61,
      "category_id": 24,
      "featured_link": null,
      "has_accepted_answer": false,
      "posters": [
        {
          "extras": null,
          "description": "Original Poster",
          "user": {
            "id": 11370,
            "username": "Janhavi_Talhar",
            "name": "22ds1000143",
            "avatar_template": "/user_avatar/discourse.onlinedegree.iitm.ac.in/janhavi_talhar/{size}/15597_2.png",
            "primary_group_name": "ds-students",
            "flair_name": "ds-students",
            "flair_group_id": 294,
            "trust_level": 1
          }
        },
        {
          "extras": null,
          "description": "Frequent Poster",
          "user": {
            "id": 6860,
            "username": "VISHWAS_KUMAWAT",
            "name": "VISHWAS KUMAWAT",
            "avatar_template": "/user_avatar/discourse.onlinedegree.iitm.ac.in/vishwas_kumawat/{size}/1054_2.png",
            "primary_group_name": "ds-students",
            "flair_name": "ds-students",
            "flair_group_id": 294,
            "trust_level": 1
          }
        },
        {
          "extras": "latest",
          "description": "Most Recent Poster",
          "user": {
            "id": 6337,
            "username": "21f2000262",
            "name": "Jacob Abraham",
            "avatar_template": "/user_avatar/discourse.onlinedegree.iitm.ac.in/21f2000262/{size}/8_2.png",
            "primary_group_name": "ds-students",
            "flair_name": "ds-students",
            "flair_group_id": 294,
            "trust_level": 1
          }
        }
      ]
    }
  ],
  "summarizable": true,
  "valid_reactions": [
    "heart",
    "+1",
    "laughing",
    "open_mouth",
    "clap",
    "confetti_ball",
    "rocket",
    "-1"
  ],
  "can_vote": false,
  "vote_count": 0,
  "user_voted": false,
  "discourse_zendesk_plugin_zendesk_id": null,
  "discourse_zendesk_plugin_zendesk_url": "https://your-url.zendesk.com/agent/tickets/",
  "details": {
    "can_edit": false,
    "notification_level": 1,
    "notifications_reason_id": null,
    "can_create_post": true,
    "can_reply_as_new_topic": true,
    "can_flag_topic": true,
    "participants": [
      {
        "id": 14423,
        "username": "22f2000644",
        "name": "Aashutosh",
        "avatar_template": "/user_avatar/discourse.onlinedegree.iitm.ac.in/22f2000644/{size}/119958_2.png",
        "post_count": 1,
        "primary_group_name": "ds-students",
        "flair_name": "ds-students",
        "flair_url": null,
        "flair_color": "",
        "flair_bg_color": "",
        "flair_group_id": 294,
        "trust_level": 1
      }
    ],
    "created_by": {
      "id": 14423,
      "username": "22f2000644",
      "name": "Aashutosh",
      "avatar_template": "/user_avatar/discourse.onlinedegree.iitm.ac.in/22f2000644/{size}/119958_2.png"
    },
    "last_poster": {
      "id": 14423,
      "username": "22f2000644",
      "name": "Aashutosh",
      "avatar_template": "/user_avatar/discourse.onlinedegree.iitm.ac.in/22f2000644/{size}/119958_2.png"
    }
  },
  "pending_posts": [],
  "bookmarks": []
}