{
  "post_stream": {
    "posts": [
      {
        "id": 618362,
        "name": "Soham Haldar",
        "username": "SohamHaldar",
        "avatar_template": "/user_avatar/discourse.onlinedegree.iitm.ac.in/sohamhaldar/{size}/66863_2.png",
        "created_at": "2025-04-11T18:38:31.145Z",
        "cooked": "<p>I had been accidentally given a duplicate peer and assigned a new peer on 10th April with the evaluation deadline being 11th April 11:59 PM. I had asked for access to the Google Sheet for question 1 however I have not been given any access and the deadline is up. What to do?</p>",
        "post_number": 1,
        "post_type": 1,
        "posts_count": 4,
        "updated_at": "2025-04-11T18:38:31.145Z",
        "reply_count": 0,
        "reply_to_post_number": null,
        "quote_count": 0,
        "incoming_link_count": 6,
        "reads": 102,
        "readers_count": 101,
        "score": 50.4,
        "yours": false,
        "topic_id": 172471,
        "topic_slug": "what-to-do-if-peer-has-not-allowed-access-and-the-deadline-is-over-for-peer-review-in-project-2",
        "display_username": "Soham Haldar",
        "primary_group_name": "ds-students",
        "flair_name": "ds-students",
        "flair_url": null,
        "flair_bg_color": "",
        "flair_color": "",
        "flair_group_id": 294,
        "badges_granted": [],
        "version": 1,
        "can_edit": false,
        "can_delete": false,
        "can_recover": false,
        "can_see_hidden_post": false,
        "can_wiki": false,
        "read": false,
        "user_title": null,
        "bookmarked": false,
        "actions_summary": [
          {
            "id": 2,
            "can_act": true
          },
          {
            "id": 6,
            "can_act": true
          },
          {
            "id": 3,
            "can_act": true
          },
          {
            "id": 4,
            "can_act": true
          },
          {
            "id": 8,
            "can_act": true
          },
          {
            "id": 10,
            "can_act": true
          },
          {
            "id": 7,
            "can_act": true
          }
        ],
        "moderator": false,
        "admin": false,
        "staff": false,
        "user_id": 20031,
        "hidden": false,
        "trust_level": 0,
        "deleted_at": null,
        "user_deleted": false,
        "edit_reason": null,
        "can_view_edit_history": true,
        "wiki": false,
        "post_url": "/t/what-to-do-if-peer-has-not-allowed-access-and-the-deadline-is-over-for-peer-review-in-project-2/172471/1",
        "user_cakedate": "2023-06-12",
        "reactions": [],
        "current_user_reaction": null,
        "reaction_users_count": 0,
        "current_user_used_main_reaction": false,
        "can_accept_answer": false,
        "can_unaccept_answer": false,
        "accepted_answer": false,
        "topic_accepted_answer": true,
        "can_vote": false
      },
      {
        "id": 618377,
        "name": "Tanya kamboj",
        "username": "21f3000745",
        "avatar_template": "/user_avatar/discourse.onlinedegree.iitm.ac.in/21f3000745/{size}/638_2.png",
        "created_at": "2025-04-11T19:43:56.820Z",
        "cooked": "<p>Yes, same for me the links i got has not been accessed to me. I mailed regarding this. So i filled form for most of the peers. I was waiting for the response but didnt get any.</p>",
        "post_number": 2,
        "post_type": 1,
        "posts_count": 4,
        "updated_at": "2025-04-11T19:43:56.820Z",
        "reply_count": 1,
        "reply_to_post_number": null,
        "quote_count": 0,
        "incoming_link_count": 0,
        "reads": 97,
        "readers_count": 96,
        "score": 24.4,
        "yours": false,
        "topic_id": 172471,
        "topic_slug": "what-to-do-if-peer-has-not-allowed-access-and-the-deadline-is-over-for-peer-review-in-project-2",
        "display_username": "Tanya kamboj",
        "primary_group_name": "ds-students",
        "flair_name": "ds-students",
        "flair_url": null,
        "flair_bg_color": "",
        "flair_color": "",
        "flair_group_id": 294,
        "badges_granted": [],
        "version": 1,
        "can_edit": false,
        "can_delete": false,
        "can_recover": false,
        "can_see_hidden_post": false,
        "can_wiki": false,
        "read": false,
        "user_title": null,
        "bookmarked": false,
        "actions_summary": [
          {
            "id": 2,
            "can_act": true
          },
          {
            "id": 6,
            "can_act": true
          },
          {
            "id": 3,
            "can_act": true
          },
          {
            "id": 4,
            "can_act": true
          },
          {
            "id": 8,
            "can_act": true
          },
          {
            "id": 10,
            "can_act": true
          },
          {
            "id": 7,
            "can_act": true
          }
        ],
        "moderator": false,
        "admin": false,
        "staff": false,
        "user_id": 7742,
        "hidden": false,
        "trust_level": 1,
        "deleted_at": null,
        "user_deleted": false,
        "edit_reason": null,
        "can_view_edit_history": true,
        "wiki": false,
        "post_url": "/t/what-to-do-if-peer-has-not-allowed-access-and-the-deadline-is-over-for-peer-review-in-project-2/172471/2",
        "user_cakedate": "2021-10-08",
        "reactions": [],
        "current_user_reaction": null,
        "reaction_users_count": 0,
        "current_user_used_main_reaction": false,
        "can_accept_answer": false,
        "can_unaccept_answer": false,
        "accepted_answer": false,
        "topic_accepted_answer": true
      },
      {
        "id": 618411,
        "name": "Carlton D'Silva",
        "username": "carlton",
        "avatar_template": "/user_avatar/discourse.onlinedegree.iitm.ac.in/carlton/{size}/56317_2.png",
        "created_at": "2025-04-12T03:33:08.547Z",
        "cooked": "<p><a class=\"mention\" href=\"/u/sohamhaldar\">@SohamHaldar</a> <a class=\"mention\" href=\"/u/21f3000745\">@21f3000745</a> We had sent out an email with an extra non - duplicate peer and extended the deadline by a day to accommodate reviewing the extra peer. Please check your email with the subject.<br>\n[TDS Jan 25] Bonus peer</p>",
        "post_number": 3,
        "post_type": 1,
        "posts_count": 4,
        "updated_at": "2025-04-12T03:33:08.547Z",
        "reply_count": 1,
        "reply_to_post_number": 2,
        "quote_count": 0,
        "incoming_link_count": 0,
        "reads": 93,
        "readers_count": 92,
        "score": 23.6,
        "yours": false,
        "topic_id": 172471,
        "topic_slug": "what-to-do-if-peer-has-not-allowed-access-and-the-deadline-is-over-for-peer-review-in-project-2",
        "display_username": "Carlton D'Silva",
        "primary_group_name": "ds-students",
        "flair_name": "ds-students",
        "flair_url": null,
        "flair_bg_color": "",
        "flair_color": "",
        "flair_group_id": 294,
        "badges_granted": [],
        "version": 1,
        "can_edit": false,
        "can_delete": false,
        "can_recover": false,
        "can_see_hidden_post": false,
        "can_wiki": false,
        "read": false,
        "user_title": "Regular",
        "title_is_group": false,
        "reply_to_user": {
          "id": 7742,
          "username": "21f3000745",
          "name": "Tanya kamboj",
          "avatar_template": "/user_avatar/discourse.onlinedegree.iitm.ac.in/21f3000745/{size}/638_2.png"
        },
        "bookmarked": false,
        "actions_summary": [
          {
            "id": 2,
            "can_act": true
          },
          {
            "id": 6,
            "can_act": true
          },
          {
            "id": 3,
            "can_act": true
          },
          {
            "id": 4,
            "can_act": true
          },
          {
            "id": 8,
            "can_act": true
          },
          {
            "id": 10,
            "can_act": true
          },
          {
            "id": 7,
            "can_act": true
          }
        ],
        "moderator": false,
        "admin": false,
        "staff": false,
        "group_moderator": true,
        "user_id": 16094,
        "hidden": false,
        "trust_level": 3,
        "deleted_at": null,
        "user_deleted": false,
        "edit_reason": null,
        "can_view_edit_history": true,
        "wiki": false,
        "post_url": "/t/what-to-do-if-peer-has-not-allowed-access-and-the-deadline-is-over-for-peer-review-in-project-2/172471/3",
        "user_cakedate": "2023-01-25",
        "reactions": [],
        "current_user_reaction": null,
        "reaction_users_count": 0,
        "current_user_used_main_reaction": false,
        "can_accept_answer": false,
        "can_unaccept_answer": false,
        "accepted_answer": true,
        "topic_accepted_answer": true
      },
      {
        "id": 618557,
        "name": "Soham Haldar",
        "username": "SohamHaldar",
        "avatar_template": "/user_avatar/discourse.onlinedegree.iitm.ac.in/sohamhaldar/{size}/66863_2.png",
        "created_at": "2025-04-12T08:37:29.024Z",
        "cooked": "<p>Yes sir, but therein lies the problem, this extra peer (atleast for me) did not give me access to his Google Sheets and now the deadline is over and I could not submit a blank Google form.</p>",
        "post_number": 4,
        "post_type": 1,
        "posts_count": 4,
        "updated_at": "2025-04-12T08:37:29.024Z",
        "reply_count": 0,
        "reply_to_post_number": 3,
        "quote_count": 0,
        "incoming_link_count": 0,
        "reads": 81,
        "readers_count": 80,
        "score": 16.2,
        "yours": false,
        "topic_id": 172471,
        "topic_slug": "what-to-do-if-peer-has-not-allowed-access-and-the-deadline-is-over-for-peer-review-in-project-2",
        "display_username": "Soham Haldar",
        "primary_group_name": "ds-students",
        "flair_name": "ds-students",
        "flair_url": null,
        "flair_bg_color": "",
        "flair_color": "",
        "flair_group_id": 294,
        "badges_granted": [],
        "version": 1,
        "can_edit": false,
        "can_delete": false,
        "can_recover": false,
        "can_see_hidden_post": false,
        "can_wiki": false,
        "read": false,
        "user_title": null,
        "reply_to_user": {
          "id": 16094,
          "username": "carlton",
          "name": "Carlton D'Silva",
          "avatar_template": "/user_avatar/discourse.onlinedegree.iitm.ac.in/carlton/{size}/56317_2.png"
        },
        "bookmarked": false,
        "actions_summary": [
          {
            "id": 2,
            "can_act": true
          },
          {
            "id": 6,
            "can_act": true
          },
          {
            "id": 3,
            "can_act": true
          },
          {
            "id": 4,
            "can_act": true
          },
          {
            "id": 8,
            "can_act": true
          },
          {
            "id": 10,
            "can_act": true
          },
          {
            "id": 7,
            "can_act": true
          }
        ],
        "moderator": false,
        "admin": false,
        "staff": false,
        "user_id": 20031,
        "hidden": false,
        "trust_level": 0,
        "deleted_at": null,
        "user_deleted": false,
        "edit_reason": null,
        "can_view_edit_history": true,
        "wiki": false,
        "post_url": "/t/what-to-do-if-peer-has-not-allowed-access-and-the-deadline-is-over-for-peer-review-in-project-2/172471/4",
        "user_cakedate": "2023-06-12",
        "reactions": [],
        "current_user_reaction": null,
        "reaction_users_count": 0,
        "current_user_used_main_reaction": false,
        "can_accept_answer": false,
        "can_unaccept_answer": false,
        "accepted_answer": false,
        "topic_accepted_answer": true
      }
    ],
    "stream": [
      618362,
      618377,
      618411,
      618557
    ]
  },
  "timeline_lookup": [
    [
      1,
      219
    ]
  ],
  "suggested_topics": [
    {
      "fancy_title": "Submission Issue",
      "id": 191628,
      "title": "Submission Issue",
      "slug": "submission-issue",
      "posts_count": 1,
      "reply_count": 0,
      "highest_post_number": 1,
      "image_url": "https://europe1.discourse-cdn.com/flex013/uploads/iitm/optimized/3X/4/4/44dc3c61e92c828ce41f420245a133ac58e7488c_2_1024x576.png",
      "created_at": "2025-11-16T18:34:00.062Z",
      "last_posted_at": "2025-11-16T18:34:00.258Z",
      "bumped": true,
      "bumped_at": "2025-11-16T18:34:00.258Z",
      "archetype": "regular",
      "unseen": true,
      "pinned": false,
      "unpinned": null,
      "visible": true,
      "closed": false,
      "archived": false,
      "bookmarked": null,
      "liked": null,
      "tags": [
        "clarification",
        "operational",
        "term3-2025"
      ],
      "tags_descriptions": {},
      "like_count": 0,
      "views": 7,
      "category_id": 34,
      "featured_link": null,
      "has_accepted_answer": false,
      "posters": [
        {
          "extras": "latest single",
          "description": "Original Poster, Most Recent Poster",
          "user": {
            "id": 18836,
            "username": "23f2003033",
            "name": "Vedang Pawar",
            "avatar_template": "/user_avatar/discourse.onlinedegree.iitm.ac.in/23f2003033/{size}/67243_2.png",
            "primary_group_name": "ds-students",
            "flair_name": "ds-students",
            "flair_group_id": 294,
            "trust_level": 1
          }
        }
      ]
    }
  ],
  "tags": [
    "clarification"
  ],
  "tags_descriptions": {},
  "fancy_title": "What to do if peer has not allowed access and the deadline is over for peer review in Project 2",
  "id": 172471,
  "title": "What to do if peer has not allowed access and the deadline is over for peer review in Project 2",
  "posts_count": 4,
  "created_at": "2025-04-11T18:38:30.975Z",
  "views": 127,
  "reply_count": 2,
  "like_count": 0,
  "last_posted_at": "2025-04-12T08:37:29.024Z",
  "visible": true,
  "closed": false,
  "archived": false,
  "has_summary": false,
  "archetype": "regular",
  "slug": "what-to-do-if-peer-has-not-allowed-access-and-the-deadline-is-over-for-peer-review-in-project-2",
  "category_id": 34,
  "word_count": 167,
  "deleted_at": null,
  "user_id": 20031,
  "featured_link": null,
  "pinned_globally": false,
  "pinned_at": null,
  "pinned_until": null,
  "image_url": null,
  "slow_mode_seconds": 0,
  "draft": null,
  "draft_key": "topic_172471",
  "draft_sequence": 0,
  "posted": false,
  "unpinned": null,
  "pinned": false,
  "current_post_number": 1,
  "highest_post_number": 4,
  "last_read_post_number": null,
  "last_read_post_id": null,
  "deleted_by": null,
  "actions_summary": [
    {
      "id": 4,
      "count": 0,
      "hidden": false,
      "can_act": true
    },
    {
      "id": 8,
      "count": 0,
      "hidden": false,
      "can_act": true
    },
    {
      "id": 10,
      "count": 0,
      "hidden": false,
      "can_act": true
    },
    {
      "id": 7,
      "count": 0,
      "hidden": false,
      "can_act": true
    }
  ],
  "chunk_size": 20,
  "bookmarked": false,
  "topic_timer": null,
  "message_bus_last_id": 0,
  "participant_count": 3,
  "show_read_indicator": false,
  "thumbnails": null,
  "slow_mode_enabled_until": null,
  "tags_disable_ads": false,
  "related_topics": [
    {
      "fancy_title": "Peer review date extension for Week 0 Extra Activity 1 &amp; 2",
      "id": 29170,
      "title": "Peer review date extension for Week 0 Extra Activity 1 & 2",
      "slug": "peer-review-date-extension-for-week-0-extra-activity-1-2",
      "posts_count": 2,
      "reply_count": 0,
      "highest_post_number": 2,
      "image_url": null,
      "created_at": "2022-01-19T15:15:24.441Z",
      "last_posted_at": "2022-01-19T15:55:16.715Z",
      "bumped": true,
      "bumped_at": "2022-01-19T15:55:16.715Z",
      "archetype": "regular",
      "unseen": false,
      "pinned": false,
      "unpinned": null,
      "visible": true,
      "closed": false,
      "archived": false,
      "bookmarked": null,
      "liked": null,
      "tags": [
        "week0"
      ],
      "tags_descriptions": {},
      "like_count": 0,
      "views": 30,
      "category_id": 24,
      "featured_link": null,
      "has_accepted_answer": false,
      "posters": [
        {
          "extras": null,
          "description": "Original Poster",
          "user": {
            "id": 1246,
            "username": "RACHA_SINGH",
            "name": "RACHA ",
            "avatar_template": "https://avatars.discourse-cdn.com/v4/letter/r/5fc32e/{size}.png",
            "primary_group_name": "ds-students",
            "flair_name": "ds-students",
            "flair_group_id": 294,
            "trust_level": 1
          }
        },
        {
          "extras": "latest",
          "description": "Most Recent Poster",
          "user": {
            "id": 7828,
            "username": "21f1005152",
            "name": "Advait Vats",
            "avatar_template": "/user_avatar/discourse.onlinedegree.iitm.ac.in/21f1005152/{size}/30601_2.png",
            "primary_group_name": "ds-students",
            "flair_name": "ds-students",
            "flair_group_id": 294,
            "trust_level": 1
          }
        }
      ]
    },
    {
      "fancy_title": "My statistics ii extra activity deadline is still not extended",
      "id": 16691,
      "title": "My statistics ii extra activity deadline is still not extended",
      "slug": "my-statistics-ii-extra-activity-deadline-is-still-not-extended",
      "posts_count": 9,
      "reply_count": 6,
      "highest_post_number": 9,
      "image_url": null,
      "created_at": "2021-09-26T03:55:17.947Z",
      "last_posted_at": "2021-09-27T05:28:56.321Z",
      "bumped": true,
      "bumped_at": "2021-09-27T05:28:56.321Z",
      "archetype": "regular",
      "unseen": false,
      "pinned": false,
      "unpinned": null,
      "visible": true,
      "closed": false,
      "archived": false,
      "bookmarked": null,
      "liked": null,
      "tags": [
        "activity-question",
        "week0"
      ],
      "tags_descriptions": {},
      "like_count": 1,
      "views": 83,
      "category_id": 24,
      "featured_link": null,
      "has_accepted_answer": false,
      "posters": [
        {
          "extras": null,
          "description": "Original Poster",
          "user": {
            "id": 6315,
            "username": "AbhinavDSingh",
            "name": "Abhinav D Singh",
            "avatar_template": "/user_avatar/discourse.onlinedegree.iitm.ac.in/abhinavdsingh/{size}/332_2.png",
            "primary_group_name": "ds-students",
            "flair_name": "ds-students",
            "flair_group_id": 294,
            "trust_level": 1
          }
        },
        {
          "extras": null,
          "description": "Frequent Poster",
          "user": {
            "id": 2865,
            "username": "21f1005474",
            "name": "VENKATARAMANA T",
            "avatar_template": "/user_avatar/discourse.onlinedegree.iitm.ac.in/21f1005474/{size}/533_2.png",
            "primary_group_name": "ds-students",
            "flair_name": "ds-students",
            "flair_group_id": 294,
            "trust_level": 1
          }
        },
        {
          "extras": null,
          "description": "Frequent Poster",
          "user": {
            "id": 4691,
            "username": "sdeepanshu",
            "name": "Deepanshu singh",
            "avatar_template": "/user_avatar/discourse.onlinedegree.iitm.ac.in/sdeepanshu/{size}/53_2.png",
            "primary_group_name": "ds-students",
            "flair_name": "ds-students",
            "flair_group_id": 294,
            "trust_level": 1
          }
        },
        {
          "extras": "latest",
          "description": "Most Recent Poster",
          "user": {
            "id": 25,
            "username": "Nikita",
            "name": "Nikita Kumari",
            "avatar_template": "/user_avatar/discourse.onlinedegree.iitm.ac.in/nikita/{size}/772_2.png",
            "primary_group_name": "course_support",
            "flair_name": "course_support",
            "flair_url": "scale-balanced",
            "flair_bg_color": "0040ff",
            "flair_color": "1affc6",
            "flair_group_id": 41,
            "trust_level": 4
          }
        }
      ]
    },
    {
      "fancy_title": "Due date exceeded on assignment submitted 3 min before deadline..?",
      "id": 64255,
      "title": "Due date exceeded on assignment submitted 3 min before deadline..?",
      "slug": "due-date-exceeded-on-assignment-submitted-3-min-before-deadline",
      "posts_count": 5,
      "reply_count": 1,
      "highest_post_number": 5,
      "image_url": null,
      "created_at": "2022-09-14T18:54:45.466Z",
      "last_posted_at": "2022-09-16T09:39:46.882Z",
      "bumped": true,
      "bumped_at": "2022-09-16T09:39:46.882Z",
      "archetype": "regular",
      "unseen": false,
      "pinned": false,
      "unpinned": null,
      "visible": true,
      "closed": false,
      "archived": false,
      "bookmarked": null,
      "liked": null,
      "tags": [
        "activity-question"
      ],
      "tags_descriptions": {},
      "like_count": 3,
      "views": 88,
      "category_id": 24,
      "featured_link": null,
      "has_accepted_answer": false,
      "posters": [
        {
          "extras": null,
          "description": "Original Poster",
          "user": {
            "id": 14958,
            "username": "22ds3000023",
            "name": "Avnish Shivpure",
            "avatar_template": "/user_avatar/discourse.onlinedegree.iitm.ac.in/22ds3000023/{size}/12643_2.png",
            "primary_group_name": "ds-students",
            "flair_name": "ds-students",
            "flair_group_id": 294,
            "trust_level": 1
          }
        },
        {
          "extras": null,
          "description": "Frequent Poster",
          "user": {
            "id": 649,
            "username": "sheikhazad",
            "name": "Sheikh Azad",
            "avatar_template": "/user_avatar/discourse.onlinedegree.iitm.ac.in/sheikhazad/{size}/13833_2.png",
            "primary_group_name": "ds-students",
            "flair_name": "ds-students",
            "flair_group_id": 294,
            "trust_level": 1
          }
        },
        {
          "extras": null,
          "description": "Frequent Poster",
          "user": {
            "id": 7946,
            "username": "GKay",
            "name": "21f3002029",
            "avatar_template": "/user_avatar/discourse.onlinedegree.iitm.ac.in/gkay/{size}/56132_2.png",
            "primary_group_name": "ds-students",
            "flair_name": "ds-students",
            "flair_group_id": 294,
            "trust_level": 1
          }
        },
        {
          "extras": "latest",
          "description": "Most Recent Poster",
          "user": {
            "id": 14,
            "username": "mayurg",
            "name": "Mayur",
            "avatar_template": "/user_avatar/discourse.onlinedegree.iitm.ac.in/mayurg/{size}/15_2.png",
            "primary_group_name": "course_support",
            "flair_name": "course_support",
            "flair_url": "scale-balanced",
            "flair_bg_color": "0040ff",
            "flair_color": "1affc6",
            "flair_group_id": 41,
            "trust_level": 4
          }
        }
      ]
    },
    {
      "fancy_title": "I cant access my third project to review because the person has not given public access",
      "id": 141159,
      "title": "I cant access my third project to review because the person has not given public access",
      "slug": "i-cant-access-my-third-project-to-review-because-the-person-has-not-given-public-access",
      "posts_count": 6,
      "reply_count": 1,
      "highest_post_number": 6,
      "image_url": null,
      "created_at": "2024-07-27T05:45:26.251Z",
      "last_posted_at": "2024-07-27T13:19:05.328Z",
      "bumped": true,
      "bumped_at": "2024-07-27T13:19:05.328Z",
      "archetype": "regular",
      "unseen": false,
      "pinned": false,
      "unpinned": null,
      "visible": true,
      "closed": false,
      "archived": false,
      "bookmarked": null,
      "liked": null,
      "tags": [
        "clarification",
        "miscellaneous"
      ],
      "tags_descriptions": {},
      "like_count": 0,
      "views": 47,
      "category_id": 34,
      "featured_link": null,
      "has_accepted_answer": false,
      "posters": [
        {
          "extras": null,
          "description": "Original Poster",
          "user": {
            "id": 24453,
            "username": "22f3001534",
            "name": "Divyansh Tiwari",
            "avatar_template": "/user_avatar/discourse.onlinedegree.iitm.ac.in/22f3001534/{size}/68126_2.png",
            "primary_group_name": "ds-students",
            "flair_name": "ds-students",
            "flair_group_id": 294,
            "trust_level": 1
          }
        },
        {
          "extras": null,
          "description": "Frequent Poster",
          "user": {
            "id": 13240,
            "username": "nsr333",
            "name": "Sivarajan N",
            "avatar_template": "/user_avatar/discourse.onlinedegree.iitm.ac.in/nsr333/{size}/91954_2.png",
            "primary_group_name": "ds-students",
            "flair_name": "ds-students",
            "flair_group_id": 294,
            "trust_level": 1
          }
        },
        {
          "extras": null,
          "description": "Frequent Poster",
          "user": {
            "id": 13078,
            "username": "Saransh_Saini",
            "name": "Saransh Saini",
            "avatar_template": "/user_avatar/discourse.onlinedegree.iitm.ac.in/saransh_saini/{size}/123495_2.png",
            "primary_group_name": "ds-students",
            "flair_name": "ds-students",
            "flair_group_id": 294,
            "trust_level": 1
          }
        },
        {
          "extras": null,
          "description": "Frequent Poster",
          "user": {
            "id": 6563,
            "username": "21f3000759",
            "name": "Swati Jain",
            "avatar_template": "/user_avatar/discourse.onlinedegree.iitm.ac.in/21f3000759/{size}/23528_2.png",
            "primary_group_name": "ds-students",
            "flair_name": "ds-students",
            "flair_group_id": 294,
            "trust_level": 2
          }
        },
        {
          "extras": "latest",
          "description": "Most Recent Poster",
          "user": {
            "id": 19950,
            "username": "Shrinidhi7",
            "name": "Shrinidhi Kumar ",
            "avatar_template": "/user_avatar/discourse.onlinedegree.iitm.ac.in/shrinidhi7/{size}/66754_2.png",
            "primary_group_name": "ds-students",
            "flair_name": "ds-students",
            "flair_group_id": 294,
            "trust_level": 1
          }
        }
      ]
    },
    {
      "fancy_title": "Extra Activity - Access",
      "id": 36085,
      "title": "Extra Activity - Access",
      "slug": "extra-activity-access",
      "posts_count": 3,
      "reply_count": 0,
      "highest_post_number": 3,
      "image_url": null,
      "created_at": "2022-02-24T17:13:31.537Z",
      "last_posted_at": "2022-03-21T14:45:14.947Z",
      "bumped": true,
      "bumped_at": "2022-03-21T14:45:14.947Z",
      "archetype": "regular",
      "unseen": false,
      "pinned": false,
      "unpinned": null,
      "visible": true,
      "closed": false,
      "archived": false,
      "bookmarked": null,
      "liked": null,
      "tags": [
        "extra_activity",
        "activity-question"
      ],
      "tags_descriptions": {},
      "like_count": 0,
      "views": 61,
      "category_id": 24,
      "featured_link": null,
      "has_accepted_answer": false,
      "posters": [
        {
          "extras": null,
          "description": "Original Poster",
          "user": {
            "id": 11370,
            "username": "Janhavi_Talhar",
            "name": "22ds1000143",
            "avatar_template": "/user_avatar/discourse.onlinedegree.iitm.ac.in/janhavi_talhar/{size}/15597_2.png",
            "primary_group_name": "ds-students",
            "flair_name": "ds-students",
            "flair_group_id": 294,
            "trust_level": 1
          }
        },
        {
          "extras": null,
          "description": "Frequent Poster",
          "user": {
            "id": 6860,
            "username": "VISHWAS_KUMAWAT",
            "name": "VISHWAS KUMAWAT",
            "avatar_template": "/user_avatar/discourse.onlinedegree.iitm.ac.in/vishwas_kumawat/{size}/1054_2.png",
            "primary_group_name": "ds-students",
            "flair_name": "ds-students",
            "flair_group_id": 294,
            "trust_level": 1
          }
        },
        {
          "extras": "latest",
          "description": "Most Recent Poster",
          "user": {
            "id": 6337,
            "username": "21f2000262",
            "name": "Jacob Abraham",
            "avatar_template": "/user_avatar/discourse.onlinedegree.iitm.ac.in/21f2000262/{size}/8_2.png",
            "primary_group_name": "ds-students",
            "flair_name": "ds-students",
            "flair_group_id": 294,
            "trust_level": 1
          }
        }
      ]
    }
  ],
  "summarizable": true,
  "valid_reactions": [
    "heart",
    "+1",
    "laughing",
    "open_mouth",
    "clap",
    "confetti_ball",
    "rocket",
    "-1"
  ],
  "accepted_answer": {
    "post_number": 3,
    "username": "carlton",
    "name": null,
    "excerpt": "<a class=\"mention\" href=\"/u/sohamhaldar\">@SohamHaldar</a> <a class=\"mention\" href=\"/u/21f3000745\">@21f3000745</a> We had sent out an email with an extra non - duplicate peer and extended the deadline by a day to accommodate reviewing the extra peer. Please check your email with the subject. \n[TDS Jan 25] Bonus peer",
    "accepter_name": null,
    "accepter_username": "carlton"
  },
  "can_vote": false,
  "vote_count": 0,
  "user_voted": false,
  "discourse_zendesk_plugin_zendesk_id": null,
  "discourse_zendesk_plugin_zendesk_url": "https://your-url.zendesk.com/agent/tickets/",
  "details": {
    "can_edit": false,
    "notification_level": 1,
    "notifications_reason_id": null,
    "can_create_post": true,
    "can_reply_as_new_topic": true,
    "can_flag_topic": true,
    "participants": [
      {
        "id": 20031,
        "username": "SohamHaldar",
        "name": "Soham Haldar",
        "avatar_template": "/user_avatar/discourse.onlinedegree.iitm.ac.in/sohamhaldar/{size}/66863_2.png",
        "post_count": 2,
        "primary_group_name": "ds-students",
        "flair_name": "ds-students",
        "flair_url": null,
        "flair_color": "",
        "flair_bg_color": "",
        "flair_group_id": 294,
        "trust_level": 0
      },
      {
        "id": 7742,
        "username": "21f3000745",
        "name": "Tanya kamboj",
        "avatar_template": "/user_avatar/discourse.onlinedegree.iitm.ac.in/21f3000745/{size}/638_2.png",
        "post_count": 1,
        "primary_group_name": "ds-students",
        "flair_name": "ds-students",
        "flair_url": null,
        "flair_color": "",
        "flair_bg_color": "",
        "flair_group_id": 294,
        "trust_level": 1
      },
      {
        "id": 16094,
        "username": "carlton",
        "name": "Carlton D'Silva",
        "avatar_template": "/user_avatar/discourse.onlinedegree.iitm.ac.in/carlton/{size}/56317_2.png",
        "post_count": 1,
        "primary_group_name": "ds-students",
        "flair_name": "ds-students",
        "flair_url": null,
        "flair_color": "",
        "flair_bg_color": "",
        "flair_group_id": 294,
        "trust_level": 3
      }
    ],
    "created_by": {
      "id": 20031,
      "username": "SohamHaldar",
      "name": "Soham Haldar",
      "avatar_template": "/user_avatar/discourse.onlinedegree.iitm.ac.in/sohamhaldar/{size}/66863_2.png"
    },
    "last_poster": {
      "id": 20031,
      "username": "SohamHaldar",
      "name": "Soham Haldar",
      "avatar_template": "/user_avatar/discourse.onlinedegree.iitm.ac.in/sohamhaldar/{size}/66863_2.png"
    }
  },
  "pending_posts": [],
  "bookmarks": []
}