{
  "post_stream": {
    "posts": [
      {
        "id": 594226,
        "name": "Mahesh Singh Bohra ",
        "username": "23f1001236",
        "avatar_template": "/user_avatar/discourse.onlinedegree.iitm.ac.in/23f1001236/{size}/114091_2.png",
        "created_at": "2025-02-13T02:19:53.249Z",
        "cooked": "<p>Is it important to use an IITM mail ID in GitHub for the project?<br>\n<a class=\"mention\" href=\"/u/carlton\">@carlton</a></p>",
        "post_number": 1,
        "post_type": 1,
        "posts_count": 2,
        "updated_at": "2025-02-17T19:10:50.948Z",
        "reply_count": 0,
        "reply_to_post_number": null,
        "quote_count": 0,
        "incoming_link_count": 1,
        "reads": 68,
        "readers_count": 67,
        "score": 18.6,
        "yours": false,
        "topic_id": 166891,
        "topic_slug": "regarding-github-mail-for-project",
        "display_username": "Mahesh Singh Bohra ",
        "primary_group_name": "ds-students",
        "flair_name": "ds-students",
        "flair_url": null,
        "flair_bg_color": "",
        "flair_color": "",
        "flair_group_id": 294,
        "badges_granted": [],
        "version": 2,
        "can_edit": false,
        "can_delete": false,
        "can_recover": false,
        "can_see_hidden_post": false,
        "can_wiki": false,
        "read": false,
        "user_title": null,
        "bookmarked": false,
        "actions_summary": [
          {
            "id": 2,
            "can_act": true
          },
          {
            "id": 6,
            "can_act": true
          },
          {
            "id": 3,
            "can_act": true
          },
          {
            "id": 4,
            "can_act": true
          },
          {
            "id": 8,
            "can_act": true
          },
          {
            "id": 10,
            "can_act": true
          },
          {
            "id": 7,
            "can_act": true
          }
        ],
        "moderator": false,
        "admin": false,
        "staff": false,
        "user_id": 25222,
        "hidden": false,
        "trust_level": 1,
        "deleted_at": null,
        "user_deleted": false,
        "edit_reason": null,
        "can_view_edit_history": true,
        "wiki": false,
        "post_url": "/t/regarding-github-mail-for-project/166891/1",
        "user_cakedate": "2024-01-19",
        "reactions": [],
        "current_user_reaction": null,
        "reaction_users_count": 0,
        "current_user_used_main_reaction": false,
        "can_accept_answer": false,
        "can_unaccept_answer": false,
        "accepted_answer": false,
        "topic_accepted_answer": true,
        "can_vote": false
      },
      {
        "id": 594777,
        "name": "Carlton D'Silva",
        "username": "carlton",
        "avatar_template": "/user_avatar/discourse.onlinedegree.iitm.ac.in/carlton/{size}/56317_2.png",
        "created_at": "2025-02-14T05:12:27.093Z",
        "cooked": "<p>Currently we do not have any explicit policy regarding requiring IITM email as the github profile name or the github repo owner.</p>\n<p>We DO however require you to use your IITM email when submitting the project submission form.</p>\n<p>We are clarifying with operations at the moment if this arrangement satisfies their requirements. If it changes we will make a general announcement via email, portal and discourse.</p>\n<p>(we do not expect the current requirements of github to change)</p>\n<p>Kind regards</p>",
        "post_number": 2,
        "post_type": 1,
        "posts_count": 2,
        "updated_at": "2025-02-14T05:12:27.093Z",
        "reply_count": 0,
        "reply_to_post_number": null,
        "quote_count": 0,
        "incoming_link_count": 0,
        "reads": 55,
        "readers_count": 54,
        "score": 26.0,
        "yours": false,
        "topic_id": 166891,
        "topic_slug": "regarding-github-mail-for-project",
        "display_username": "Carlton D'Silva",
        "primary_group_name": "ds-students",
        "flair_name": "ds-students",
        "flair_url": null,
        "flair_bg_color": "",
        "flair_color": "",
        "flair_group_id": 294,
        "badges_granted": [],
        "version": 1,
        "can_edit": false,
        "can_delete": false,
        "can_recover": false,
        "can_see_hidden_post": false,
        "can_wiki": false,
        "read": false,
        "user_title": "Regular",
        "title_is_group": false,
        "bookmarked": false,
        "actions_summary": [
          {
            "id": 2,
            "count": 1,
            "can_act": true
          },
          {
            "id": 6,
            "can_act": true
          },
          {
            "id": 3,
            "can_act": true
          },
          {
            "id": 4,
            "can_act": true
          },
          {
            "id": 8,
            "can_act": true
          },
          {
            "id": 10,
            "can_act": true
          },
          {
            "id": 7,
            "can_act": true
          }
        ],
        "moderator": false,
        "admin": false,
        "staff": false,
        "group_moderator": true,
        "user_id": 16094,
        "hidden": false,
        "trust_level": 3,
        "deleted_at": null,
        "user_deleted": false,
        "edit_reason": null,
        "can_view_edit_history": true,
        "wiki": false,
        "post_url": "/t/regarding-github-mail-for-project/166891/2",
        "user_cakedate": "2023-01-25",
        "reactions": [
          {
            "id": "heart",
            "type": "emoji",
            "count": 1
          }
        ],
        "current_user_reaction": null,
        "reaction_users_count": 1,
        "current_user_used_main_reaction": false,
        "can_accept_answer": false,
        "can_unaccept_answer": false,
        "accepted_answer": true,
        "topic_accepted_answer": true
      }
    ],
    "stream": [
      594226,
      594777
    ]
  },
  "timeline_lookup": [
    [
      1,
      277
    ],
    [
      2,
      276
    ]
  ],
  "suggested_topics": [
    {
      "fancy_title": "Submission Issue",
      "id": 191628,
      "title": "Submission Issue",
      "slug": "submission-issue",
      "posts_count": 1,
      "reply_count": 0,
      "highest_post_number": 1,
      "image_url": "https://europe1.discourse-cdn.com/flex013/uploads/iitm/optimized/3X/4/4/44dc3c61e92c828ce41f420245a133ac58e7488c_2_1024x576.png",
      "created_at": "2025-11-16T18:34:00.062Z",
      "last_posted_at": "2025-11-16T18:34:00.258Z",
      "bumped": true,
      "bumped_at": "2025-11-16T18:34:00.258Z",
      "archetype": "regular",
      "unseen": true,
      "pinned": false,
      "unpinned": null,
      "visible": true,
      "closed": false,
      "archived": false,
      "bookmarked": null,
      "liked": null,
      "tags": [
        "clarification",
        "operational",
        "term3-2025"
      ],
      "tags_descriptions": {},
      "like_count": 0,
      "views": 7,
      "category_id": 34,
      "featured_link": null,
      "has_accepted_answer": false,
      "posters": [
        {
          "extras": "latest single",
          "description": "Original Poster, Most Recent Poster",
          "user": {
            "id": 18836,
            "username": "23f2003033",
            "name": "Vedang Pawar",
            "avatar_template": "/user_avatar/discourse.onlinedegree.iitm.ac.in/23f2003033/{size}/67243_2.png",
            "primary_group_name": "ds-students",
            "flair_name": "ds-students",
            "flair_group_id": 294,
            "trust_level": 1
          }
        }
      ]
    }
  ],
  "tags": [
    "clarification",
    "term1-2025",
    "tds-project-1"
  ],
  "tags_descriptions": {},
  "fancy_title": "Regarding Github Mail For Project",
  "id": 166891,
  "title": "Regarding Github Mail For Project",
  "posts_count": 2,
  "created_at": "2025-02-13T02:19:53.023Z",
  "views": 86,
  "reply_count": 0,
  "like_count": 1,
  "last_posted_at": "2025-02-14T05:12:27.093Z",
  "visible": true,
  "closed": false,
  "archived": false,
  "has_summary": false,
  "archetype": "regular",
  "slug": "regarding-github-mail-for-project",
  "category_id": 34,
  "word_count": 94,
  "deleted_at": null,
  "user_id": 25222,
  "featured_link": null,
  "pinned_globally": false,
  "pinned_at": null,
  "pinned_until": null,
  "image_url": null,
  "slow_mode_seconds": 0,
  "draft": null,
  "draft_key": "topic_166891",
  "draft_sequence": 0,
  "posted": false,
  "unpinned": null,
  "pinned": false,
  "current_post_number": 1,
  "highest_post_number": 2,
  "last_read_post_number": null,
  "last_read_post_id": null,
  "deleted_by": null,
  "actions_summary": [
    {
      "id": 4,
      "count": 0,
      "hidden": false,
      "can_act": true
    },
    {
      "id": 8,
      "count": 0,
      "hidden": false,
      "can_act": true
    },
    {
      "id": 10,
      "count": 0,
      "hidden": false,
      "can_act": true
    },
    {
      "id": 7,
      "count": 0,
      "hidden": false,
      "can_act": true
    }
  ],
  "chunk_size": 20,
  "bookmarked": false,
  "topic_timer": null,
  "message_bus_last_id": 0,
  "participant_count": 2,
  "show_read_indicator": false,
  "thumbnails": null,
  "slow_mode_enabled_until": null,
  "tags_disable_ads": false,
  "related_topics": [
    {
      "fancy_title": "Regarding Github Account For Project 2",
      "id": 158592,
      "title": "Regarding Github Account For Project 2",
      "slug": "regarding-github-account-for-project-2",
      "posts_count": 2,
      "reply_count": 0,
      "highest_post_number": 2,
      "image_url": null,
      "created_at": "2024-12-09T21:15:14.496Z",
      "last_posted_at": "2024-12-10T04:09:31.991Z",
      "bumped": true,
      "bumped_at": "2024-12-10T04:09:31.991Z",
      "archetype": "regular",
      "unseen": false,
      "pinned": false,
      "unpinned": null,
      "visible": true,
      "closed": false,
      "archived": false,
      "bookmarked": null,
      "liked": null,
      "tags": [
        "term3-2024",
        "tds-project-2"
      ],
      "tags_descriptions": {},
      "like_count": 1,
      "views": 97,
      "category_id": 34,
      "featured_link": null,
      "has_accepted_answer": true,
      "posters": [
        {
          "extras": null,
          "description": "Original Poster",
          "user": {
            "id": 15485,
            "username": "Ksoham",
            "name": "Soham Sachin Kulkarni",
            "avatar_template": "/user_avatar/discourse.onlinedegree.iitm.ac.in/ksoham/{size}/60244_2.png",
            "primary_group_name": "ds-students",
            "flair_name": "ds-students",
            "flair_group_id": 294,
            "trust_level": 1
          }
        },
        {
          "extras": "latest",
          "description": "Most Recent Poster, Accepted Answer",
          "user": {
            "id": 16762,
            "username": "22f3003031",
            "name": "Sid",
            "avatar_template": "/user_avatar/discourse.onlinedegree.iitm.ac.in/22f3003031/{size}/94910_2.png",
            "primary_group_name": "ds-students",
            "flair_name": "ds-students",
            "flair_group_id": 294,
            "trust_level": 1
          }
        }
      ]
    },
    {
      "fancy_title": "Clarification on Email ID for GitHub Account Submission for TDS Course Assignment",
      "id": 176323,
      "title": "Clarification on Email ID for GitHub Account Submission for TDS Course Assignment",
      "slug": "clarification-on-email-id-for-github-account-submission-for-tds-course-assignment",
      "posts_count": 2,
      "reply_count": 0,
      "highest_post_number": 2,
      "image_url": null,
      "created_at": "2025-05-25T10:42:16.326Z",
      "last_posted_at": "2025-05-25T11:12:21.484Z",
      "bumped": true,
      "bumped_at": "2025-05-25T11:12:21.484Z",
      "archetype": "regular",
      "unseen": false,
      "pinned": false,
      "unpinned": null,
      "visible": true,
      "closed": false,
      "archived": false,
      "bookmarked": null,
      "liked": null,
      "tags": [
        "clarification",
        "term2-2025",
        "diploma-level"
      ],
      "tags_descriptions": {},
      "like_count": 1,
      "views": 59,
      "category_id": 34,
      "featured_link": null,
      "has_accepted_answer": false,
      "posters": [
        {
          "extras": null,
          "description": "Original Poster",
          "user": {
            "id": 19016,
            "username": "Priyank",
            "name": "Priyank Solanki ",
            "avatar_template": "/user_avatar/discourse.onlinedegree.iitm.ac.in/priyank/{size}/66833_2.png",
            "primary_group_name": "ds-students",
            "flair_name": "ds-students",
            "flair_group_id": 294,
            "trust_level": 1
          }
        },
        {
          "extras": "latest",
          "description": "Most Recent Poster",
          "user": {
            "id": 16656,
            "username": "22f3003023",
            "name": "Sanvi Sneh",
            "avatar_template": "/user_avatar/discourse.onlinedegree.iitm.ac.in/22f3003023/{size}/119245_2.png",
            "primary_group_name": "ds-students",
            "flair_name": "ds-students",
            "flair_group_id": 294,
            "trust_level": 0
          }
        }
      ]
    },
    {
      "fancy_title": "TDS project image form",
      "id": 55988,
      "title": "TDS project image form",
      "slug": "tds-project-image-form",
      "posts_count": 3,
      "reply_count": 1,
      "highest_post_number": 3,
      "image_url": null,
      "created_at": "2022-07-02T12:37:48.315Z",
      "last_posted_at": "2022-07-05T13:32:27.401Z",
      "bumped": true,
      "bumped_at": "2022-07-05T13:32:27.401Z",
      "archetype": "regular",
      "unseen": false,
      "pinned": false,
      "unpinned": null,
      "visible": true,
      "closed": false,
      "archived": false,
      "bookmarked": null,
      "liked": null,
      "tags": [
        "tds"
      ],
      "tags_descriptions": {},
      "like_count": 2,
      "views": 93,
      "category_id": 34,
      "featured_link": null,
      "has_accepted_answer": false,
      "posters": [
        {
          "extras": null,
          "description": "Original Poster",
          "user": {
            "id": 1990,
            "username": "ayush198",
            "name": "Ayush Singh Rana",
            "avatar_template": "/user_avatar/discourse.onlinedegree.iitm.ac.in/ayush198/{size}/59_2.png",
            "primary_group_name": "ds-students",
            "flair_name": "ds-students",
            "flair_group_id": 294,
            "trust_level": 1
          }
        },
        {
          "extras": null,
          "description": "Frequent Poster",
          "user": {
            "id": 879,
            "username": "Manukumar.b",
            "name": "np.DoItYourself",
            "avatar_template": "/user_avatar/discourse.onlinedegree.iitm.ac.in/manukumar.b/{size}/151_2.png",
            "primary_group_name": "ds-students",
            "flair_name": "ds-students",
            "flair_group_id": 294,
            "trust_level": 1
          }
        },
        {
          "extras": "latest",
          "description": "Most Recent Poster",
          "user": {
            "id": 8278,
            "username": "22ds1000219",
            "name": "Abhilasha ",
            "avatar_template": "/user_avatar/discourse.onlinedegree.iitm.ac.in/22ds1000219/{size}/12424_2.png",
            "primary_group_name": "ds-students",
            "flair_name": "ds-students",
            "flair_group_id": 294,
            "trust_level": 1
          }
        }
      ]
    },
    {
      "fancy_title": "BDM PROJECT Email",
      "id": 145548,
      "title": "BDM PROJECT Email",
      "slug": "bdm-project-email",
      "posts_count": 4,
      "reply_count": 0,
      "highest_post_number": 4,
      "image_url": null,
      "created_at": "2024-09-20T05:14:50.174Z",
      "last_posted_at": "2024-09-21T06:24:15.684Z",
      "bumped": true,
      "bumped_at": "2024-09-20T05:43:58.809Z",
      "archetype": "regular",
      "unseen": false,
      "pinned": false,
      "unpinned": null,
      "visible": true,
      "closed": false,
      "archived": false,
      "bookmarked": null,
      "liked": null,
      "tags": [
        "clarification",
        "term3-2024"
      ],
      "tags_descriptions": {},
      "like_count": 1,
      "views": 59,
      "category_id": 51,
      "featured_link": null,
      "has_accepted_answer": true,
      "posters": [
        {
          "extras": null,
          "description": "Original Poster",
          "user": {
            "id": 23232,
            "username": "23f2002666",
            "name": "Shahil Arya",
            "avatar_template": "/user_avatar/discourse.onlinedegree.iitm.ac.in/23f2002666/{size}/114537_2.png",
            "primary_group_name": "ds-students",
            "flair_name": "ds-students",
            "flair_group_id": 294,
            "trust_level": 1
          }
        },
        {
          "extras": null,
          "description": "Frequent Poster, Accepted Answer",
          "user": {
            "id": 15475,
            "username": "22f3002293",
            "name": "Rajat Goel",
            "avatar_template": "/user_avatar/discourse.onlinedegree.iitm.ac.in/22f3002293/{size}/92210_2.png",
            "primary_group_name": "ds-students",
            "flair_name": "ds-students",
            "flair_group_id": 294,
            "trust_level": 2
          }
        },
        {
          "extras": "latest",
          "description": "Most Recent Poster",
          "user": {
            "id": 22968,
            "username": "rajan.iitm",
            "name": "Dr. Rajan Ranjith Kumar",
            "avatar_template": "/user_avatar/discourse.onlinedegree.iitm.ac.in/rajan.iitm/{size}/115224_2.png",
            "primary_group_name": "course_support",
            "flair_name": "course_support",
            "flair_url": "scale-balanced",
            "flair_bg_color": "0040ff",
            "flair_color": "1affc6",
            "flair_group_id": 41,
            "trust_level": 4
          }
        }
      ]
    },
    {
      "fancy_title": "Access to bsc-iitm organization on github",
      "id": 94731,
      "title": "Access to bsc-iitm organization on github",
      "slug": "access-to-bsc-iitm-organization-on-github",
      "posts_count": 1,
      "reply_count": 0,
      "highest_post_number": 1,
      "image_url": "https://europe1.discourse-cdn.com/flex013/uploads/iitm/optimized/3X/0/9/0914ac3b550d5d3b53cd812a25c801aef618699f_2_1024x512.jpeg",
      "created_at": "2023-07-10T15:44:35.868Z",
      "last_posted_at": "2023-07-10T15:44:35.987Z",
      "bumped": true,
      "bumped_at": "2023-07-10T15:44:35.987Z",
      "archetype": "regular",
      "unseen": false,
      "pinned": false,
      "unpinned": null,
      "visible": true,
      "closed": false,
      "archived": false,
      "bookmarked": null,
      "liked": null,
      "tags": [
        "operational",
        "projects"
      ],
      "tags_descriptions": {},
      "like_count": 0,
      "views": 73,
      "category_id": 7,
      "featured_link": null,
      "has_accepted_answer": false,
      "posters": [
        {
          "extras": "latest single",
          "description": "Original Poster, Most Recent Poster",
          "user": {
            "id": 6660,
            "username": "21f1004240",
            "name": "Megha",
            "avatar_template": "/user_avatar/discourse.onlinedegree.iitm.ac.in/21f1004240/{size}/636_2.png",
            "primary_group_name": "ds-students",
            "flair_name": "ds-students",
            "flair_group_id": 294,
            "trust_level": 1
          }
        }
      ]
    }
  ],
  "summarizable": true,
  "valid_reactions": [
    "heart",
    "+1",
    "laughing",
    "open_mouth",
    "clap",
    "confetti_ball",
    "rocket",
    "-1"
  ],
  "accepted_answer": {
    "post_number": 2,
    "username": "carlton",
    "name": null,
    "excerpt": "Currently we do not have any explicit policy regarding requiring IITM email as the github profile name or the github repo owner. \nWe DO however require you to use your IITM email when submitting the project submission form. \nWe are clarifying with operations at the moment if this arrangement satisfi&hellip;",
    "accepter_name": null,
    "accepter_username": "23f1001236"
  },
  "can_vote": false,
  "vote_count": 0,
  "user_voted": false,
  "discourse_zendesk_plugin_zendesk_id": null,
  "discourse_zendesk_plugin_zendesk_url": "https://your-url.zendesk.com/agent/tickets/",
  "details": {
    "can_edit": false,
    "notification_level": 1,
    "notifications_reason_id": null,
    "can_create_post": true,
    "can_reply_as_new_topic": true,
    "can_flag_topic": true,
    "participants": [
      {
        "id": 16094,
        "username": "carlton",
        "name": "Carlton D'Silva",
        "avatar_template": "/user_avatar/discourse.onlinedegree.iitm.ac.in/carlton/{size}/56317_2.png",
        "post_count": 1,
        "primary_group_name": "ds-students",
        "flair_name": "ds-students",
        "flair_url": null,
        "flair_color": "",
        "flair_bg_color": "",
        "flair_group_id": 294,
        "trust_level": 3
      },
      {
        "id": 25222,
        "username": "23f1001236",
        "name": "Mahesh Singh Bohra ",
        "avatar_template": "/user_avatar/discourse.onlinedegree.iitm.ac.in/23f1001236/{size}/114091_2.png",
        "post_count": 1,
        "primary_group_name": "ds-students",
        "flair_name": "ds-students",
        "flair_url": null,
        "flair_color": "",
        "flair_bg_color": "",
        "flair_group_id": 294,
        "trust_level": 1
      }
    ],
    "created_by": {
      "id": 25222,
      "username": "23f1001236",
      "name": "Mahesh Singh Bohra ",
      "avatar_template": "/user_avatar/discourse.onlinedegree.iitm.ac.in/23f1001236/{size}/114091_2.png"
    },
    "last_poster": {
      "id": 16094,
      "username": "carlton",
      "name": "Carlton D'Silva",
      "avatar_template": "/user_avatar/discourse.onlinedegree.iitm.ac.in/carlton/{size}/56317_2.png"
    }
  },
  "pending_posts": [],
  "bookmarks": []
}