{
  "post_stream": {
    "posts": [
      {
        "id": 614298,
        "name": "Aarush saxena ",
        "username": "23f2005702",
        "avatar_template": "/user_avatar/discourse.onlinedegree.iitm.ac.in/23f2005702/{size}/88240_2.png",
        "created_at": "2025-04-01T15:09:38.084Z",
        "cooked": "<p><a class=\"mention\" href=\"/u/s.anand\">@s.anand</a> <a class=\"mention\" href=\"/u/carlton\">@carlton</a> <a class=\"mention\" href=\"/u/saransh_saini\">@Saransh_Saini</a> <a class=\"mention\" href=\"/u/jivraj\">@Jivraj</a><br>\nI submitted the form before the deadline with the API endpoint as /api, but I later realized the correct format was /api/ (with a trailing slash). To fix this, I edited the Google Form today.</p>\n<p>Will this cause any issues with the submission? Please let me know if any further action is needed.</p>",
        "post_number": 1,
        "post_type": 1,
        "posts_count": 4,
        "updated_at": "2025-04-01T15:09:38.084Z",
        "reply_count": 0,
        "reply_to_post_number": null,
        "quote_count": 0,
        "incoming_link_count": 4,
        "reads": 64,
        "readers_count": 63,
        "score": 62.8,
        "yours": false,
        "topic_id": 171525,
        "topic_slug": "clarification-on-api-endpoint-correction-in-submission",
        "display_username": "Aarush saxena ",
        "primary_group_name": "ds-students",
        "flair_name": "ds-students",
        "flair_url": null,
        "flair_bg_color": "",
        "flair_color": "",
        "flair_group_id": 294,
        "badges_granted": [],
        "version": 1,
        "can_edit": false,
        "can_delete": false,
        "can_recover": false,
        "can_see_hidden_post": false,
        "can_wiki": false,
        "read": false,
        "user_title": "",
        "bookmarked": false,
        "actions_summary": [
          {
            "id": 2,
            "count": 2,
            "can_act": true
          },
          {
            "id": 6,
            "can_act": true
          },
          {
            "id": 3,
            "can_act": true
          },
          {
            "id": 4,
            "can_act": true
          },
          {
            "id": 8,
            "can_act": true
          },
          {
            "id": 10,
            "can_act": true
          },
          {
            "id": 7,
            "can_act": true
          }
        ],
        "moderator": false,
        "admin": false,
        "staff": false,
        "user_id": 25223,
        "hidden": false,
        "trust_level": 1,
        "deleted_at": null,
        "user_deleted": false,
        "edit_reason": null,
        "can_view_edit_history": true,
        "wiki": false,
        "post_url": "/t/clarification-on-api-endpoint-correction-in-submission/171525/1",
        "user_cakedate": "2024-01-19",
        "reactions": [
          {
            "id": "heart",
            "type": "emoji",
            "count": 2
          }
        ],
        "current_user_reaction": null,
        "reaction_users_count": 2,
        "current_user_used_main_reaction": false,
        "can_accept_answer": false,
        "can_unaccept_answer": false,
        "accepted_answer": false,
        "topic_accepted_answer": null,
        "can_vote": false
      },
      {
        "id": 614557,
        "name": "Pradeep Mondal",
        "username": "21f2000709",
        "avatar_template": "/user_avatar/discourse.onlinedegree.iitm.ac.in/21f2000709/{size}/141367_2.png",
        "created_at": "2025-04-02T11:52:04.861Z",
        "cooked": "<p>It is not like that, it can be any endpoint, but whatever you submit should work. Like many frameworks treat /api/ and /api differently.</p>\n<p>The project 2 docs assumes that the endpoint is /api/ and provides the code accordingly.</p>",
        "post_number": 2,
        "post_type": 1,
        "posts_count": 4,
        "updated_at": "2025-04-02T11:53:28.602Z",
        "reply_count": 1,
        "reply_to_post_number": null,
        "quote_count": 0,
        "incoming_link_count": 1,
        "reads": 63,
        "readers_count": 62,
        "score": 37.6,
        "yours": false,
        "topic_id": 171525,
        "topic_slug": "clarification-on-api-endpoint-correction-in-submission",
        "display_username": "Pradeep Mondal",
        "primary_group_name": "ds-students",
        "flair_name": "ds-students",
        "flair_url": null,
        "flair_bg_color": "",
        "flair_color": "",
        "flair_group_id": 294,
        "badges_granted": [],
        "version": 1,
        "can_edit": false,
        "can_delete": false,
        "can_recover": false,
        "can_see_hidden_post": false,
        "can_wiki": false,
        "read": false,
        "user_title": null,
        "bookmarked": false,
        "actions_summary": [
          {
            "id": 2,
            "count": 1,
            "can_act": true
          },
          {
            "id": 6,
            "can_act": true
          },
          {
            "id": 3,
            "can_act": true
          },
          {
            "id": 4,
            "can_act": true
          },
          {
            "id": 8,
            "can_act": true
          },
          {
            "id": 10,
            "can_act": true
          },
          {
            "id": 7,
            "can_act": true
          }
        ],
        "moderator": false,
        "admin": false,
        "staff": false,
        "user_id": 7034,
        "hidden": false,
        "trust_level": 1,
        "deleted_at": null,
        "user_deleted": false,
        "edit_reason": null,
        "can_view_edit_history": true,
        "wiki": false,
        "post_url": "/t/clarification-on-api-endpoint-correction-in-submission/171525/2",
        "user_cakedate": "2021-09-09",
        "reactions": [
          {
            "id": "heart",
            "type": "emoji",
            "count": 1
          }
        ],
        "current_user_reaction": null,
        "reaction_users_count": 1,
        "current_user_used_main_reaction": false,
        "can_accept_answer": false,
        "can_unaccept_answer": false,
        "accepted_answer": false,
        "topic_accepted_answer": null
      },
      {
        "id": 614567,
        "name": "Aarush saxena ",
        "username": "23f2005702",
        "avatar_template": "/user_avatar/discourse.onlinedegree.iitm.ac.in/23f2005702/{size}/88240_2.png",
        "created_at": "2025-04-02T12:04:08.373Z",
        "cooked": "<p>you are right but if I use postman with /api end point it wont work but with /api/ it will work so..</p>",
        "post_number": 3,
        "post_type": 1,
        "posts_count": 4,
        "updated_at": "2025-04-02T12:04:08.373Z",
        "reply_count": 0,
        "reply_to_post_number": 2,
        "quote_count": 0,
        "incoming_link_count": 2,
        "reads": 55,
        "readers_count": 54,
        "score": 51.0,
        "yours": false,
        "topic_id": 171525,
        "topic_slug": "clarification-on-api-endpoint-correction-in-submission",
        "display_username": "Aarush saxena ",
        "primary_group_name": "ds-students",
        "flair_name": "ds-students",
        "flair_url": null,
        "flair_bg_color": "",
        "flair_color": "",
        "flair_group_id": 294,
        "badges_granted": [],
        "version": 1,
        "can_edit": false,
        "can_delete": false,
        "can_recover": false,
        "can_see_hidden_post": false,
        "can_wiki": false,
        "read": false,
        "user_title": "",
        "reply_to_user": {
          "id": 7034,
          "username": "21f2000709",
          "name": "Pradeep Mondal",
          "avatar_template": "/user_avatar/discourse.onlinedegree.iitm.ac.in/21f2000709/{size}/141367_2.png"
        },
        "bookmarked": false,
        "actions_summary": [
          {
            "id": 2,
            "count": 2,
            "can_act": true
          },
          {
            "id": 6,
            "can_act": true
          },
          {
            "id": 3,
            "can_act": true
          },
          {
            "id": 4,
            "can_act": true
          },
          {
            "id": 8,
            "can_act": true
          },
          {
            "id": 10,
            "can_act": true
          },
          {
            "id": 7,
            "can_act": true
          }
        ],
        "moderator": false,
        "admin": false,
        "staff": false,
        "user_id": 25223,
        "hidden": false,
        "trust_level": 1,
        "deleted_at": null,
        "user_deleted": false,
        "edit_reason": null,
        "can_view_edit_history": true,
        "wiki": false,
        "post_url": "/t/clarification-on-api-endpoint-correction-in-submission/171525/3",
        "user_cakedate": "2024-01-19",
        "reactions": [
          {
            "id": "heart",
            "type": "emoji",
            "count": 2
          }
        ],
        "current_user_reaction": null,
        "reaction_users_count": 2,
        "current_user_used_main_reaction": false,
        "can_accept_answer": false,
        "can_unaccept_answer": false,
        "accepted_answer": false,
        "topic_accepted_answer": null
      },
      {
        "id": 615017,
        "name": "Aarush saxena ",
        "username": "23f2005702",
        "avatar_template": "/user_avatar/discourse.onlinedegree.iitm.ac.in/23f2005702/{size}/88240_2.png",
        "created_at": "2025-04-03T14:38:39.579Z",
        "cooked": "<p><a class=\"mention\" href=\"/u/saransh_saini\">@Saransh_Saini</a><br>\nHere is the tag</p>\n<p>And roll number  of people in collaboration with our project</p>\n<p>21f3001076@ds.study.iitm.ac.in</p>\n<p>23f2005702@ds.study.iitm.ac.in</p>\n<p>23f2004637@ds.study.iitm.ac.in</p>\n<p>23f2005702@ds.study.iitm.ac.in</p>",
        "post_number": 4,
        "post_type": 1,
        "posts_count": 4,
        "updated_at": "2025-04-03T14:42:25.613Z",
        "reply_count": 0,
        "reply_to_post_number": null,
        "quote_count": 0,
        "incoming_link_count": 1,
        "reads": 46,
        "readers_count": 45,
        "score": 44.2,
        "yours": false,
        "topic_id": 171525,
        "topic_slug": "clarification-on-api-endpoint-correction-in-submission",
        "display_username": "Aarush saxena ",
        "primary_group_name": "ds-students",
        "flair_name": "ds-students",
        "flair_url": null,
        "flair_bg_color": "",
        "flair_color": "",
        "flair_group_id": 294,
        "badges_granted": [],
        "version": 2,
        "can_edit": false,
        "can_delete": false,
        "can_recover": false,
        "can_see_hidden_post": false,
        "can_wiki": false,
        "read": false,
        "user_title": "",
        "bookmarked": false,
        "actions_summary": [
          {
            "id": 2,
            "count": 2,
            "can_act": true
          },
          {
            "id": 6,
            "can_act": true
          },
          {
            "id": 3,
            "can_act": true
          },
          {
            "id": 4,
            "can_act": true
          },
          {
            "id": 8,
            "can_act": true
          },
          {
            "id": 10,
            "can_act": true
          },
          {
            "id": 7,
            "can_act": true
          }
        ],
        "moderator": false,
        "admin": false,
        "staff": false,
        "user_id": 25223,
        "hidden": false,
        "trust_level": 1,
        "deleted_at": null,
        "user_deleted": false,
        "edit_reason": null,
        "can_view_edit_history": true,
        "wiki": false,
        "post_url": "/t/clarification-on-api-endpoint-correction-in-submission/171525/4",
        "user_cakedate": "2024-01-19",
        "reactions": [
          {
            "id": "+1",
            "type": "emoji",
            "count": 1
          },
          {
            "id": "heart",
            "type": "emoji",
            "count": 1
          }
        ],
        "current_user_reaction": null,
        "reaction_users_count": 2,
        "current_user_used_main_reaction": false,
        "can_accept_answer": false,
        "can_unaccept_answer": false,
        "accepted_answer": false,
        "topic_accepted_answer": null
      }
    ],
    "stream": [
      614298,
      614557,
      614567,
      615017
    ]
  },
  "timeline_lookup": [
    [
      1,
      230
    ],
    [
      2,
      229
    ],
    [
      4,
      228
    ]
  ],
  "suggested_topics": [
    {
      "fancy_title": "Submission Issue",
      "id": 191628,
      "title": "Submission Issue",
      "slug": "submission-issue",
      "posts_count": 1,
      "reply_count": 0,
      "highest_post_number": 1,
      "image_url": "https://europe1.discourse-cdn.com/flex013/uploads/iitm/optimized/3X/4/4/44dc3c61e92c828ce41f420245a133ac58e7488c_2_1024x576.png",
      "created_at": "2025-11-16T18:34:00.062Z",
      "last_posted_at": "2025-11-16T18:34:00.258Z",
      "bumped": true,
      "bumped_at": "2025-11-16T18:34:00.258Z",
      "archetype": "regular",
      "unseen": true,
      "pinned": false,
      "unpinned": null,
      "visible": true,
      "closed": false,
      "archived": false,
      "bookmarked": null,
      "liked": null,
      "tags": [
        "clarification",
        "operational",
        "term3-2025"
      ],
      "tags_descriptions": {},
      "like_count": 0,
      "views": 7,
      "category_id": 34,
      "featured_link": null,
      "has_accepted_answer": false,
      "posters": [
        {
          "extras": "latest single",
          "description": "Original Poster, Most Recent Poster",
          "user": {
            "id": 18836,
            "username": "23f2003033",
            "name": "Vedang Pawar",
            "avatar_template": "/user_avatar/discourse.onlinedegree.iitm.ac.in/23f2003033/{size}/67243_2.png",
            "primary_group_name": "ds-students",
            "flair_name": "ds-students",
            "flair_group_id": 294,
            "trust_level": 1
          }
        }
      ]
    }
  ],
  "tags": [
    "clarification",
    "diploma-level"
  ],
  "tags_descriptions": {},
  "fancy_title": "Clarification on API Endpoint Correction in Submission",
  "id": 171525,
  "title": "Clarification on API Endpoint Correction in Submission",
  "posts_count": 4,
  "created_at": "2025-04-01T15:09:37.885Z",
  "views": 109,
  "reply_count": 1,
  "like_count": 7,
  "last_posted_at": "2025-04-03T14:38:39.579Z",
  "visible": true,
  "closed": false,
  "archived": false,
  "has_summary": false,
  "archetype": "regular",
  "slug": "clarification-on-api-endpoint-correction-in-submission",
  "category_id": 34,
  "word_count": 158,
  "deleted_at": null,
  "user_id": 25223,
  "featured_link": null,
  "pinned_globally": false,
  "pinned_at": null,
  "pinned_until": null,
  "image_url": null,
  "slow_mode_seconds": 0,
  "draft": null,
  "draft_key": "topic_171525",
  "draft_sequence": 0,
  "posted": false,
  "unpinned": null,
  "pinned": false,
  "current_post_number": 1,
  "highest_post_number": 4,
  "last_read_post_number": null,
  "last_read_post_id": null,
  "deleted_by": null,
  "actions_summary": [
    {
      "id": 4,
      "count": 0,
      "hidden": false,
      "can_act": true
    },
    {
      "id": 8,
      "count": 0,
      "hidden": false,
      "can_act": true
    },
    {
      "id": 10,
      "count": 0,
      "hidden": false,
      "can_act": true
    },
    {
      "id": 7,
      "count": 0,
      "hidden": false,
      "can_act": true
    }
  ],
  "chunk_size": 20,
  "bookmarked": false,
  "topic_timer": null,
  "message_bus_last_id": 0,
  "participant_count": 2,
  "show_read_indicator": false,
  "thumbnails": null,
  "slow_mode_enabled_until": null,
  "tags_disable_ads": false,
  "related_topics": [
    {
      "fancy_title": "Regarding Project 1- Error in URL submission",
      "id": 189844,
      "title": "Regarding Project 1- Error in URL submission",
      "slug": "regarding-project-1-error-in-url-submission",
      "posts_count": 1,
      "reply_count": 0,
      "highest_post_number": 1,
      "image_url": null,
      "created_at": "2025-10-22T17:10:03.732Z",
      "last_posted_at": "2025-10-22T17:10:03.953Z",
      "bumped": true,
      "bumped_at": "2025-10-22T17:10:03.953Z",
      "archetype": "regular",
      "unseen": false,
      "pinned": false,
      "unpinned": null,
      "visible": true,
      "closed": false,
      "archived": false,
      "bookmarked": null,
      "liked": null,
      "tags": [
        "diploma-level",
        "term3-2025",
        "tds-project-1"
      ],
      "tags_descriptions": {},
      "like_count": 0,
      "views": 40,
      "category_id": 34,
      "featured_link": null,
      "has_accepted_answer": false,
      "posters": [
        {
          "extras": "latest single",
          "description": "Original Poster, Most Recent Poster",
          "user": {
            "id": 46049,
            "username": "25f1002763",
            "name": "Paridhi Ramtani ",
            "avatar_template": "/user_avatar/discourse.onlinedegree.iitm.ac.in/25f1002763/{size}/121698_2.png",
            "primary_group_name": "ds-students",
            "flair_name": "ds-students",
            "flair_group_id": 294,
            "trust_level": 1
          }
        }
      ]
    },
    {
      "fancy_title": "Project 2 Submission error",
      "id": 58338,
      "title": "Project 2 Submission error",
      "slug": "project-2-submission-error",
      "posts_count": 1,
      "reply_count": 0,
      "highest_post_number": 1,
      "image_url": "https://europe1.discourse-cdn.com/flex013/uploads/iitm/optimized/3X/6/0/60850d56934311b852605a3505280b18483dab3a_2_1024x504.png",
      "created_at": "2022-07-20T06:15:53.389Z",
      "last_posted_at": "2022-07-20T06:15:53.517Z",
      "bumped": true,
      "bumped_at": "2022-07-20T06:15:53.517Z",
      "archetype": "regular",
      "unseen": false,
      "pinned": false,
      "unpinned": null,
      "visible": true,
      "closed": false,
      "archived": false,
      "bookmarked": null,
      "liked": null,
      "tags": [
        "clarification"
      ],
      "tags_descriptions": {},
      "like_count": 0,
      "views": 37,
      "category_id": 34,
      "featured_link": null,
      "has_accepted_answer": false,
      "posters": [
        {
          "extras": "latest single",
          "description": "Original Poster, Most Recent Poster",
          "user": {
            "id": 5532,
            "username": "prk1410",
            "name": "Prathamesh Rajendra Kadam",
            "avatar_template": "/user_avatar/discourse.onlinedegree.iitm.ac.in/prk1410/{size}/13381_2.png",
            "primary_group_name": "ds-students",
            "flair_name": "ds-students",
            "flair_group_id": 294,
            "trust_level": 0
          }
        }
      ]
    },
    {
      "fancy_title": "Project_2 Technical error",
      "id": 58503,
      "title": "Project_2 Technical error",
      "slug": "project-2-technical-error",
      "posts_count": 2,
      "reply_count": 0,
      "highest_post_number": 2,
      "image_url": "https://europe1.discourse-cdn.com/flex013/uploads/iitm/optimized/3X/2/f/2f473abc07e757ce90969e0410de6ae0eb4daca5_2_1024x576.png",
      "created_at": "2022-07-21T14:00:24.456Z",
      "last_posted_at": "2022-07-22T10:35:11.471Z",
      "bumped": true,
      "bumped_at": "2022-07-22T10:35:11.471Z",
      "archetype": "regular",
      "unseen": false,
      "pinned": false,
      "unpinned": null,
      "visible": true,
      "closed": false,
      "archived": false,
      "bookmarked": null,
      "liked": null,
      "tags": [
        "term2-2022",
        "tds-project-2"
      ],
      "tags_descriptions": {},
      "like_count": 0,
      "views": 87,
      "category_id": 34,
      "featured_link": null,
      "has_accepted_answer": false,
      "posters": [
        {
          "extras": "latest single",
          "description": "Original Poster, Most Recent Poster",
          "user": {
            "id": 1235,
            "username": "Mainak",
            "name": "Mainak Banerjee",
            "avatar_template": "/user_avatar/discourse.onlinedegree.iitm.ac.in/mainak/{size}/257_2.png",
            "primary_group_name": "ds-students",
            "flair_name": "ds-students",
            "flair_group_id": 294,
            "trust_level": 1
          }
        }
      ]
    },
    {
      "fancy_title": "Project Submission Portal is Not working",
      "id": 96611,
      "title": "Project Submission Portal is Not working",
      "slug": "project-submission-portal-is-not-working",
      "posts_count": 10,
      "reply_count": 5,
      "highest_post_number": 10,
      "image_url": "https://europe1.discourse-cdn.com/flex013/uploads/iitm/optimized/3X/e/a/ead38ac8336d85abe0b78412936a339418f4504f_2_1024x501.png",
      "created_at": "2023-07-25T04:04:05.224Z",
      "last_posted_at": "2023-07-27T03:30:31.555Z",
      "bumped": true,
      "bumped_at": "2023-07-27T03:30:31.555Z",
      "archetype": "regular",
      "unseen": false,
      "pinned": false,
      "unpinned": null,
      "visible": true,
      "closed": false,
      "archived": false,
      "bookmarked": null,
      "liked": null,
      "tags": [
        "operational",
        "tds-project-1",
        "term2-2023"
      ],
      "tags_descriptions": {},
      "like_count": 0,
      "views": 95,
      "category_id": 34,
      "featured_link": null,
      "has_accepted_answer": true,
      "posters": [
        {
          "extras": "latest",
          "description": "Original Poster, Most Recent Poster",
          "user": {
            "id": 14458,
            "username": "surajdeotiwari",
            "name": "Surajdeo Tiwari",
            "avatar_template": "/user_avatar/discourse.onlinedegree.iitm.ac.in/surajdeotiwari/{size}/12682_2.png",
            "primary_group_name": "ds-students",
            "flair_name": "ds-students",
            "flair_group_id": 294,
            "trust_level": 1
          }
        },
        {
          "extras": null,
          "description": "Frequent Poster, Accepted Answer",
          "user": {
            "id": 1,
            "username": "jkmadathil",
            "name": "Jayakrishnan",
            "avatar_template": "/user_avatar/discourse.onlinedegree.iitm.ac.in/jkmadathil/{size}/100121_2.png",
            "primary_group_name": "pod-ops",
            "flair_name": "course_support",
            "flair_url": "scale-balanced",
            "flair_bg_color": "0040ff",
            "flair_color": "1affc6",
            "flair_group_id": 41,
            "admin": true,
            "trust_level": 4
          }
        },
        {
          "extras": null,
          "description": "Frequent Poster",
          "user": {
            "id": 7907,
            "username": "dibujohn",
            "name": "Dibu Philip",
            "avatar_template": "/user_avatar/discourse.onlinedegree.iitm.ac.in/dibujohn/{size}/12560_2.png",
            "primary_group_name": "course_support",
            "flair_name": "course_support",
            "flair_url": "scale-balanced",
            "flair_bg_color": "0040ff",
            "flair_color": "1affc6",
            "flair_group_id": 41,
            "trust_level": 4
          }
        },
        {
          "extras": null,
          "description": "Frequent Poster",
          "user": {
            "id": 9398,
            "username": "iamprasna",
            "name": "Prasanna",
            "avatar_template": "/user_avatar/discourse.onlinedegree.iitm.ac.in/iamprasna/{size}/13977_2.png",
            "primary_group_name": "course_support",
            "flair_name": "course_support",
            "flair_url": "scale-balanced",
            "flair_bg_color": "0040ff",
            "flair_color": "1affc6",
            "flair_group_id": 41,
            "trust_level": 4
          }
        }
      ]
    },
    {
      "fancy_title": "Q15 AND Q16 project 2",
      "id": 58356,
      "title": "Q15 AND Q16 project 2",
      "slug": "q15-and-q16-project-2",
      "posts_count": 4,
      "reply_count": 1,
      "highest_post_number": 4,
      "image_url": null,
      "created_at": "2022-07-20T10:30:46.034Z",
      "last_posted_at": "2022-07-20T17:20:55.521Z",
      "bumped": true,
      "bumped_at": "2022-07-20T17:20:55.521Z",
      "archetype": "regular",
      "unseen": false,
      "pinned": false,
      "unpinned": null,
      "visible": true,
      "closed": false,
      "archived": false,
      "bookmarked": null,
      "liked": null,
      "tags": [
        "clarification"
      ],
      "tags_descriptions": {},
      "like_count": 5,
      "views": 118,
      "category_id": 34,
      "featured_link": null,
      "has_accepted_answer": false,
      "posters": [
        {
          "extras": null,
          "description": "Original Poster",
          "user": {
            "id": 7024,
            "username": "21f2001140",
            "name": "Afrin",
            "avatar_template": "/user_avatar/discourse.onlinedegree.iitm.ac.in/21f2001140/{size}/13038_2.png",
            "primary_group_name": "ds-students",
            "flair_name": "ds-students",
            "flair_group_id": 294,
            "trust_level": 1
          }
        },
        {
          "extras": null,
          "description": "Frequent Poster",
          "user": {
            "id": 3307,
            "username": "SaptaRoss",
            "name": "Saptarshi Chowdhury",
            "avatar_template": "/user_avatar/discourse.onlinedegree.iitm.ac.in/saptaross/{size}/12401_2.png",
            "primary_group_name": "ds-students",
            "flair_name": "ds-students",
            "flair_group_id": 294,
            "trust_level": 1
          }
        },
        {
          "extras": null,
          "description": "Frequent Poster",
          "user": {
            "id": 8561,
            "username": "21f3001697",
            "name": "Sakthivel",
            "avatar_template": "/user_avatar/discourse.onlinedegree.iitm.ac.in/21f3001697/{size}/16738_2.png",
            "primary_group_name": "ds-students",
            "flair_name": "ds-students",
            "flair_group_id": 294,
            "trust_level": 1
          }
        },
        {
          "extras": "latest",
          "description": "Most Recent Poster",
          "user": {
            "id": 4731,
            "username": "_shrimay",
            "name": "Shrimay Kher",
            "avatar_template": "/user_avatar/discourse.onlinedegree.iitm.ac.in/_shrimay/{size}/55409_2.png",
            "primary_group_name": "ds-students",
            "flair_name": "ds-students",
            "flair_group_id": 294,
            "trust_level": 1
          }
        }
      ]
    }
  ],
  "summarizable": true,
  "valid_reactions": [
    "heart",
    "+1",
    "laughing",
    "open_mouth",
    "clap",
    "confetti_ball",
    "rocket",
    "-1"
  ],
  "can_vote": false,
  "vote_count": 0,
  "user_voted": false,
  "discourse_zendesk_plugin_zendesk_id": null,
  "discourse_zendesk_plugin_zendesk_url": "https://your-url.zendesk.com/agent/tickets/",
  "details": {
    "can_edit": false,
    "notification_level": 1,
    "notifications_reason_id": null,
    "can_create_post": true,
    "can_reply_as_new_topic": true,
    "can_flag_topic": true,
    "participants": [
      {
        "id": 25223,
        "username": "23f2005702",
        "name": "Aarush saxena ",
        "avatar_template": "/user_avatar/discourse.onlinedegree.iitm.ac.in/23f2005702/{size}/88240_2.png",
        "post_count": 3,
        "primary_group_name": "ds-students",
        "flair_name": "ds-students",
        "flair_url": null,
        "flair_color": "",
        "flair_bg_color": "",
        "flair_group_id": 294,
        "trust_level": 1
      },
      {
        "id": 7034,
        "username": "21f2000709",
        "name": "Pradeep Mondal",
        "avatar_template": "/user_avatar/discourse.onlinedegree.iitm.ac.in/21f2000709/{size}/141367_2.png",
        "post_count": 1,
        "primary_group_name": "ds-students",
        "flair_name": "ds-students",
        "flair_url": null,
        "flair_color": "",
        "flair_bg_color": "",
        "flair_group_id": 294,
        "trust_level": 1
      }
    ],
    "created_by": {
      "id": 25223,
      "username": "23f2005702",
      "name": "Aarush saxena ",
      "avatar_template": "/user_avatar/discourse.onlinedegree.iitm.ac.in/23f2005702/{size}/88240_2.png"
    },
    "last_poster": {
      "id": 25223,
      "username": "23f2005702",
      "name": "Aarush saxena ",
      "avatar_template": "/user_avatar/discourse.onlinedegree.iitm.ac.in/23f2005702/{size}/88240_2.png"
    }
  },
  "pending_posts": [],
  "bookmarks": []
}