{
  "post_stream": {
    "posts": [
      {
        "id": 586556,
        "name": "Chitrakshi Sawant",
        "username": "cshetty",
        "avatar_template": "/user_avatar/discourse.onlinedegree.iitm.ac.in/cshetty/{size}/33340_2.png",
        "created_at": "2025-01-27T05:03:26.651Z",
        "cooked": "<p>I cannot find the questions of GA1 since the submission date has passed, can you help me</p>",
        "post_number": 1,
        "post_type": 1,
        "posts_count": 2,
        "updated_at": "2025-02-07T12:26:59.093Z",
        "reply_count": 0,
        "reply_to_post_number": null,
        "quote_count": 0,
        "incoming_link_count": 1,
        "reads": 62,
        "readers_count": 61,
        "score": 17.4,
        "yours": false,
        "topic_id": 165416,
        "topic_slug": "where-can-i-find-the-tds-ga1-after-the-submission-date-has-passed",
        "display_username": "Chitrakshi Sawant",
        "primary_group_name": "ds-students",
        "flair_name": "ds-students",
        "flair_url": null,
        "flair_bg_color": "",
        "flair_color": "",
        "flair_group_id": 294,
        "badges_granted": [],
        "version": 2,
        "can_edit": false,
        "can_delete": false,
        "can_recover": false,
        "can_see_hidden_post": false,
        "can_wiki": false,
        "read": false,
        "user_title": null,
        "bookmarked": false,
        "actions_summary": [
          {
            "id": 2,
            "can_act": true
          },
          {
            "id": 6,
            "can_act": true
          },
          {
            "id": 3,
            "can_act": true
          },
          {
            "id": 4,
            "can_act": true
          },
          {
            "id": 8,
            "can_act": true
          },
          {
            "id": 10,
            "can_act": true
          },
          {
            "id": 7,
            "can_act": true
          }
        ],
        "moderator": false,
        "admin": false,
        "staff": false,
        "user_id": 13105,
        "hidden": false,
        "trust_level": 1,
        "deleted_at": null,
        "user_deleted": false,
        "edit_reason": null,
        "can_view_edit_history": true,
        "wiki": false,
        "post_url": "/t/where-can-i-find-the-tds-ga1-after-the-submission-date-has-passed/165416/1",
        "user_cakedate": "2022-05-03",
        "reactions": [],
        "current_user_reaction": null,
        "reaction_users_count": 0,
        "current_user_used_main_reaction": false,
        "can_accept_answer": false,
        "can_unaccept_answer": false,
        "accepted_answer": false,
        "topic_accepted_answer": null,
        "can_vote": false
      },
      {
        "id": 591724,
        "name": "Srinivas Chilukuri",
        "username": "shriaviator",
        "avatar_template": "https://avatars.discourse-cdn.com/v4/letter/s/59ef9b/{size}.png",
        "created_at": "2025-02-07T12:27:11.389Z",
        "cooked": "<p><a class=\"mention\" href=\"/u/cshetty\">@cshetty</a><br>\nTopic moved to the appropriate category in order to get faster responses.</p>\n<p><strong>Please make it easier for others to help you, by ensuring that topics are created in the correct categories.</strong></p>",
        "post_number": 3,
        "post_type": 1,
        "posts_count": 2,
        "updated_at": "2025-02-07T12:27:11.389Z",
        "reply_count": 0,
        "reply_to_post_number": null,
        "quote_count": 0,
        "incoming_link_count": 0,
        "reads": 34,
        "readers_count": 33,
        "score": 6.8,
        "yours": false,
        "topic_id": 165416,
        "topic_slug": "where-can-i-find-the-tds-ga1-after-the-submission-date-has-passed",
        "display_username": "Srinivas Chilukuri",
        "primary_group_name": "ds-students",
        "flair_name": "Community-TA",
        "flair_url": "handshake-angle",
        "flair_bg_color": "717BF7",
        "flair_color": "6BEE3D",
        "flair_group_id": 89,
        "badges_granted": [],
        "version": 1,
        "can_edit": false,
        "can_delete": false,
        "can_recover": false,
        "can_see_hidden_post": false,
        "can_wiki": false,
        "read": false,
        "user_title": "Community-TA",
        "title_is_group": false,
        "bookmarked": false,
        "actions_summary": [
          {
            "id": 2,
            "can_act": true
          },
          {
            "id": 6,
            "can_act": true
          },
          {
            "id": 3,
            "can_act": true
          },
          {
            "id": 4,
            "can_act": true
          },
          {
            "id": 8,
            "can_act": true
          },
          {
            "id": 10,
            "can_act": true
          },
          {
            "id": 7,
            "can_act": true
          }
        ],
        "moderator": false,
        "admin": false,
        "staff": false,
        "group_moderator": true,
        "user_id": 3230,
        "hidden": false,
        "trust_level": 2,
        "deleted_at": null,
        "user_deleted": false,
        "edit_reason": null,
        "can_view_edit_history": true,
        "wiki": false,
        "post_url": "/t/where-can-i-find-the-tds-ga1-after-the-submission-date-has-passed/165416/3",
        "user_cakedate": "2021-05-03",
        "user_birthdate": "1904-04-05",
        "reactions": [],
        "current_user_reaction": null,
        "reaction_users_count": 0,
        "current_user_used_main_reaction": false,
        "can_accept_answer": false,
        "can_unaccept_answer": false,
        "accepted_answer": false,
        "topic_accepted_answer": null
      }
    ],
    "stream": [
      586556,
      591724
    ]
  },
  "timeline_lookup": [
    [
      1,
      294
    ],
    [
      2,
      283
    ]
  ],
  "suggested_topics": [
    {
      "fancy_title": "Submission Issue",
      "id": 191628,
      "title": "Submission Issue",
      "slug": "submission-issue",
      "posts_count": 1,
      "reply_count": 0,
      "highest_post_number": 1,
      "image_url": "https://europe1.discourse-cdn.com/flex013/uploads/iitm/optimized/3X/4/4/44dc3c61e92c828ce41f420245a133ac58e7488c_2_1024x576.png",
      "created_at": "2025-11-16T18:34:00.062Z",
      "last_posted_at": "2025-11-16T18:34:00.258Z",
      "bumped": true,
      "bumped_at": "2025-11-16T18:34:00.258Z",
      "archetype": "regular",
      "unseen": true,
      "pinned": false,
      "unpinned": null,
      "visible": true,
      "closed": false,
      "archived": false,
      "bookmarked": null,
      "liked": null,
      "tags": [
        "clarification",
        "operational",
        "term3-2025"
      ],
      "tags_descriptions": {},
      "like_count": 0,
      "views": 7,
      "category_id": 34,
      "featured_link": null,
      "has_accepted_answer": false,
      "posters": [
        {
          "extras": "latest single",
          "description": "Original Poster, Most Recent Poster",
          "user": {
            "id": 18836,
            "username": "23f2003033",
            "name": "Vedang Pawar",
            "avatar_template": "/user_avatar/discourse.onlinedegree.iitm.ac.in/23f2003033/{size}/67243_2.png",
            "primary_group_name": "ds-students",
            "flair_name": "ds-students",
            "flair_group_id": 294,
            "trust_level": 1
          }
        }
      ]
    }
  ],
  "tags": [
    "clarification",
    "diploma-level"
  ],
  "tags_descriptions": {},
  "fancy_title": "Where can i find the TDS GA1 after the submission date has passed?",
  "id": 165416,
  "title": "Where can i find the TDS GA1 after the submission date has passed?",
  "posts_count": 2,
  "created_at": "2025-01-27T05:03:26.563Z",
  "views": 74,
  "reply_count": 0,
  "like_count": 0,
  "last_posted_at": "2025-02-07T12:27:11.389Z",
  "visible": true,
  "closed": false,
  "archived": false,
  "has_summary": false,
  "archetype": "regular",
  "slug": "where-can-i-find-the-tds-ga1-after-the-submission-date-has-passed",
  "category_id": 34,
  "word_count": 49,
  "deleted_at": null,
  "user_id": 13105,
  "featured_link": null,
  "pinned_globally": false,
  "pinned_at": null,
  "pinned_until": null,
  "image_url": null,
  "slow_mode_seconds": 0,
  "draft": null,
  "draft_key": "topic_165416",
  "draft_sequence": 0,
  "posted": false,
  "unpinned": null,
  "pinned": false,
  "current_post_number": 1,
  "highest_post_number": 3,
  "last_read_post_number": null,
  "last_read_post_id": null,
  "deleted_by": null,
  "actions_summary": [
    {
      "id": 4,
      "count": 0,
      "hidden": false,
      "can_act": true
    },
    {
      "id": 8,
      "count": 0,
      "hidden": false,
      "can_act": true
    },
    {
      "id": 10,
      "count": 0,
      "hidden": false,
      "can_act": true
    },
    {
      "id": 7,
      "count": 0,
      "hidden": false,
      "can_act": true
    }
  ],
  "chunk_size": 20,
  "bookmarked": false,
  "topic_timer": null,
  "message_bus_last_id": 0,
  "participant_count": 2,
  "show_read_indicator": false,
  "thumbnails": null,
  "slow_mode_enabled_until": null,
  "tags_disable_ads": false,
  "related_topics": [
    {
      "fancy_title": "Tds ga-7",
      "id": 72107,
      "title": "Tds ga-7",
      "slug": "tds-ga-7",
      "posts_count": 1,
      "reply_count": 0,
      "highest_post_number": 1,
      "image_url": null,
      "created_at": "2022-11-28T18:36:12.748Z",
      "last_posted_at": "2022-11-28T18:36:12.963Z",
      "bumped": true,
      "bumped_at": "2022-11-28T18:36:12.963Z",
      "archetype": "regular",
      "unseen": false,
      "pinned": false,
      "unpinned": null,
      "visible": true,
      "closed": false,
      "archived": false,
      "bookmarked": null,
      "liked": null,
      "tags": [
        "operational",
        "week-7",
        "graded-question"
      ],
      "tags_descriptions": {},
      "like_count": 0,
      "views": 34,
      "category_id": 34,
      "featured_link": null,
      "has_accepted_answer": false,
      "posters": [
        {
          "extras": "latest single",
          "description": "Original Poster, Most Recent Poster",
          "user": {
            "id": 9162,
            "username": "22ds1000152",
            "name": "GP",
            "avatar_template": "/user_avatar/discourse.onlinedegree.iitm.ac.in/22ds1000152/{size}/36841_2.png",
            "primary_group_name": "ds-students",
            "flair_name": "ds-students",
            "flair_group_id": 294,
            "trust_level": 1
          }
        }
      ]
    },
    {
      "fancy_title": "Questions closed (GA)",
      "id": 165433,
      "title": "Questions closed (GA)",
      "slug": "questions-closed-ga",
      "posts_count": 7,
      "reply_count": 2,
      "highest_post_number": 7,
      "image_url": null,
      "created_at": "2025-01-27T07:08:48.980Z",
      "last_posted_at": "2025-02-07T07:36:00.899Z",
      "bumped": true,
      "bumped_at": "2025-02-07T07:36:00.899Z",
      "archetype": "regular",
      "unseen": false,
      "last_read_post_number": null,
      "unread": 0,
      "new_posts": 0,
      "unread_posts": 0,
      "pinned": false,
      "unpinned": null,
      "visible": true,
      "closed": false,
      "archived": false,
      "notification_level": 1,
      "bookmarked": false,
      "liked": false,
      "tags": [
        "miscellaneous",
        "operational",
        "diploma-level",
        "tds"
      ],
      "tags_descriptions": {},
      "like_count": 10,
      "views": 110,
      "category_id": 34,
      "featured_link": null,
      "has_accepted_answer": true,
      "posters": [
        {
          "extras": "latest",
          "description": "Original Poster, Most Recent Poster",
          "user": {
            "id": 13976,
            "username": "22f2000559",
            "name": "Anushka Kumar",
            "avatar_template": "/user_avatar/discourse.onlinedegree.iitm.ac.in/22f2000559/{size}/13152_2.png",
            "primary_group_name": "ds-students",
            "flair_name": "ds-students",
            "flair_group_id": 294,
            "trust_level": 1
          }
        },
        {
          "extras": null,
          "description": "Frequent Poster, Accepted Answer",
          "user": {
            "id": 9419,
            "username": "s.anand",
            "name": "Anand S",
            "avatar_template": "/user_avatar/discourse.onlinedegree.iitm.ac.in/s.anand/{size}/15264_2.png",
            "primary_group_name": "faculty",
            "flair_name": "faculty",
            "flair_url": "chalkboard-user",
            "flair_bg_color": "f2c26e",
            "flair_color": "000",
            "flair_group_id": 54,
            "trust_level": 4
          }
        },
        {
          "extras": null,
          "description": "Frequent Poster",
          "user": {
            "id": 7795,
            "username": "Yogesh1",
            "name": "Yogesh",
            "avatar_template": "/user_avatar/discourse.onlinedegree.iitm.ac.in/yogesh1/{size}/32697_2.png",
            "primary_group_name": "ds-students",
            "flair_name": "ds-students",
            "flair_group_id": 294,
            "trust_level": 1
          }
        },
        {
          "extras": null,
          "description": "Frequent Poster",
          "user": {
            "id": 3672,
            "username": "parthpatel",
            "name": "Parth Patel",
            "avatar_template": "/user_avatar/discourse.onlinedegree.iitm.ac.in/parthpatel/{size}/253_2.png",
            "primary_group_name": "ds-students",
            "flair_name": "ds-students",
            "flair_group_id": 294,
            "trust_level": 1
          }
        }
      ]
    },
    {
      "fancy_title": "Quiz2 &amp; Final - where the previous few question papers of TDS and their solutions available?",
      "id": 97571,
      "title": "Quiz2 & Final - where the previous few question papers of TDS and their solutions available?",
      "slug": "quiz2-final-where-the-previous-few-question-papers-of-tds-and-their-solutions-available",
      "posts_count": 1,
      "reply_count": 0,
      "highest_post_number": 1,
      "image_url": null,
      "created_at": "2023-08-02T02:02:11.279Z",
      "last_posted_at": "2023-08-02T02:02:11.412Z",
      "bumped": true,
      "bumped_at": "2023-08-02T02:02:11.412Z",
      "archetype": "regular",
      "unseen": false,
      "pinned": false,
      "unpinned": null,
      "visible": true,
      "closed": false,
      "archived": false,
      "bookmarked": null,
      "liked": null,
      "tags": [
        "operational",
        "course-portal"
      ],
      "tags_descriptions": {},
      "like_count": 0,
      "views": 37,
      "category_id": 34,
      "featured_link": null,
      "has_accepted_answer": false,
      "posters": [
        {
          "extras": "latest single",
          "description": "Original Poster, Most Recent Poster",
          "user": {
            "id": 11746,
            "username": "21f3002825",
            "name": "Shyam Kumar Sinha",
            "avatar_template": "/user_avatar/discourse.onlinedegree.iitm.ac.in/21f3002825/{size}/13038_2.png",
            "primary_group_name": "ds-students",
            "flair_name": "ds-students",
            "flair_group_id": 294,
            "trust_level": 1
          }
        }
      ]
    },
    {
      "fancy_title": "Supplementary contents for TDS",
      "id": 53062,
      "title": "Supplementary contents for TDS",
      "slug": "supplementary-contents-for-tds",
      "posts_count": 1,
      "reply_count": 0,
      "highest_post_number": 1,
      "image_url": null,
      "created_at": "2022-06-11T18:21:43.137Z",
      "last_posted_at": "2022-06-11T18:21:43.268Z",
      "bumped": true,
      "bumped_at": "2022-06-11T18:21:43.268Z",
      "archetype": "regular",
      "unseen": false,
      "pinned": false,
      "unpinned": null,
      "visible": true,
      "closed": false,
      "archived": false,
      "bookmarked": null,
      "liked": null,
      "tags": [
        "clarification"
      ],
      "tags_descriptions": {},
      "like_count": 0,
      "views": 63,
      "category_id": 34,
      "featured_link": null,
      "has_accepted_answer": false,
      "posters": [
        {
          "extras": "latest single",
          "description": "Original Poster, Most Recent Poster",
          "user": {
            "id": 9050,
            "username": "22ds1000018",
            "name": "Venkatesh S",
            "avatar_template": "/user_avatar/discourse.onlinedegree.iitm.ac.in/22ds1000018/{size}/1164_2.png",
            "primary_group_name": "ds-students",
            "flair_name": "ds-students",
            "flair_group_id": 294,
            "trust_level": 1
          }
        }
      ]
    },
    {
      "fancy_title": "Peer Help Needed TDS Jul2024",
      "id": 140260,
      "title": "Peer Help Needed TDS Jul2024",
      "slug": "peer-help-needed-tds-jul2024",
      "posts_count": 2,
      "reply_count": 0,
      "highest_post_number": 2,
      "image_url": null,
      "created_at": "2024-07-18T06:35:09.994Z",
      "last_posted_at": "2024-07-19T03:51:44.665Z",
      "bumped": true,
      "bumped_at": "2024-07-19T03:51:44.665Z",
      "archetype": "regular",
      "unseen": false,
      "pinned": false,
      "unpinned": null,
      "visible": true,
      "closed": false,
      "archived": false,
      "bookmarked": null,
      "liked": null,
      "tags": [
        "clarification",
        "operational"
      ],
      "tags_descriptions": {},
      "like_count": 0,
      "views": 70,
      "category_id": 34,
      "featured_link": null,
      "has_accepted_answer": false,
      "posters": [
        {
          "extras": null,
          "description": "Original Poster",
          "user": {
            "id": 12513,
            "username": "SrividyaV",
            "name": "Srividya V",
            "avatar_template": "/user_avatar/discourse.onlinedegree.iitm.ac.in/srividyav/{size}/13233_2.png",
            "primary_group_name": "ds-students",
            "flair_name": "ds-students",
            "flair_group_id": 294,
            "trust_level": 1
          }
        },
        {
          "extras": "latest",
          "description": "Most Recent Poster",
          "user": {
            "id": 16094,
            "username": "carlton",
            "name": "Carlton D'Silva",
            "avatar_template": "/user_avatar/discourse.onlinedegree.iitm.ac.in/carlton/{size}/56317_2.png",
            "primary_group_name": "ds-students",
            "flair_name": "ds-students",
            "flair_group_id": 294,
            "trust_level": 3
          }
        }
      ]
    }
  ],
  "summarizable": true,
  "valid_reactions": [
    "heart",
    "+1",
    "laughing",
    "open_mouth",
    "clap",
    "confetti_ball",
    "rocket",
    "-1"
  ],
  "can_vote": false,
  "vote_count": 0,
  "user_voted": false,
  "discourse_zendesk_plugin_zendesk_id": null,
  "discourse_zendesk_plugin_zendesk_url": "https://your-url.zendesk.com/agent/tickets/",
  "details": {
    "can_edit": false,
    "notification_level": 1,
    "notifications_reason_id": null,
    "can_create_post": true,
    "can_reply_as_new_topic": true,
    "can_flag_topic": true,
    "participants": [
      {
        "id": 3230,
        "username": "shriaviator",
        "name": "Srinivas Chilukuri",
        "avatar_template": "https://avatars.discourse-cdn.com/v4/letter/s/59ef9b/{size}.png",
        "post_count": 1,
        "primary_group_name": "ds-students",
        "flair_name": "Community-TA",
        "flair_url": "handshake-angle",
        "flair_color": "6BEE3D",
        "flair_bg_color": "717BF7",
        "flair_group_id": 89,
        "trust_level": 2
      },
      {
        "id": 13105,
        "username": "cshetty",
        "name": "Chitrakshi Sawant",
        "avatar_template": "/user_avatar/discourse.onlinedegree.iitm.ac.in/cshetty/{size}/33340_2.png",
        "post_count": 1,
        "primary_group_name": "ds-students",
        "flair_name": "ds-students",
        "flair_url": null,
        "flair_color": "",
        "flair_bg_color": "",
        "flair_group_id": 294,
        "trust_level": 1
      }
    ],
    "created_by": {
      "id": 13105,
      "username": "cshetty",
      "name": "Chitrakshi Sawant",
      "avatar_template": "/user_avatar/discourse.onlinedegree.iitm.ac.in/cshetty/{size}/33340_2.png"
    },
    "last_poster": {
      "id": 3230,
      "username": "shriaviator",
      "name": "Srinivas Chilukuri",
      "avatar_template": "https://avatars.discourse-cdn.com/v4/letter/s/59ef9b/{size}.png"
    }
  },
  "pending_posts": [],
  "bookmarks": []
}