{
  "post_stream": {
    "posts": [
      {
        "id": 590924,
        "name": "SAKSHI PATHAK",
        "username": "Sakshi6479",
        "avatar_template": "/user_avatar/discourse.onlinedegree.iitm.ac.in/sakshi6479/{size}/110446_2.png",
        "created_at": "2025-02-05T16:57:48.827Z",
        "cooked": "<p>sir I am not able to solve these question I have tried all thing also the video which you shared but still after using postman also i am unable to answer it (showing methods not allowed everytime)and also in Q8 I am having this problem<br>\n<div class=\"lightbox-wrapper\"><a class=\"lightbox\" href=\"https://europe1.discourse-cdn.com/flex013/uploads/iitm/original/3X/d/7/d7e9677b9a8d204c98e6008ef57a884177301fad.png\" data-download-href=\"/uploads/short-url/uO2IMULv8781t3KaxFm3cnClrsx.png?dl=1\" title=\"Screenshot 2025-02-05 182750\" rel=\"noopener nofollow ugc\"><img src=\"https://europe1.discourse-cdn.com/flex013/uploads/iitm/optimized/3X/d/7/d7e9677b9a8d204c98e6008ef57a884177301fad_2_690x366.png\" alt=\"Screenshot 2025-02-05 182750\" data-base62-sha1=\"uO2IMULv8781t3KaxFm3cnClrsx\" width=\"690\" height=\"366\" srcset=\"https://europe1.discourse-cdn.com/flex013/uploads/iitm/optimized/3X/d/7/d7e9677b9a8d204c98e6008ef57a884177301fad_2_690x366.png, https://europe1.discourse-cdn.com/flex013/uploads/iitm/optimized/3X/d/7/d7e9677b9a8d204c98e6008ef57a884177301fad_2_1035x549.png 1.5x, https://europe1.discourse-cdn.com/flex013/uploads/iitm/optimized/3X/d/7/d7e9677b9a8d204c98e6008ef57a884177301fad_2_1380x732.png 2x\" data-dominant-color=\"1C1E1B\"><div class=\"meta\"><svg class=\"fa d-icon d-icon-far-image svg-icon\" aria-hidden=\"true\"><use href=\"#far-image\"></use></svg><span class=\"filename\">Screenshot 2025-02-05 182750</span><span class=\"informations\">1917×1018 38.3 KB</span><svg class=\"fa d-icon d-icon-discourse-expand svg-icon\" aria-hidden=\"true\"><use href=\"#discourse-expand\"></use></svg></div></a></div></p>\n<pre><code class=\"lang-auto\">import requests\nfrom fastapi import FastAPI, HTTPException\nfrom pydantic import BaseModel\nfrom sentence_transformers import util\nfrom fastapi.middleware.cors import CORSMiddleware\nfrom typing import List\n\n# Create FastAPI app\napp = FastAPI()\n\n# Enable CORS\napp.add_middleware(\n    CORSMiddleware,\n    allow_origins=[\"*\"],  # Allow all origins\n    allow_credentials=True,\n    allow_methods=[\"OPTIONS\", \"POST\"],  # Allow OPTIONS and POST\n    allow_headers=[\"*\"],  # Allow all headers\n)\n\n# Pydantic model to parse incoming data\nclass SimilarityRequest(BaseModel):\n    docs: List[str]\n    query: str\n\n# OpenAI API key and URL\nAPI_URL = \"https://aiproxy.sanand.workers.dev/openai/v1/embeddings\"\nAPI_KEY = \"enter your key\"  # Replace with your actual API key\n\ndef get_embeddings(docs: List[str]) -&gt; List[List[float]]:\n    \"\"\"Retrieve embeddings for a list of documents from OpenAI's API.\"\"\"\n    headers = {\n        \"Content-Type\": \"application/json\",\n        \"Authorization\": f\"Bearer {API_KEY}\",\n    }\n    \n    data = {\n        \"model\": \"text-embedding-3-small\",  # Use the correct model\n        \"input\": docs\n    }\n\n    response = requests.post(API_URL, json=data, headers=headers)\n\n    if response.status_code != 200:\n        raise HTTPException(status_code=response.status_code, detail=\"API request failed\")\n\n    response_data = response.json()\n    if 'data' not in response_data:\n        raise KeyError(\"Missing 'data' field in API response\")\n\n    return [embedding['embedding'] for embedding in response_data['data']]\n\n@app.post(\"/similarity\")\nasync def similarity(request: SimilarityRequest):\n    # Get embeddings for docs and query\n    docs = request.docs\n    query = request.query\n\n    # Get embeddings for the documents and query\n    all_docs = docs + [query]  # Combine documents and query into one list\n    embeddings = get_embeddings(all_docs)  # Get embeddings from OpenAI API\n\n    doc_embeddings = embeddings[:-1]  # All embeddings except for the query\n    query_embedding = embeddings[-1]  # The last embedding is for the query\n\n    # Calculate cosine similarities\n    similarities = util.cos_sim(query_embedding, doc_embeddings)[0].cpu().numpy()\n\n    # Sort documents by similarity (highest first)\n    sorted_docs = sorted(zip(docs, similarities), key=lambda x: x[1], reverse=True)\n\n    # Return the top 3 most similar documents\n    top_matches = [doc for doc, _ in sorted_docs[:3]]\n    \n    return {\"matches\": top_matches}\n\n\n</code></pre>\n<p>for Q8</p>\n<pre><code class=\"lang-auto\">from fastapi import FastAPI\nfrom fastapi.responses import JSONResponse\nfrom fastapi.middleware.cors import CORSMiddleware\nfrom typing import Dict, Any\nimport re\n\n# Create the FastAPI app\napp = FastAPI()\n\n# CORS configuration to allow any origin\napp.add_middleware(\n    CORSMiddleware,\n    allow_origins=[\"*\"],  # Allows all origins\n    allow_credentials=True,\n    allow_methods=[\"*\"],  # Allows all methods (GET, POST, etc.)\n    allow_headers=[\"*\"],  # Allows all headers\n)\ndef get_ticket_status(ticket_id: int) -&gt; Dict[str, Any]:\n    # Mock response for illustration purposes\n    return {\"ticket_id\": ticket_id, \"status\": \"open\"}\n\ndef schedule_meeting(date: str, time: str, meeting_room: str) -&gt; Dict[str, Any]:\n    # Mock response for illustration purposes\n    return {\"date\": date, \"time\": time, \"meeting_room\": meeting_room, \"status\": \"scheduled\"}\n\ndef get_expense_balance(employee_id: int) -&gt; Dict[str, Any]:\n    # Mock response for illustration purposes\n    return {\"employee_id\": employee_id, \"balance\": 1000.0}\n\ndef calculate_performance_bonus(employee_id: int, current_year: int) -&gt; Dict[str, Any]:\n    # Mock response for illustration purposes\n    return {\"employee_id\": employee_id, \"current_year\": current_year, \"bonus\": 500.0}\n\ndef report_office_issue(issue_code: int, department: str) -&gt; Dict[str, Any]:\n    # Mock response for illustration purposes\n    return {\"issue_code\": issue_code, \"department\": department, \"status\": \"reported\"}\nimport re\n\ndef extract_parameters(query: str) -&gt; Dict[str, Any]:\n    \"\"\"Extract parameters from the query string.\"\"\"\n    # Convert the query to lowercase for case-insensitive matching\n    query = query.strip().lower()\n\n    if match := re.match(r\"what is the status of ticket (\\d+)\\?\", query):\n        return {\n            \"name\": \"get_ticket_status\",\n            \"arguments\": {\"ticket_id\": int(match.group(1))}\n        }\n    elif match := re.match(r\"schedule a meeting on (\\d{4}-\\d{2}-\\d{2}) at (\\d{2}:\\d{2}) in (.+)\\.\", query):\n        return {\n            \"name\": \"schedule_meeting\",\n            \"arguments\": {\n                \"date\": match.group(1),\n                \"time\": match.group(2),\n                \"meeting_room\": match.group(3)\n            }\n        }\n    elif match := re.match(r\"show my expense balance for employee (\\d+)\\.\", query):\n        return {\n            \"name\": \"get_expense_balance\",\n            \"arguments\": {\"employee_id\": int(match.group(1))}\n        }\n    elif match := re.match(r\"calculate performance bonus for employee (\\d+) for (\\d{4})\\.\", query):\n        return {\n            \"name\": \"calculate_performance_bonus\",\n            \"arguments\": {\n                \"employee_id\": int(match.group(1)),\n                \"current_year\": int(match.group(2))\n            }\n        }\n    elif match := re.match(r\"report office issue (\\d+) for the (\\w+) department\\.\", query):\n        return {\n            \"name\": \"report_office_issue\",\n            \"arguments\": {\n                \"issue_code\": int(match.group(1)),\n                \"department\": match.group(2)\n            }\n        }\n    return {}\n\n@app.get(\"/execute\")\nasync def execute_query(q: str):\n    # Extract the function name and arguments from the query\n    result = extract_parameters(q)\n    \n    if not result:\n        return JSONResponse(content={\"error\": \"No matching function found for the query\"}, status_code=400)\n    \n    # Call the respective function\n    func_name = result[\"name\"]\n    arguments = result[\"arguments\"]\n    \n    # Call the function dynamically based on func_name\n    if func_name == \"get_ticket_status\":\n        response = get_ticket_status(**arguments)\n    elif func_name == \"schedule_meeting\":\n        response = schedule_meeting(**arguments)\n    elif func_name == \"get_expense_balance\":\n        response = get_expense_balance(**arguments)\n    elif func_name == \"calculate_performance_bonus\":\n        response = calculate_performance_bonus(**arguments)\n    elif func_name == \"report_office_issue\":\n        response = report_office_issue(**arguments)\n    \n    # Return the response in the requested format\n    return JSONResponse(content={\"name\": func_name, \"arguments\": arguments}, status_code=200)\n\n</code></pre>",
        "post_number": 1,
        "post_type": 1,
        "posts_count": 1,
        "updated_at": "2025-02-05T16:57:48.827Z",
        "reply_count": 0,
        "reply_to_post_number": null,
        "quote_count": 0,
        "incoming_link_count": 1,
        "reads": 46,
        "readers_count": 45,
        "score": 14.2,
        "yours": false,
        "topic_id": 166357,
        "topic_slug": "doubts-in-q7-q8",
        "display_username": "SAKSHI PATHAK",
        "primary_group_name": "ds-students",
        "flair_name": "ds-students",
        "flair_url": null,
        "flair_bg_color": "",
        "flair_color": "",
        "flair_group_id": 294,
        "badges_granted": [],
        "version": 1,
        "can_edit": false,
        "can_delete": false,
        "can_recover": false,
        "can_see_hidden_post": false,
        "can_wiki": false,
        "read": false,
        "user_title": null,
        "bookmarked": false,
        "actions_summary": [
          {
            "id": 2,
            "can_act": true
          },
          {
            "id": 6,
            "can_act": true
          },
          {
            "id": 3,
            "can_act": true
          },
          {
            "id": 4,
            "can_act": true
          },
          {
            "id": 8,
            "can_act": true
          },
          {
            "id": 10,
            "can_act": true
          },
          {
            "id": 7,
            "can_act": true
          }
        ],
        "moderator": false,
        "admin": false,
        "staff": false,
        "user_id": 40000,
        "hidden": false,
        "trust_level": 1,
        "deleted_at": null,
        "user_deleted": false,
        "edit_reason": null,
        "can_view_edit_history": true,
        "wiki": false,
        "post_url": "/t/doubts-in-q7-q8/166357/1",
        "user_cakedate": "2024-10-04",
        "reactions": [],
        "current_user_reaction": null,
        "reaction_users_count": 0,
        "current_user_used_main_reaction": false,
        "can_accept_answer": false,
        "can_unaccept_answer": false,
        "accepted_answer": false,
        "topic_accepted_answer": null,
        "can_vote": false
      }
    ],
    "stream": [
      590924
    ]
  },
  "timeline_lookup": [
    [
      1,
      284
    ]
  ],
  "suggested_topics": [
    {
      "fancy_title": "Submission Issue",
      "id": 191628,
      "title": "Submission Issue",
      "slug": "submission-issue",
      "posts_count": 1,
      "reply_count": 0,
      "highest_post_number": 1,
      "image_url": "https://europe1.discourse-cdn.com/flex013/uploads/iitm/optimized/3X/4/4/44dc3c61e92c828ce41f420245a133ac58e7488c_2_1024x576.png",
      "created_at": "2025-11-16T18:34:00.062Z",
      "last_posted_at": "2025-11-16T18:34:00.258Z",
      "bumped": true,
      "bumped_at": "2025-11-16T18:34:00.258Z",
      "archetype": "regular",
      "unseen": true,
      "pinned": false,
      "unpinned": null,
      "visible": true,
      "closed": false,
      "archived": false,
      "bookmarked": null,
      "liked": null,
      "tags": [
        "clarification",
        "operational",
        "term3-2025"
      ],
      "tags_descriptions": {},
      "like_count": 0,
      "views": 7,
      "category_id": 34,
      "featured_link": null,
      "has_accepted_answer": false,
      "posters": [
        {
          "extras": "latest single",
          "description": "Original Poster, Most Recent Poster",
          "user": {
            "id": 18836,
            "username": "23f2003033",
            "name": "Vedang Pawar",
            "avatar_template": "/user_avatar/discourse.onlinedegree.iitm.ac.in/23f2003033/{size}/67243_2.png",
            "primary_group_name": "ds-students",
            "flair_name": "ds-students",
            "flair_group_id": 294,
            "trust_level": 1
          }
        }
      ]
    }
  ],
  "tags": [
    "clarification"
  ],
  "tags_descriptions": {},
  "fancy_title": "Doubts in Q7, Q8",
  "id": 166357,
  "title": "Doubts in Q7, Q8",
  "posts_count": 1,
  "created_at": "2025-02-05T16:57:48.627Z",
  "views": 56,
  "reply_count": 0,
  "like_count": 0,
  "last_posted_at": "2025-02-05T16:57:48.827Z",
  "visible": true,
  "closed": false,
  "archived": false,
  "has_summary": false,
  "archetype": "regular",
  "slug": "doubts-in-q7-q8",
  "category_id": 34,
  "word_count": 766,
  "deleted_at": null,
  "user_id": 40000,
  "featured_link": null,
  "pinned_globally": false,
  "pinned_at": null,
  "pinned_until": null,
  "image_url": "https://europe1.discourse-cdn.com/flex013/uploads/iitm/optimized/3X/d/7/d7e9677b9a8d204c98e6008ef57a884177301fad_2_1024x543.png",
  "slow_mode_seconds": 0,
  "draft": null,
  "draft_key": "topic_166357",
  "draft_sequence": 0,
  "posted": false,
  "unpinned": null,
  "pinned": false,
  "current_post_number": 1,
  "highest_post_number": 1,
  "last_read_post_number": null,
  "last_read_post_id": null,
  "deleted_by": null,
  "actions_summary": [
    {
      "id": 4,
      "count": 0,
      "hidden": false,
      "can_act": true
    },
    {
      "id": 8,
      "count": 0,
      "hidden": false,
      "can_act": true
    },
    {
      "id": 10,
      "count": 0,
      "hidden": false,
      "can_act": true
    },
    {
      "id": 7,
      "count": 0,
      "hidden": false,
      "can_act": true
    }
  ],
  "chunk_size": 20,
  "bookmarked": false,
  "topic_timer": null,
  "message_bus_last_id": 0,
  "participant_count": 1,
  "show_read_indicator": false,
  "thumbnails": [
    {
      "max_width": null,
      "max_height": null,
      "width": 1917,
      "height": 1018,
      "url": "https://europe1.discourse-cdn.com/flex013/uploads/iitm/original/3X/d/7/d7e9677b9a8d204c98e6008ef57a884177301fad.png"
    },
    {
      "max_width": 1024,
      "max_height": 1024,
      "width": 1024,
      "height": 543,
      "url": "https://europe1.discourse-cdn.com/flex013/uploads/iitm/optimized/3X/d/7/d7e9677b9a8d204c98e6008ef57a884177301fad_2_1024x543.png"
    }
  ],
  "slow_mode_enabled_until": null,
  "tags_disable_ads": false,
  "related_topics": [
    {
      "fancy_title": "[Week 5] API KEY for openai",
      "id": 138928,
      "title": "[Week 5] API KEY for openai",
      "slug": "week-5-api-key-for-openai",
      "posts_count": 1,
      "reply_count": 0,
      "highest_post_number": 1,
      "image_url": null,
      "created_at": "2024-07-08T04:39:01.339Z",
      "last_posted_at": "2024-07-08T04:39:01.518Z",
      "bumped": true,
      "bumped_at": "2024-07-08T04:39:01.518Z",
      "archetype": "regular",
      "unseen": false,
      "pinned": false,
      "unpinned": null,
      "visible": true,
      "closed": false,
      "archived": false,
      "bookmarked": null,
      "liked": null,
      "tags": [
        "clarification"
      ],
      "tags_descriptions": {},
      "like_count": 0,
      "views": 63,
      "category_id": 34,
      "featured_link": null,
      "has_accepted_answer": false,
      "posters": [
        {
          "extras": "latest single",
          "description": "Original Poster, Most Recent Poster",
          "user": {
            "id": 15775,
            "username": "22f3002292",
            "name": "Arnav Kohli",
            "avatar_template": "/user_avatar/discourse.onlinedegree.iitm.ac.in/22f3002292/{size}/75853_2.png",
            "primary_group_name": "ds-students",
            "flair_name": "ds-students",
            "flair_group_id": 294,
            "trust_level": 1
          }
        }
      ]
    },
    {
      "fancy_title": "GA3 - Large Language Models - Discussion Thread [TDS Jan 2025]",
      "id": 163247,
      "title": "GA3 - Large Language Models - Discussion Thread [TDS Jan 2025]",
      "slug": "ga3-large-language-models-discussion-thread-tds-jan-2025",
      "posts_count": 150,
      "reply_count": 78,
      "highest_post_number": 168,
      "image_url": null,
      "created_at": "2025-01-14T13:00:03.125Z",
      "last_posted_at": "2025-10-18T21:20:10.692Z",
      "bumped": true,
      "bumped_at": "2025-10-18T21:20:10.692Z",
      "archetype": "regular",
      "unseen": false,
      "last_read_post_number": 4,
      "unread": 0,
      "new_posts": 0,
      "unread_posts": 0,
      "pinned": false,
      "unpinned": null,
      "visible": true,
      "closed": false,
      "archived": false,
      "notification_level": 1,
      "bookmarked": false,
      "liked": false,
      "tags": [
        "term1-2025",
        "announcement",
        "graded-assignment",
        "week-3"
      ],
      "tags_descriptions": {},
      "like_count": 42,
      "views": 1406,
      "category_id": 34,
      "featured_link": null,
      "has_accepted_answer": false,
      "posters": [
        {
          "extras": null,
          "description": "Original Poster",
          "user": {
            "id": 9419,
            "username": "s.anand",
            "name": "Anand S",
            "avatar_template": "/user_avatar/discourse.onlinedegree.iitm.ac.in/s.anand/{size}/15264_2.png",
            "primary_group_name": "faculty",
            "flair_name": "faculty",
            "flair_url": "chalkboard-user",
            "flair_bg_color": "f2c26e",
            "flair_color": "000",
            "flair_group_id": 54,
            "trust_level": 4
          }
        },
        {
          "extras": null,
          "description": "Frequent Poster",
          "user": {
            "id": 11755,
            "username": "21f3002277",
            "name": "VIKASH PRASAD",
            "avatar_template": "/user_avatar/discourse.onlinedegree.iitm.ac.in/21f3002277/{size}/12741_2.png",
            "primary_group_name": "ds-students",
            "flair_name": "ds-students",
            "flair_group_id": 294,
            "trust_level": 1
          }
        },
        {
          "extras": null,
          "description": "Frequent Poster",
          "user": {
            "id": 32407,
            "username": "Sudhishnarayan",
            "name": "Sudhish Narayan S",
            "avatar_template": "/user_avatar/discourse.onlinedegree.iitm.ac.in/sudhishnarayan/{size}/66833_2.png",
            "primary_group_name": "ds-students",
            "flair_name": "ds-students",
            "flair_group_id": 294,
            "trust_level": 1
          }
        },
        {
          "extras": null,
          "description": "Frequent Poster",
          "user": {
            "id": 15651,
            "username": "Jivraj",
            "name": "Jivraj Singh Shekhawat",
            "avatar_template": "/user_avatar/discourse.onlinedegree.iitm.ac.in/jivraj/{size}/135985_2.png",
            "primary_group_name": "ds-students",
            "flair_name": "ds-students",
            "flair_group_id": 294,
            "trust_level": 2
          }
        },
        {
          "extras": "latest",
          "description": "Most Recent Poster",
          "user": {
            "id": 37111,
            "username": "24f2007572",
            "name": "Pradheepa",
            "avatar_template": "/user_avatar/discourse.onlinedegree.iitm.ac.in/24f2007572/{size}/119861_2.png",
            "primary_group_name": "ds-students",
            "flair_name": "ds-students",
            "flair_group_id": 294,
            "trust_level": 1
          }
        }
      ]
    },
    {
      "fancy_title": "Regarding OPE Exam &amp; Query Text Editor",
      "id": 39766,
      "title": "Regarding OPE Exam & Query Text Editor",
      "slug": "regarding-ope-exam-query-text-editor",
      "posts_count": 52,
      "reply_count": 28,
      "highest_post_number": 52,
      "image_url": null,
      "created_at": "2022-03-17T07:15:05.005Z",
      "last_posted_at": "2022-03-22T15:18:05.032Z",
      "bumped": true,
      "bumped_at": "2022-03-22T15:18:05.032Z",
      "archetype": "regular",
      "unseen": false,
      "pinned": false,
      "unpinned": null,
      "visible": true,
      "closed": false,
      "archived": false,
      "bookmarked": null,
      "liked": null,
      "tags": [
        "week-2",
        "week-7",
        "week-3"
      ],
      "tags_descriptions": {},
      "like_count": 36,
      "views": 505,
      "category_id": 27,
      "featured_link": null,
      "has_accepted_answer": false,
      "posters": [
        {
          "extras": null,
          "description": "Original Poster",
          "user": {
            "id": 43,
            "username": "PiyushW",
            "name": "Piyush Wairale",
            "avatar_template": "/user_avatar/discourse.onlinedegree.iitm.ac.in/piyushw/{size}/7225_2.png",
            "primary_group_name": "course_support",
            "flair_name": "course_support",
            "flair_url": "scale-balanced",
            "flair_bg_color": "0040ff",
            "flair_color": "1affc6",
            "flair_group_id": 41,
            "trust_level": 4
          }
        },
        {
          "extras": null,
          "description": "Frequent Poster",
          "user": {
            "id": 970,
            "username": "Soumya",
            "name": "Soumya Namboodiripad",
            "avatar_template": "/user_avatar/discourse.onlinedegree.iitm.ac.in/soumya/{size}/108_2.png",
            "primary_group_name": "ds-students",
            "flair_name": "ds-students",
            "flair_group_id": 294,
            "trust_level": 1
          }
        },
        {
          "extras": null,
          "description": "Frequent Poster",
          "user": {
            "id": 398,
            "username": "Noufal0024",
            "name": "Noufal Rahman",
            "avatar_template": "/user_avatar/discourse.onlinedegree.iitm.ac.in/noufal0024/{size}/4557_2.png",
            "primary_group_name": "ds-students",
            "flair_name": "ds-students",
            "flair_group_id": 294,
            "trust_level": 1
          }
        },
        {
          "extras": null,
          "description": "Frequent Poster",
          "user": {
            "id": 3735,
            "username": "Ashwin05",
            "name": "Ashwin Sridharan",
            "avatar_template": "/user_avatar/discourse.onlinedegree.iitm.ac.in/ashwin05/{size}/127_2.png",
            "primary_group_name": "ds-students",
            "flair_name": "ds-students",
            "flair_group_id": 294,
            "trust_level": 1
          }
        },
        {
          "extras": "latest",
          "description": "Most Recent Poster",
          "user": {
            "id": 1727,
            "username": "Vicky007",
            "name": "Bodhisatwa Bhattacharya",
            "avatar_template": "/user_avatar/discourse.onlinedegree.iitm.ac.in/vicky007/{size}/21373_2.png",
            "primary_group_name": "ds-students",
            "flair_name": "ds-students",
            "flair_group_id": 294,
            "trust_level": 1
          }
        }
      ]
    },
    {
      "fancy_title": "November 5: Thread for ROE Collaboration [Created by Course Team]",
      "id": 69771,
      "title": "November 5: Thread for ROE Collaboration [Created by Course Team]",
      "slug": "november-5-thread-for-roe-collaboration-created-by-course-team",
      "posts_count": 742,
      "reply_count": 374,
      "highest_post_number": 761,
      "image_url": null,
      "created_at": "2022-11-04T17:21:25.803Z",
      "last_posted_at": "2022-11-05T15:31:36.386Z",
      "bumped": true,
      "bumped_at": "2022-11-05T15:31:36.386Z",
      "archetype": "regular",
      "unseen": false,
      "pinned": false,
      "unpinned": null,
      "visible": true,
      "closed": true,
      "archived": false,
      "bookmarked": null,
      "liked": null,
      "tags": [
        "quiz"
      ],
      "tags_descriptions": {},
      "like_count": 309,
      "views": 2095,
      "category_id": 34,
      "featured_link": null,
      "has_accepted_answer": true,
      "posters": [
        {
          "extras": null,
          "description": "Original Poster",
          "user": {
            "id": 6142,
            "username": "Dixon",
            "name": "Dixon",
            "avatar_template": "/user_avatar/discourse.onlinedegree.iitm.ac.in/dixon/{size}/1027_2.png",
            "trust_level": 1
          }
        },
        {
          "extras": "latest",
          "description": "Most Recent Poster, Accepted Answer",
          "user": {
            "id": 3024,
            "username": "papadelta_5636",
            "name": "Preetodeep Dev",
            "avatar_template": "https://avatars.discourse-cdn.com/v4/letter/p/dc4da7/{size}.png",
            "primary_group_name": "ds-students",
            "flair_name": "Community-TA",
            "flair_url": "handshake-angle",
            "flair_bg_color": "717BF7",
            "flair_color": "6BEE3D",
            "flair_group_id": 89,
            "trust_level": 2
          }
        },
        {
          "extras": null,
          "description": "Frequent Poster",
          "user": {
            "id": 4343,
            "username": "Risan",
            "name": "Risan raja",
            "avatar_template": "/user_avatar/discourse.onlinedegree.iitm.ac.in/risan/{size}/728_2.png",
            "primary_group_name": "ds-students",
            "flair_name": "ds-students",
            "flair_group_id": 294,
            "trust_level": 1
          }
        },
        {
          "extras": null,
          "description": "Frequent Poster",
          "user": {
            "id": 2791,
            "username": "jatinmadaan",
            "name": "Jatin Madaan",
            "avatar_template": "/user_avatar/discourse.onlinedegree.iitm.ac.in/jatinmadaan/{size}/14376_2.png",
            "primary_group_name": "ds-students",
            "flair_name": "ds-students",
            "flair_group_id": 294,
            "trust_level": 1
          }
        },
        {
          "extras": null,
          "description": "Frequent Poster",
          "user": {
            "id": 6489,
            "username": "NGV",
            "name": "Nikhil Guru Venkatesh ",
            "avatar_template": "/user_avatar/discourse.onlinedegree.iitm.ac.in/ngv/{size}/8597_2.png",
            "primary_group_name": "ds-students",
            "flair_name": "ds-students",
            "flair_group_id": 294,
            "trust_level": 1
          }
        }
      ]
    },
    {
      "fancy_title": "GA3 - Large Language Models - Discussion Thread [TDS May 2025]",
      "id": 175592,
      "title": "GA3 - Large Language Models - Discussion Thread [TDS May 2025]",
      "slug": "ga3-large-language-models-discussion-thread-tds-may-2025",
      "posts_count": 223,
      "reply_count": 168,
      "highest_post_number": 233,
      "image_url": null,
      "created_at": "2025-05-20T02:15:13.702Z",
      "last_posted_at": "2025-06-22T11:34:58.584Z",
      "bumped": true,
      "bumped_at": "2025-06-22T11:34:58.584Z",
      "archetype": "regular",
      "unseen": false,
      "last_read_post_number": 57,
      "unread": 0,
      "new_posts": 0,
      "unread_posts": 0,
      "pinned": false,
      "unpinned": null,
      "visible": true,
      "closed": false,
      "archived": false,
      "notification_level": 1,
      "bookmarked": false,
      "liked": false,
      "tags": [
        "term2-2025",
        "diploma-level",
        "graded-assignment"
      ],
      "tags_descriptions": {},
      "like_count": 65,
      "views": 1379,
      "category_id": 34,
      "featured_link": null,
      "has_accepted_answer": false,
      "posters": [
        {
          "extras": null,
          "description": "Original Poster",
          "user": {
            "id": 16094,
            "username": "carlton",
            "name": "Carlton D'Silva",
            "avatar_template": "/user_avatar/discourse.onlinedegree.iitm.ac.in/carlton/{size}/56317_2.png",
            "primary_group_name": "ds-students",
            "flair_name": "ds-students",
            "flair_group_id": 294,
            "trust_level": 3
          }
        },
        {
          "extras": null,
          "description": "Frequent Poster",
          "user": {
            "id": 7742,
            "username": "21f3000745",
            "name": "Tanya kamboj",
            "avatar_template": "/user_avatar/discourse.onlinedegree.iitm.ac.in/21f3000745/{size}/638_2.png",
            "primary_group_name": "ds-students",
            "flair_name": "ds-students",
            "flair_group_id": 294,
            "trust_level": 1
          }
        },
        {
          "extras": null,
          "description": "Frequent Poster",
          "user": {
            "id": 31631,
            "username": "Karvy",
            "name": "Karvy Singh",
            "avatar_template": "/user_avatar/discourse.onlinedegree.iitm.ac.in/karvy/{size}/67600_2.png",
            "primary_group_name": "ds-students",
            "flair_name": "ds-students",
            "flair_group_id": 294,
            "trust_level": 1
          }
        },
        {
          "extras": null,
          "description": "Frequent Poster",
          "user": {
            "id": 31928,
            "username": "Sahil_singh",
            "name": "Sahil kumar",
            "avatar_template": "/user_avatar/discourse.onlinedegree.iitm.ac.in/sahil_singh/{size}/110463_2.png",
            "primary_group_name": "ds-students",
            "flair_name": "ds-students",
            "flair_group_id": 294,
            "trust_level": 1
          }
        },
        {
          "extras": "latest",
          "description": "Most Recent Poster",
          "user": {
            "id": 15651,
            "username": "Jivraj",
            "name": "Jivraj Singh Shekhawat",
            "avatar_template": "/user_avatar/discourse.onlinedegree.iitm.ac.in/jivraj/{size}/135985_2.png",
            "primary_group_name": "ds-students",
            "flair_name": "ds-students",
            "flair_group_id": 294,
            "trust_level": 2
          }
        }
      ]
    }
  ],
  "summarizable": true,
  "valid_reactions": [
    "heart",
    "+1",
    "laughing",
    "open_mouth",
    "clap",
    "confetti_ball",
    "rocket",
    "-1"
  ],
  "can_vote": false,
  "vote_count": 0,
  "user_voted": false,
  "discourse_zendesk_plugin_zendesk_id": null,
  "discourse_zendesk_plugin_zendesk_url": "https://your-url.zendesk.com/agent/tickets/",
  "details": {
    "can_edit": false,
    "notification_level": 1,
    "notifications_reason_id": null,
    "can_create_post": true,
    "can_reply_as_new_topic": true,
    "can_flag_topic": true,
    "participants": [
      {
        "id": 40000,
        "username": "Sakshi6479",
        "name": "SAKSHI PATHAK",
        "avatar_template": "/user_avatar/discourse.onlinedegree.iitm.ac.in/sakshi6479/{size}/110446_2.png",
        "post_count": 1,
        "primary_group_name": "ds-students",
        "flair_name": "ds-students",
        "flair_url": null,
        "flair_color": "",
        "flair_bg_color": "",
        "flair_group_id": 294,
        "trust_level": 1
      }
    ],
    "created_by": {
      "id": 40000,
      "username": "Sakshi6479",
      "name": "SAKSHI PATHAK",
      "avatar_template": "/user_avatar/discourse.onlinedegree.iitm.ac.in/sakshi6479/{size}/110446_2.png"
    },
    "last_poster": {
      "id": 40000,
      "username": "Sakshi6479",
      "name": "SAKSHI PATHAK",
      "avatar_template": "/user_avatar/discourse.onlinedegree.iitm.ac.in/sakshi6479/{size}/110446_2.png"
    }
  },
  "pending_posts": [],
  "bookmarks": []
}