{
  "post_stream": {
    "posts": [
      {
        "id": 579381,
        "name": "Raunak  Thatoi",
        "username": "RaunakThatoi",
        "avatar_template": "/user_avatar/discourse.onlinedegree.iitm.ac.in/raunakthatoi/{size}/68228_2.png",
        "created_at": "2025-01-13T16:45:09.817Z",
        "cooked": "<p>dear <a class=\"mention\" href=\"/u/carlton\">@carlton</a> sir i am unable to access the course calender for tds and  also not able to get the recorded videos  of tds in my portal.kindly help  me out with this</p>",
        "post_number": 1,
        "post_type": 1,
        "posts_count": 5,
        "updated_at": "2025-01-13T17:29:57.049Z",
        "reply_count": 0,
        "reply_to_post_number": null,
        "quote_count": 0,
        "incoming_link_count": 2,
        "reads": 84,
        "readers_count": 83,
        "score": 26.8,
        "yours": false,
        "topic_id": 163158,
        "topic_slug": "tds-jan-2025-calender-accesss-and-video-lecture-access-in-portal",
        "display_username": "Raunak  Thatoi",
        "primary_group_name": "ds-students",
        "flair_name": "ds-students",
        "flair_url": null,
        "flair_bg_color": "",
        "flair_color": "",
        "flair_group_id": 294,
        "badges_granted": [],
        "version": 2,
        "can_edit": false,
        "can_delete": false,
        "can_recover": false,
        "can_see_hidden_post": false,
        "can_wiki": false,
        "read": false,
        "user_title": null,
        "bookmarked": false,
        "actions_summary": [
          {
            "id": 2,
            "can_act": true
          },
          {
            "id": 6,
            "can_act": true
          },
          {
            "id": 3,
            "can_act": true
          },
          {
            "id": 4,
            "can_act": true
          },
          {
            "id": 8,
            "can_act": true
          },
          {
            "id": 10,
            "can_act": true
          },
          {
            "id": 7,
            "can_act": true
          }
        ],
        "moderator": false,
        "admin": false,
        "staff": false,
        "user_id": 27541,
        "hidden": false,
        "trust_level": 1,
        "deleted_at": null,
        "user_deleted": false,
        "edit_reason": null,
        "can_view_edit_history": true,
        "wiki": false,
        "post_url": "/t/tds-jan-2025-calender-accesss-and-video-lecture-access-in-portal/163158/1",
        "user_cakedate": "2024-02-07",
        "reactions": [],
        "current_user_reaction": null,
        "reaction_users_count": 0,
        "current_user_used_main_reaction": false,
        "can_accept_answer": false,
        "can_unaccept_answer": false,
        "accepted_answer": false,
        "topic_accepted_answer": null,
        "can_vote": false
      },
      {
        "id": 579393,
        "name": "Jahnavi Hunsigida",
        "username": "jahnavih",
        "avatar_template": "https://avatars.discourse-cdn.com/v4/letter/j/ec9cab/{size}.png",
        "created_at": "2025-01-13T17:01:32.562Z",
        "cooked": "<p>Same issue with me sir.<br>\nThis is how my dashboard looks like. It shows the same for week 2 as well.</p>\n<p><div class=\"lightbox-wrapper\"><a class=\"lightbox\" href=\"https://europe1.discourse-cdn.com/flex013/uploads/iitm/original/3X/7/8/782e69e2b13a88c1e2dd54a2cb28d8778828c041.jpeg\" data-download-href=\"/uploads/short-url/h9aJHFjfRVVNyoAe613cI3JHML7.jpeg?dl=1\" title=\"dashboard_tds_jahnaviHunsigida\" rel=\"noopener nofollow ugc\"><img src=\"https://europe1.discourse-cdn.com/flex013/uploads/iitm/optimized/3X/7/8/782e69e2b13a88c1e2dd54a2cb28d8778828c041_2_690x413.jpeg\" alt=\"dashboard_tds_jahnaviHunsigida\" data-base62-sha1=\"h9aJHFjfRVVNyoAe613cI3JHML7\" width=\"690\" height=\"413\" srcset=\"https://europe1.discourse-cdn.com/flex013/uploads/iitm/optimized/3X/7/8/782e69e2b13a88c1e2dd54a2cb28d8778828c041_2_690x413.jpeg, https://europe1.discourse-cdn.com/flex013/uploads/iitm/original/3X/7/8/782e69e2b13a88c1e2dd54a2cb28d8778828c041.jpeg 1.5x, https://europe1.discourse-cdn.com/flex013/uploads/iitm/original/3X/7/8/782e69e2b13a88c1e2dd54a2cb28d8778828c041.jpeg 2x\" data-dominant-color=\"EAE9EC\"><div class=\"meta\"><svg class=\"fa d-icon d-icon-far-image svg-icon\" aria-hidden=\"true\"><use href=\"#far-image\"></use></svg><span class=\"filename\">dashboard_tds_jahnaviHunsigida</span><span class=\"informations\">936×561 93.3 KB</span><svg class=\"fa d-icon d-icon-discourse-expand svg-icon\" aria-hidden=\"true\"><use href=\"#discourse-expand\"></use></svg></div></a></div></p>",
        "post_number": 2,
        "post_type": 1,
        "posts_count": 5,
        "updated_at": "2025-01-13T17:01:32.562Z",
        "reply_count": 0,
        "reply_to_post_number": null,
        "quote_count": 0,
        "incoming_link_count": 0,
        "reads": 81,
        "readers_count": 80,
        "score": 16.2,
        "yours": false,
        "topic_id": 163158,
        "topic_slug": "tds-jan-2025-calender-accesss-and-video-lecture-access-in-portal",
        "display_username": "Jahnavi Hunsigida",
        "primary_group_name": "ds-students",
        "flair_name": "ds-students",
        "flair_url": null,
        "flair_bg_color": "",
        "flair_color": "",
        "flair_group_id": 294,
        "badges_granted": [],
        "version": 1,
        "can_edit": false,
        "can_delete": false,
        "can_recover": false,
        "can_see_hidden_post": false,
        "can_wiki": false,
        "read": false,
        "user_title": null,
        "bookmarked": false,
        "actions_summary": [
          {
            "id": 2,
            "can_act": true
          },
          {
            "id": 6,
            "can_act": true
          },
          {
            "id": 3,
            "can_act": true
          },
          {
            "id": 4,
            "can_act": true
          },
          {
            "id": 8,
            "can_act": true
          },
          {
            "id": 10,
            "can_act": true
          },
          {
            "id": 7,
            "can_act": true
          }
        ],
        "moderator": false,
        "admin": false,
        "staff": false,
        "user_id": 27517,
        "hidden": false,
        "trust_level": 0,
        "deleted_at": null,
        "user_deleted": false,
        "edit_reason": null,
        "can_view_edit_history": true,
        "wiki": false,
        "post_url": "/t/tds-jan-2025-calender-accesss-and-video-lecture-access-in-portal/163158/2",
        "user_cakedate": "2024-02-06",
        "reactions": [],
        "current_user_reaction": null,
        "reaction_users_count": 0,
        "current_user_used_main_reaction": false,
        "can_accept_answer": false,
        "can_unaccept_answer": false,
        "accepted_answer": false,
        "topic_accepted_answer": null
      },
      {
        "id": 579396,
        "name": "Carlton D'Silva",
        "username": "carlton",
        "avatar_template": "/user_avatar/discourse.onlinedegree.iitm.ac.in/carlton/{size}/56317_2.png",
        "created_at": "2025-01-13T17:25:38.996Z",
        "cooked": "<p><a class=\"mention\" href=\"/u/raunakthatoi\">@RaunakThatoi</a> <a class=\"mention\" href=\"/u/jahnavih\">@jahnavih</a></p>\n<p>The course content is available at</p>\n<p><div class=\"lightbox-wrapper\"><a class=\"lightbox\" href=\"https://europe1.discourse-cdn.com/flex013/uploads/iitm/original/3X/b/7/b7c29496f7b2a20dc259fb7176a17e75513d1f20.png\" data-download-href=\"/uploads/short-url/qdCglO5FaTpePMCP7atv0mYOd44.png?dl=1\" title=\"Screenshot 2025-01-13 at 22.47.14\" rel=\"noopener nofollow ugc\"><img src=\"https://europe1.discourse-cdn.com/flex013/uploads/iitm/optimized/3X/b/7/b7c29496f7b2a20dc259fb7176a17e75513d1f20_2_690x262.png\" alt=\"Screenshot 2025-01-13 at 22.47.14\" data-base62-sha1=\"qdCglO5FaTpePMCP7atv0mYOd44\" width=\"690\" height=\"262\" srcset=\"https://europe1.discourse-cdn.com/flex013/uploads/iitm/optimized/3X/b/7/b7c29496f7b2a20dc259fb7176a17e75513d1f20_2_690x262.png, https://europe1.discourse-cdn.com/flex013/uploads/iitm/optimized/3X/b/7/b7c29496f7b2a20dc259fb7176a17e75513d1f20_2_1035x393.png 1.5x, https://europe1.discourse-cdn.com/flex013/uploads/iitm/optimized/3X/b/7/b7c29496f7b2a20dc259fb7176a17e75513d1f20_2_1380x524.png 2x\" data-dominant-color=\"F3F2F3\"><div class=\"meta\"><svg class=\"fa d-icon d-icon-far-image svg-icon\" aria-hidden=\"true\"><use href=\"#far-image\"></use></svg><span class=\"filename\">Screenshot 2025-01-13 at 22.47.14</span><span class=\"informations\">2068×788 75.4 KB</span><svg class=\"fa d-icon d-icon-discourse-expand svg-icon\" aria-hidden=\"true\"><use href=\"#discourse-expand\"></use></svg></div></a></div></p>\n<p>At <a href=\"https://tds.s-anand.net/#/\" class=\"inline-onebox\" rel=\"noopener nofollow ugc\">Tools in Data Science</a> the course calendar is also available.</p>\n<p><div class=\"lightbox-wrapper\"><a class=\"lightbox\" href=\"https://europe1.discourse-cdn.com/flex013/uploads/iitm/original/3X/d/f/dfbb3776487be8186e362fb0f11ec940f82939b0.png\" data-download-href=\"/uploads/short-url/vVdAjxPxjtk03y7ET28tjswegJW.png?dl=1\" title=\"Screenshot 2025-01-13 at 22.51.33\" rel=\"noopener nofollow ugc\"><img src=\"https://europe1.discourse-cdn.com/flex013/uploads/iitm/optimized/3X/d/f/dfbb3776487be8186e362fb0f11ec940f82939b0_2_690x365.png\" alt=\"Screenshot 2025-01-13 at 22.51.33\" data-base62-sha1=\"vVdAjxPxjtk03y7ET28tjswegJW\" width=\"690\" height=\"365\" srcset=\"https://europe1.discourse-cdn.com/flex013/uploads/iitm/optimized/3X/d/f/dfbb3776487be8186e362fb0f11ec940f82939b0_2_690x365.png, https://europe1.discourse-cdn.com/flex013/uploads/iitm/optimized/3X/d/f/dfbb3776487be8186e362fb0f11ec940f82939b0_2_1035x547.png 1.5x, https://europe1.discourse-cdn.com/flex013/uploads/iitm/optimized/3X/d/f/dfbb3776487be8186e362fb0f11ec940f82939b0_2_1380x730.png 2x\" data-dominant-color=\"30383E\"><div class=\"meta\"><svg class=\"fa d-icon d-icon-far-image svg-icon\" aria-hidden=\"true\"><use href=\"#far-image\"></use></svg><span class=\"filename\">Screenshot 2025-01-13 at 22.51.33</span><span class=\"informations\">2044×1082 250 KB</span><svg class=\"fa d-icon d-icon-discourse-expand svg-icon\" aria-hidden=\"true\"><use href=\"#discourse-expand\"></use></svg></div></a></div></p>\n<p>Likewise the GAs also are available through the links in the seek portal as well as on the course domain shared above.</p>\n<p>The course introduction has very important information. Many students who faced problems in Tools for Data Science in previous terms usually never read the intro. Please be diligent to read <em>everything carefully.</em></p>\n<p>Don’t gloss over these bits (they are expandable if you click on them) for eg…</p>\n<p><div class=\"lightbox-wrapper\"><a class=\"lightbox\" href=\"https://europe1.discourse-cdn.com/flex013/uploads/iitm/original/3X/f/3/f35f45e7fddf76617cfba3d572f348f225c6978f.png\" data-download-href=\"/uploads/short-url/yIY96OaJXJOdMbtHr9otjK1dfll.png?dl=1\" title=\"Screenshot 2025-01-13 at 22.59.19\" rel=\"noopener nofollow ugc\"><img src=\"https://europe1.discourse-cdn.com/flex013/uploads/iitm/original/3X/f/3/f35f45e7fddf76617cfba3d572f348f225c6978f.png\" alt=\"Screenshot 2025-01-13 at 22.59.19\" data-base62-sha1=\"yIY96OaJXJOdMbtHr9otjK1dfll\" width=\"690\" height=\"237\" data-dominant-color=\"3E464C\"><div class=\"meta\"><svg class=\"fa d-icon d-icon-far-image svg-icon\" aria-hidden=\"true\"><use href=\"#far-image\"></use></svg><span class=\"filename\">Screenshot 2025-01-13 at 22.59.19</span><span class=\"informations\">778×268 22.7 KB</span><svg class=\"fa d-icon d-icon-discourse-expand svg-icon\" aria-hidden=\"true\"><use href=\"#discourse-expand\"></use></svg></div></a></div></p>\n<p><div class=\"lightbox-wrapper\"><a class=\"lightbox\" href=\"https://europe1.discourse-cdn.com/flex013/uploads/iitm/original/3X/f/6/f6b27ff9eac7292e61489e8e695d2cafc433ad86.png\" data-download-href=\"/uploads/short-url/zcnTiUPhle4Umn3Yai3TKVPzBJk.png?dl=1\" title=\"Screenshot 2025-01-13 at 23.01.49\" rel=\"noopener nofollow ugc\"><img src=\"https://europe1.discourse-cdn.com/flex013/uploads/iitm/optimized/3X/f/6/f6b27ff9eac7292e61489e8e695d2cafc433ad86_2_690x376.png\" alt=\"Screenshot 2025-01-13 at 23.01.49\" data-base62-sha1=\"zcnTiUPhle4Umn3Yai3TKVPzBJk\" width=\"690\" height=\"376\" srcset=\"https://europe1.discourse-cdn.com/flex013/uploads/iitm/optimized/3X/f/6/f6b27ff9eac7292e61489e8e695d2cafc433ad86_2_690x376.png, https://europe1.discourse-cdn.com/flex013/uploads/iitm/optimized/3X/f/6/f6b27ff9eac7292e61489e8e695d2cafc433ad86_2_1035x564.png 1.5x, https://europe1.discourse-cdn.com/flex013/uploads/iitm/optimized/3X/f/6/f6b27ff9eac7292e61489e8e695d2cafc433ad86_2_1380x752.png 2x\" data-dominant-color=\"333C42\"><div class=\"meta\"><svg class=\"fa d-icon d-icon-far-image svg-icon\" aria-hidden=\"true\"><use href=\"#far-image\"></use></svg><span class=\"filename\">Screenshot 2025-01-13 at 23.01.49</span><span class=\"informations\">1684×920 104 KB</span><svg class=\"fa d-icon d-icon-discourse-expand svg-icon\" aria-hidden=\"true\"><use href=\"#discourse-expand\"></use></svg></div></a></div></p>\n<p>Kind regards</p>",
        "post_number": 3,
        "post_type": 1,
        "posts_count": 5,
        "updated_at": "2025-01-13T17:32:17.207Z",
        "reply_count": 0,
        "reply_to_post_number": null,
        "quote_count": 0,
        "incoming_link_count": 4,
        "reads": 63,
        "readers_count": 62,
        "score": 62.6,
        "yours": false,
        "topic_id": 163158,
        "topic_slug": "tds-jan-2025-calender-accesss-and-video-lecture-access-in-portal",
        "display_username": "Carlton D'Silva",
        "primary_group_name": "ds-students",
        "flair_name": "ds-students",
        "flair_url": null,
        "flair_bg_color": "",
        "flair_color": "",
        "flair_group_id": 294,
        "badges_granted": [],
        "version": 2,
        "can_edit": false,
        "can_delete": false,
        "can_recover": false,
        "can_see_hidden_post": false,
        "can_wiki": false,
        "link_counts": [
          {
            "url": "https://tds.s-anand.net/#/",
            "internal": false,
            "reflection": false,
            "title": "Tools in Data Science",
            "clicks": 0
          }
        ],
        "read": false,
        "user_title": "Regular",
        "title_is_group": false,
        "bookmarked": false,
        "actions_summary": [
          {
            "id": 2,
            "count": 2,
            "can_act": true
          },
          {
            "id": 6,
            "can_act": true
          },
          {
            "id": 3,
            "can_act": true
          },
          {
            "id": 4,
            "can_act": true
          },
          {
            "id": 8,
            "can_act": true
          },
          {
            "id": 10,
            "can_act": true
          },
          {
            "id": 7,
            "can_act": true
          }
        ],
        "moderator": false,
        "admin": false,
        "staff": false,
        "group_moderator": true,
        "user_id": 16094,
        "hidden": false,
        "trust_level": 3,
        "deleted_at": null,
        "user_deleted": false,
        "edit_reason": null,
        "can_view_edit_history": true,
        "wiki": false,
        "post_url": "/t/tds-jan-2025-calender-accesss-and-video-lecture-access-in-portal/163158/3",
        "user_cakedate": "2023-01-25",
        "reactions": [
          {
            "id": "+1",
            "type": "emoji",
            "count": 1
          },
          {
            "id": "heart",
            "type": "emoji",
            "count": 1
          }
        ],
        "current_user_reaction": null,
        "reaction_users_count": 2,
        "current_user_used_main_reaction": false,
        "can_accept_answer": false,
        "can_unaccept_answer": false,
        "accepted_answer": false,
        "topic_accepted_answer": null
      },
      {
        "id": 584971,
        "name": "MANAN SHAH",
        "username": "Mandy",
        "avatar_template": "/user_avatar/discourse.onlinedegree.iitm.ac.in/mandy/{size}/119300_2.png",
        "created_at": "2025-01-25T11:46:39.675Z",
        "cooked": "<p>I’m confused where exactly is the TDS course?<br>\n<div class=\"lightbox-wrapper\"><a class=\"lightbox\" href=\"https://europe1.discourse-cdn.com/flex013/uploads/iitm/original/3X/c/2/c27c6f5e0febea8fee5c5ae9668eadf3bcdb8149.png\" data-download-href=\"/uploads/short-url/rKvegseyBhF7RXGRHKE2qiEv4Lf.png?dl=1\" title=\"image\" rel=\"noopener nofollow ugc\"><img src=\"https://europe1.discourse-cdn.com/flex013/uploads/iitm/optimized/3X/c/2/c27c6f5e0febea8fee5c5ae9668eadf3bcdb8149_2_690x385.png\" alt=\"image\" data-base62-sha1=\"rKvegseyBhF7RXGRHKE2qiEv4Lf\" width=\"690\" height=\"385\" srcset=\"https://europe1.discourse-cdn.com/flex013/uploads/iitm/optimized/3X/c/2/c27c6f5e0febea8fee5c5ae9668eadf3bcdb8149_2_690x385.png, https://europe1.discourse-cdn.com/flex013/uploads/iitm/optimized/3X/c/2/c27c6f5e0febea8fee5c5ae9668eadf3bcdb8149_2_1035x577.png 1.5x, https://europe1.discourse-cdn.com/flex013/uploads/iitm/optimized/3X/c/2/c27c6f5e0febea8fee5c5ae9668eadf3bcdb8149_2_1380x770.png 2x\" data-dominant-color=\"F3F3F6\"><div class=\"meta\"><svg class=\"fa d-icon d-icon-far-image svg-icon\" aria-hidden=\"true\"><use href=\"#far-image\"></use></svg><span class=\"filename\">image</span><span class=\"informations\">1920×1073 124 KB</span><svg class=\"fa d-icon d-icon-discourse-expand svg-icon\" aria-hidden=\"true\"><use href=\"#discourse-expand\"></use></svg></div></a></div><br>\nWhere are the weekly videos?<br>\nWhere and what is the assignment?<br>\nI’m confused.</p>",
        "post_number": 5,
        "post_type": 1,
        "posts_count": 5,
        "updated_at": "2025-01-25T13:43:30.433Z",
        "reply_count": 1,
        "reply_to_post_number": null,
        "quote_count": 0,
        "incoming_link_count": 0,
        "reads": 32,
        "readers_count": 31,
        "score": 11.4,
        "yours": false,
        "topic_id": 163158,
        "topic_slug": "tds-jan-2025-calender-accesss-and-video-lecture-access-in-portal",
        "display_username": "MANAN SHAH",
        "primary_group_name": "ds-students",
        "flair_name": "ds-students",
        "flair_url": null,
        "flair_bg_color": "",
        "flair_color": "",
        "flair_group_id": 294,
        "badges_granted": [],
        "version": 1,
        "can_edit": false,
        "can_delete": false,
        "can_recover": false,
        "can_see_hidden_post": false,
        "can_wiki": false,
        "read": false,
        "user_title": null,
        "bookmarked": false,
        "actions_summary": [
          {
            "id": 2,
            "can_act": true
          },
          {
            "id": 6,
            "can_act": true
          },
          {
            "id": 3,
            "can_act": true
          },
          {
            "id": 4,
            "can_act": true
          },
          {
            "id": 8,
            "can_act": true
          },
          {
            "id": 10,
            "can_act": true
          },
          {
            "id": 7,
            "can_act": true
          }
        ],
        "moderator": false,
        "admin": false,
        "staff": false,
        "user_id": 27512,
        "hidden": false,
        "trust_level": 0,
        "deleted_at": null,
        "user_deleted": false,
        "edit_reason": null,
        "can_view_edit_history": true,
        "wiki": false,
        "post_url": "/t/tds-jan-2025-calender-accesss-and-video-lecture-access-in-portal/163158/5",
        "user_cakedate": "2024-02-06",
        "reactions": [],
        "current_user_reaction": null,
        "reaction_users_count": 0,
        "current_user_used_main_reaction": false,
        "can_accept_answer": false,
        "can_unaccept_answer": false,
        "accepted_answer": false,
        "topic_accepted_answer": null
      },
      {
        "id": 584974,
        "name": "Carlton D'Silva",
        "username": "carlton",
        "avatar_template": "/user_avatar/discourse.onlinedegree.iitm.ac.in/carlton/{size}/56317_2.png",
        "created_at": "2025-01-25T13:45:37.712Z",
        "cooked": "<p>Kindly refer to this post</p>\n<aside class=\"quote quote-modified\" data-post=\"3\" data-topic=\"163158\">\n  <div class=\"title\">\n    <div class=\"quote-controls\"></div>\n    <img alt=\"\" width=\"24\" height=\"24\" src=\"https://dub1.discourse-cdn.com/flex013/user_avatar/discourse.onlinedegree.iitm.ac.in/carlton/48/56317_2.png\" class=\"avatar\">\n    <a href=\"https://discourse.onlinedegree.iitm.ac.in/t/tds-jan-2025-calender-accesss-and-video-lecture-access-in-portal/163158/3\">Tds jan 2025 calender accesss and video lecture access in portal</a> <a class=\"badge-category__wrapper \" href=\"/c/courses/tds-kb/34\"><span data-category-id=\"34\" style=\"--category-badge-color: #0088CC; --category-badge-text-color: #FFFFFF; --parent-category-badge-color: #3AB54A;\" data-parent-category-id=\"9\" data-drop-close=\"true\" class=\"badge-category --has-parent\" title=\"This category is created to address subject-specific queries related to Tools in Data Science\"><span class=\"badge-category__name\">Tools in Data Science</span></span></a>\n  </div>\n  <blockquote>\n    <a class=\"mention\" href=\"/u/raunakthatoi\">@RaunakThatoi</a> <a class=\"mention\" href=\"/u/jahnavih\">@jahnavih</a> \nThe course content is available at \n <a class=\"lightbox\" href=\"https://europe1.discourse-cdn.com/flex013/uploads/iitm/original/3X/b/7/b7c29496f7b2a20dc259fb7176a17e75513d1f20.png\" data-download-href=\"/uploads/short-url/qdCglO5FaTpePMCP7atv0mYOd44.png?dl=1\" title=\"Screenshot 2025-01-13 at 22.47.14\" rel=\"noopener nofollow ugc\">[Screenshot 2025-01-13 at 22.47.14]</a> \nAt <a href=\"https://tds.s-anand.net/#/\" class=\"inline-onebox\" rel=\"noopener nofollow ugc\">Tools in Data Science</a> the course calendar is also available. \n <a class=\"lightbox\" href=\"https://europe1.discourse-cdn.com/flex013/uploads/iitm/original/3X/d/f/dfbb3776487be8186e362fb0f11ec940f82939b0.png\" data-download-href=\"/uploads/short-url/vVdAjxPxjtk03y7ET28tjswegJW.png?dl=1\" title=\"Screenshot 2025-01-13 at 22.51.33\" rel=\"noopener nofollow ugc\">[Screenshot 2025-01-13 at 22.51.33]</a> \nLikewise the GAs also are available through the links in the seek portal as well as on the course domain shared above. \nThe course introduction has very important information. Many students who faced problems in Tools for Data Science in previous terms usually never read the intro. Please be dilig…\n  </blockquote>\n</aside>\n\n<p>Kind regards</p>",
        "post_number": 6,
        "post_type": 1,
        "posts_count": 5,
        "updated_at": "2025-01-25T13:45:37.712Z",
        "reply_count": 0,
        "reply_to_post_number": 5,
        "quote_count": 0,
        "incoming_link_count": 7,
        "reads": 38,
        "readers_count": 37,
        "score": 42.6,
        "yours": false,
        "topic_id": 163158,
        "topic_slug": "tds-jan-2025-calender-accesss-and-video-lecture-access-in-portal",
        "display_username": "Carlton D'Silva",
        "primary_group_name": "ds-students",
        "flair_name": "ds-students",
        "flair_url": null,
        "flair_bg_color": "",
        "flair_color": "",
        "flair_group_id": 294,
        "badges_granted": [],
        "version": 1,
        "can_edit": false,
        "can_delete": false,
        "can_recover": false,
        "can_see_hidden_post": false,
        "can_wiki": false,
        "read": false,
        "user_title": "Regular",
        "title_is_group": false,
        "reply_to_user": {
          "id": 27512,
          "username": "Mandy",
          "name": "MANAN SHAH",
          "avatar_template": "/user_avatar/discourse.onlinedegree.iitm.ac.in/mandy/{size}/119300_2.png"
        },
        "bookmarked": false,
        "actions_summary": [
          {
            "id": 2,
            "can_act": true
          },
          {
            "id": 6,
            "can_act": true
          },
          {
            "id": 3,
            "can_act": true
          },
          {
            "id": 4,
            "can_act": true
          },
          {
            "id": 8,
            "can_act": true
          },
          {
            "id": 10,
            "can_act": true
          },
          {
            "id": 7,
            "can_act": true
          }
        ],
        "moderator": false,
        "admin": false,
        "staff": false,
        "group_moderator": true,
        "user_id": 16094,
        "hidden": false,
        "trust_level": 3,
        "deleted_at": null,
        "user_deleted": false,
        "edit_reason": null,
        "can_view_edit_history": true,
        "wiki": false,
        "post_url": "/t/tds-jan-2025-calender-accesss-and-video-lecture-access-in-portal/163158/6",
        "user_cakedate": "2023-01-25",
        "reactions": [],
        "current_user_reaction": null,
        "reaction_users_count": 0,
        "current_user_used_main_reaction": false,
        "can_accept_answer": false,
        "can_unaccept_answer": false,
        "accepted_answer": false,
        "topic_accepted_answer": null
      }
    ],
    "stream": [
      579381,
      579393,
      579396,
      584971,
      584974
    ]
  },
  "timeline_lookup": [
    [
      1,
      307
    ],
    [
      4,
      296
    ]
  ],
  "suggested_topics": [
    {
      "fancy_title": "Submission Issue",
      "id": 191628,
      "title": "Submission Issue",
      "slug": "submission-issue",
      "posts_count": 1,
      "reply_count": 0,
      "highest_post_number": 1,
      "image_url": "https://europe1.discourse-cdn.com/flex013/uploads/iitm/optimized/3X/4/4/44dc3c61e92c828ce41f420245a133ac58e7488c_2_1024x576.png",
      "created_at": "2025-11-16T18:34:00.062Z",
      "last_posted_at": "2025-11-16T18:34:00.258Z",
      "bumped": true,
      "bumped_at": "2025-11-16T18:34:00.258Z",
      "archetype": "regular",
      "unseen": true,
      "pinned": false,
      "unpinned": null,
      "visible": true,
      "closed": false,
      "archived": false,
      "bookmarked": null,
      "liked": null,
      "tags": [
        "clarification",
        "operational",
        "term3-2025"
      ],
      "tags_descriptions": {},
      "like_count": 0,
      "views": 7,
      "category_id": 34,
      "featured_link": null,
      "has_accepted_answer": false,
      "posters": [
        {
          "extras": "latest single",
          "description": "Original Poster, Most Recent Poster",
          "user": {
            "id": 18836,
            "username": "23f2003033",
            "name": "Vedang Pawar",
            "avatar_template": "/user_avatar/discourse.onlinedegree.iitm.ac.in/23f2003033/{size}/67243_2.png",
            "primary_group_name": "ds-students",
            "flair_name": "ds-students",
            "flair_group_id": 294,
            "trust_level": 1
          }
        }
      ]
    }
  ],
  "tags": [
    "clarification",
    "tds"
  ],
  "tags_descriptions": {},
  "fancy_title": "Tds jan 2025 calender accesss and video lecture access in portal",
  "id": 163158,
  "title": "Tds jan 2025 calender accesss and video lecture access in portal",
  "posts_count": 5,
  "created_at": "2025-01-13T16:45:09.618Z",
  "views": 129,
  "reply_count": 1,
  "like_count": 2,
  "last_posted_at": "2025-01-25T13:45:37.712Z",
  "visible": true,
  "closed": false,
  "archived": false,
  "has_summary": false,
  "archetype": "regular",
  "slug": "tds-jan-2025-calender-accesss-and-video-lecture-access-in-portal",
  "category_id": 34,
  "word_count": 254,
  "deleted_at": null,
  "user_id": 27541,
  "featured_link": null,
  "pinned_globally": false,
  "pinned_at": null,
  "pinned_until": null,
  "image_url": null,
  "slow_mode_seconds": 0,
  "draft": null,
  "draft_key": "topic_163158",
  "draft_sequence": 0,
  "posted": false,
  "unpinned": null,
  "pinned": false,
  "current_post_number": 1,
  "highest_post_number": 6,
  "last_read_post_number": null,
  "last_read_post_id": null,
  "deleted_by": null,
  "actions_summary": [
    {
      "id": 4,
      "count": 0,
      "hidden": false,
      "can_act": true
    },
    {
      "id": 8,
      "count": 0,
      "hidden": false,
      "can_act": true
    },
    {
      "id": 10,
      "count": 0,
      "hidden": false,
      "can_act": true
    },
    {
      "id": 7,
      "count": 0,
      "hidden": false,
      "can_act": true
    }
  ],
  "chunk_size": 20,
  "bookmarked": false,
  "topic_timer": null,
  "message_bus_last_id": 0,
  "participant_count": 4,
  "show_read_indicator": false,
  "thumbnails": null,
  "slow_mode_enabled_until": null,
  "tags_disable_ads": false,
  "related_topics": [
    {
      "fancy_title": "TDS calendar link not found",
      "id": 162425,
      "title": "TDS calendar link not found",
      "slug": "tds-calendar-link-not-found",
      "posts_count": 2,
      "reply_count": 0,
      "highest_post_number": 3,
      "image_url": null,
      "created_at": "2025-01-12T09:33:00.012Z",
      "last_posted_at": "2025-01-12T12:58:00.008Z",
      "bumped": true,
      "bumped_at": "2025-01-12T12:58:00.008Z",
      "archetype": "regular",
      "unseen": false,
      "last_read_post_number": null,
      "unread": 0,
      "new_posts": 0,
      "unread_posts": 0,
      "pinned": false,
      "unpinned": null,
      "visible": true,
      "closed": false,
      "archived": false,
      "notification_level": 1,
      "bookmarked": false,
      "liked": false,
      "tags": [
        "clarification",
        "term1-2025",
        "calender"
      ],
      "tags_descriptions": {},
      "like_count": 1,
      "views": 86,
      "category_id": 34,
      "featured_link": null,
      "has_accepted_answer": true,
      "posters": [
        {
          "extras": null,
          "description": "Original Poster",
          "user": {
            "id": 23292,
            "username": "23f3001764",
            "name": "Sahil Raj ",
            "avatar_template": "/user_avatar/discourse.onlinedegree.iitm.ac.in/23f3001764/{size}/66764_2.png",
            "primary_group_name": "ds-students",
            "flair_name": "ds-students",
            "flair_group_id": 294,
            "trust_level": 1
          }
        },
        {
          "extras": "latest",
          "description": "Most Recent Poster, Accepted Answer",
          "user": {
            "id": 16094,
            "username": "carlton",
            "name": "Carlton D'Silva",
            "avatar_template": "/user_avatar/discourse.onlinedegree.iitm.ac.in/carlton/{size}/56317_2.png",
            "primary_group_name": "ds-students",
            "flair_name": "ds-students",
            "flair_group_id": 294,
            "trust_level": 3
          }
        }
      ]
    },
    {
      "fancy_title": "Supplementary contents for TDS",
      "id": 53062,
      "title": "Supplementary contents for TDS",
      "slug": "supplementary-contents-for-tds",
      "posts_count": 1,
      "reply_count": 0,
      "highest_post_number": 1,
      "image_url": null,
      "created_at": "2022-06-11T18:21:43.137Z",
      "last_posted_at": "2022-06-11T18:21:43.268Z",
      "bumped": true,
      "bumped_at": "2022-06-11T18:21:43.268Z",
      "archetype": "regular",
      "unseen": false,
      "pinned": false,
      "unpinned": null,
      "visible": true,
      "closed": false,
      "archived": false,
      "bookmarked": null,
      "liked": null,
      "tags": [
        "clarification"
      ],
      "tags_descriptions": {},
      "like_count": 0,
      "views": 63,
      "category_id": 34,
      "featured_link": null,
      "has_accepted_answer": false,
      "posters": [
        {
          "extras": "latest single",
          "description": "Original Poster, Most Recent Poster",
          "user": {
            "id": 9050,
            "username": "22ds1000018",
            "name": "Venkatesh S",
            "avatar_template": "/user_avatar/discourse.onlinedegree.iitm.ac.in/22ds1000018/{size}/1164_2.png",
            "primary_group_name": "ds-students",
            "flair_name": "ds-students",
            "flair_group_id": 294,
            "trust_level": 1
          }
        }
      ]
    },
    {
      "fancy_title": "TDS calendar",
      "id": 75692,
      "title": "TDS calendar",
      "slug": "tds-calendar",
      "posts_count": 7,
      "reply_count": 3,
      "highest_post_number": 7,
      "image_url": null,
      "created_at": "2023-01-26T14:38:31.156Z",
      "last_posted_at": "2023-02-03T11:03:04.197Z",
      "bumped": true,
      "bumped_at": "2023-02-03T11:03:04.197Z",
      "archetype": "regular",
      "unseen": false,
      "pinned": false,
      "unpinned": null,
      "visible": true,
      "closed": false,
      "archived": false,
      "bookmarked": null,
      "liked": null,
      "tags": [
        "operational"
      ],
      "tags_descriptions": {},
      "like_count": 6,
      "views": 127,
      "category_id": 34,
      "featured_link": null,
      "has_accepted_answer": false,
      "posters": [
        {
          "extras": null,
          "description": "Original Poster",
          "user": {
            "id": 12162,
            "username": "22ds2000176",
            "name": "K. Krishnapriya ",
            "avatar_template": "/user_avatar/discourse.onlinedegree.iitm.ac.in/22ds2000176/{size}/14408_2.png",
            "primary_group_name": "ds-students",
            "flair_name": "ds-students",
            "flair_group_id": 294,
            "trust_level": 1
          }
        },
        {
          "extras": null,
          "description": "Frequent Poster",
          "user": {
            "id": 769,
            "username": "vikash",
            "name": "Vikash Ram Mahuri",
            "avatar_template": "/user_avatar/discourse.onlinedegree.iitm.ac.in/vikash/{size}/103483_2.png",
            "primary_group_name": "ds-students",
            "flair_name": "Community-TA",
            "flair_url": "handshake-angle",
            "flair_bg_color": "717BF7",
            "flair_color": "6BEE3D",
            "flair_group_id": 89,
            "trust_level": 2
          }
        },
        {
          "extras": null,
          "description": "Frequent Poster",
          "user": {
            "id": 2798,
            "username": "anand095",
            "name": "Anand Kumar",
            "avatar_template": "/user_avatar/discourse.onlinedegree.iitm.ac.in/anand095/{size}/100799_2.png",
            "primary_group_name": "ds-students",
            "flair_name": "ds-students",
            "flair_group_id": 294,
            "trust_level": 1
          }
        },
        {
          "extras": "latest",
          "description": "Most Recent Poster",
          "user": {
            "id": 23794,
            "username": "Pooja2",
            "name": "Pooja Pandey",
            "avatar_template": "/user_avatar/discourse.onlinedegree.iitm.ac.in/pooja2/{size}/94869_2.png",
            "primary_group_name": "ds-students",
            "flair_name": "ds-students",
            "flair_group_id": 294,
            "trust_level": 1
          }
        }
      ]
    },
    {
      "fancy_title": "TDS Lecture videos/tutorials - who are they made for?",
      "id": 32104,
      "title": "TDS Lecture videos/tutorials - who are they made for?",
      "slug": "tds-lecture-videos-tutorials-who-are-they-made-for",
      "posts_count": 50,
      "reply_count": 37,
      "highest_post_number": 50,
      "image_url": null,
      "created_at": "2022-02-03T09:03:44.596Z",
      "last_posted_at": "2022-02-23T18:26:47.926Z",
      "bumped": true,
      "bumped_at": "2022-02-23T18:26:47.926Z",
      "archetype": "regular",
      "unseen": false,
      "pinned": false,
      "unpinned": null,
      "visible": true,
      "closed": false,
      "archived": false,
      "bookmarked": null,
      "liked": null,
      "tags": [
        "week-5"
      ],
      "tags_descriptions": {},
      "like_count": 81,
      "views": 624,
      "category_id": 34,
      "featured_link": null,
      "has_accepted_answer": true,
      "posters": [
        {
          "extras": null,
          "description": "Original Poster",
          "user": {
            "id": 933,
            "username": "Anand",
            "name": "Anand Iyer",
            "avatar_template": "/user_avatar/discourse.onlinedegree.iitm.ac.in/anand/{size}/1555_2.png",
            "primary_group_name": "ds-students",
            "flair_name": "ds-students",
            "flair_group_id": 294,
            "trust_level": 2
          }
        },
        {
          "extras": null,
          "description": "Accepted Answer",
          "user": {
            "id": 7904,
            "username": "ravitejak",
            "name": "Ravi Teja",
            "avatar_template": "/user_avatar/discourse.onlinedegree.iitm.ac.in/ravitejak/{size}/12849_2.png",
            "primary_group_name": "course_support",
            "flair_name": "course_support",
            "flair_url": "scale-balanced",
            "flair_bg_color": "0040ff",
            "flair_color": "1affc6",
            "flair_group_id": 41,
            "trust_level": 4
          }
        },
        {
          "extras": null,
          "description": "Frequent Poster",
          "user": {
            "id": 2192,
            "username": "mukeshonlines",
            "name": "Mukesh",
            "avatar_template": "/user_avatar/discourse.onlinedegree.iitm.ac.in/mukeshonlines/{size}/201_2.png",
            "primary_group_name": "ds-students",
            "flair_name": "ds-students",
            "flair_group_id": 294,
            "trust_level": 1
          }
        },
        {
          "extras": null,
          "description": "Frequent Poster",
          "user": {
            "id": 1021,
            "username": "CKPIITM",
            "name": "Chandan kumar",
            "avatar_template": "/user_avatar/discourse.onlinedegree.iitm.ac.in/ckpiitm/{size}/1619_2.png",
            "primary_group_name": "ds-students",
            "flair_name": "ds-students",
            "flair_group_id": 294,
            "trust_level": 1
          }
        },
        {
          "extras": "latest",
          "description": "Most Recent Poster",
          "user": {
            "id": 1850,
            "username": "Nil",
            "name": "NILOTPAL CHAKRABORTY",
            "avatar_template": "/user_avatar/discourse.onlinedegree.iitm.ac.in/nil/{size}/5256_2.png",
            "primary_group_name": "ds-students",
            "flair_name": "ds-students",
            "flair_group_id": 294,
            "trust_level": 0
          }
        }
      ]
    },
    {
      "fancy_title": "TDS Live session recordings",
      "id": 120461,
      "title": "TDS Live session recordings",
      "slug": "tds-live-session-recordings",
      "posts_count": 5,
      "reply_count": 3,
      "highest_post_number": 5,
      "image_url": null,
      "created_at": "2024-02-21T05:22:18.024Z",
      "last_posted_at": "2024-02-21T06:09:52.119Z",
      "bumped": true,
      "bumped_at": "2024-02-21T06:10:04.590Z",
      "archetype": "regular",
      "unseen": false,
      "pinned": false,
      "unpinned": null,
      "visible": true,
      "closed": false,
      "archived": false,
      "bookmarked": null,
      "liked": null,
      "tags": [
        "clarification",
        "miscellaneous",
        "tds"
      ],
      "tags_descriptions": {},
      "like_count": 1,
      "views": 54,
      "category_id": 34,
      "featured_link": null,
      "has_accepted_answer": false,
      "posters": [
        {
          "extras": "latest",
          "description": "Original Poster, Most Recent Poster",
          "user": {
            "id": 8691,
            "username": "22f1000252",
            "name": "Prakash Tiwari",
            "avatar_template": "/user_avatar/discourse.onlinedegree.iitm.ac.in/22f1000252/{size}/55952_2.png",
            "primary_group_name": "ds-students",
            "flair_name": "ds-students",
            "flair_group_id": 294,
            "trust_level": 1
          }
        },
        {
          "extras": null,
          "description": "Frequent Poster",
          "user": {
            "id": 7946,
            "username": "GKay",
            "name": "21f3002029",
            "avatar_template": "/user_avatar/discourse.onlinedegree.iitm.ac.in/gkay/{size}/56132_2.png",
            "primary_group_name": "ds-students",
            "flair_name": "ds-students",
            "flair_group_id": 294,
            "trust_level": 1
          }
        }
      ]
    }
  ],
  "summarizable": true,
  "valid_reactions": [
    "heart",
    "+1",
    "laughing",
    "open_mouth",
    "clap",
    "confetti_ball",
    "rocket",
    "-1"
  ],
  "can_vote": false,
  "vote_count": 0,
  "user_voted": false,
  "discourse_zendesk_plugin_zendesk_id": null,
  "discourse_zendesk_plugin_zendesk_url": "https://your-url.zendesk.com/agent/tickets/",
  "details": {
    "can_edit": false,
    "notification_level": 1,
    "notifications_reason_id": null,
    "can_create_post": true,
    "can_reply_as_new_topic": true,
    "can_flag_topic": true,
    "participants": [
      {
        "id": 16094,
        "username": "carlton",
        "name": "Carlton D'Silva",
        "avatar_template": "/user_avatar/discourse.onlinedegree.iitm.ac.in/carlton/{size}/56317_2.png",
        "post_count": 2,
        "primary_group_name": "ds-students",
        "flair_name": "ds-students",
        "flair_url": null,
        "flair_color": "",
        "flair_bg_color": "",
        "flair_group_id": 294,
        "trust_level": 3
      },
      {
        "id": 27517,
        "username": "jahnavih",
        "name": "Jahnavi Hunsigida",
        "avatar_template": "https://avatars.discourse-cdn.com/v4/letter/j/ec9cab/{size}.png",
        "post_count": 1,
        "primary_group_name": "ds-students",
        "flair_name": "ds-students",
        "flair_url": null,
        "flair_color": "",
        "flair_bg_color": "",
        "flair_group_id": 294,
        "trust_level": 0
      },
      {
        "id": 27541,
        "username": "RaunakThatoi",
        "name": "Raunak  Thatoi",
        "avatar_template": "/user_avatar/discourse.onlinedegree.iitm.ac.in/raunakthatoi/{size}/68228_2.png",
        "post_count": 1,
        "primary_group_name": "ds-students",
        "flair_name": "ds-students",
        "flair_url": null,
        "flair_color": "",
        "flair_bg_color": "",
        "flair_group_id": 294,
        "trust_level": 1
      },
      {
        "id": 27512,
        "username": "Mandy",
        "name": "MANAN SHAH",
        "avatar_template": "/user_avatar/discourse.onlinedegree.iitm.ac.in/mandy/{size}/119300_2.png",
        "post_count": 1,
        "primary_group_name": "ds-students",
        "flair_name": "ds-students",
        "flair_url": null,
        "flair_color": "",
        "flair_bg_color": "",
        "flair_group_id": 294,
        "trust_level": 0
      }
    ],
    "created_by": {
      "id": 27541,
      "username": "RaunakThatoi",
      "name": "Raunak  Thatoi",
      "avatar_template": "/user_avatar/discourse.onlinedegree.iitm.ac.in/raunakthatoi/{size}/68228_2.png"
    },
    "last_poster": {
      "id": 16094,
      "username": "carlton",
      "name": "Carlton D'Silva",
      "avatar_template": "/user_avatar/discourse.onlinedegree.iitm.ac.in/carlton/{size}/56317_2.png"
    }
  },
  "pending_posts": [],
  "bookmarks": []
}