{
  "post_stream": {
    "posts": [
      {
        "id": 594132,
        "name": "Vikram Suriyanarayanan",
        "username": "vikramjncasr",
        "avatar_template": "/user_avatar/discourse.onlinedegree.iitm.ac.in/vikramjncasr/{size}/1844_2.png",
        "created_at": "2025-02-12T14:07:52.960Z",
        "cooked": "<p>Hello <a class=\"mention\" href=\"/u/carlton\">@carlton</a> and <a class=\"mention\" href=\"/u/jivraj\">@Jivraj</a>   and  <a class=\"mention\" href=\"/u/s.anand\">@s.anand</a> sir</p>\n<p>It is becoming quite evident that a lot of us will struggle to get something decent out for the project-1 by saturday and we are struggling here. I request to reconsider the deadline and extend the due date so that it gives slightly more odds of submitting the project.</p>\n<p>Thanks<br>\nVikram</p>",
        "post_number": 1,
        "post_type": 1,
        "posts_count": 27,
        "updated_at": "2025-02-15T20:26:53.149Z",
        "reply_count": 0,
        "reply_to_post_number": null,
        "quote_count": 0,
        "incoming_link_count": 93,
        "reads": 195,
        "readers_count": 194,
        "score": 1044.0,
        "yours": false,
        "topic_id": 166866,
        "topic_slug": "request-for-postponing-the-project-1-deadline-official-response-extended",
        "display_username": "Vikram Suriyanarayanan",
        "primary_group_name": "ds-students",
        "flair_name": "ds-students",
        "flair_url": null,
        "flair_bg_color": "",
        "flair_color": "",
        "flair_group_id": 294,
        "badges_granted": [],
        "version": 3,
        "can_edit": false,
        "can_delete": false,
        "can_recover": false,
        "can_see_hidden_post": false,
        "can_wiki": false,
        "read": false,
        "user_title": null,
        "bookmarked": false,
        "actions_summary": [
          {
            "id": 2,
            "count": 36,
            "can_act": true
          },
          {
            "id": 6,
            "can_act": true
          },
          {
            "id": 3,
            "can_act": true
          },
          {
            "id": 4,
            "can_act": true
          },
          {
            "id": 8,
            "can_act": true
          },
          {
            "id": 10,
            "can_act": true
          },
          {
            "id": 7,
            "can_act": true
          }
        ],
        "moderator": false,
        "admin": false,
        "staff": false,
        "user_id": 3935,
        "hidden": false,
        "trust_level": 1,
        "deleted_at": null,
        "user_deleted": false,
        "edit_reason": null,
        "can_view_edit_history": true,
        "wiki": false,
        "notice": {
          "type": "custom",
          "raw": "Deadline for project has been extended by 1 day.",
          "cooked": "<p>Deadline for project has been extended by 1 day.</p>",
          "created_by_user_id": 15651
        },
        "post_url": "/t/request-for-postponing-the-project-1-deadline-official-response-extended/166866/1",
        "user_cakedate": "2021-05-05",
        "reactions": [
          {
            "id": "heart",
            "type": "emoji",
            "count": 36
          }
        ],
        "current_user_reaction": null,
        "reaction_users_count": 36,
        "current_user_used_main_reaction": false,
        "can_accept_answer": false,
        "can_unaccept_answer": false,
        "accepted_answer": false,
        "topic_accepted_answer": null,
        "can_vote": false
      },
      {
        "id": 594661,
        "name": "Sarthak Gupta ",
        "username": "22f1000376",
        "avatar_template": "/user_avatar/discourse.onlinedegree.iitm.ac.in/22f1000376/{size}/12886_2.png",
        "created_at": "2025-02-13T18:22:49.380Z",
        "cooked": "<p><a class=\"mention\" href=\"/u/carlton\">@carlton</a> <a class=\"mention\" href=\"/u/s.anand\">@s.anand</a> Yes Sir please extend the project deadline.</p>",
        "post_number": 2,
        "post_type": 1,
        "posts_count": 27,
        "updated_at": "2025-02-13T18:26:58.663Z",
        "reply_count": 0,
        "reply_to_post_number": null,
        "quote_count": 0,
        "incoming_link_count": 1,
        "reads": 173,
        "readers_count": 172,
        "score": 99.6,
        "yours": false,
        "topic_id": 166866,
        "topic_slug": "request-for-postponing-the-project-1-deadline-official-response-extended",
        "display_username": "Sarthak Gupta ",
        "primary_group_name": "ds-students",
        "flair_name": "ds-students",
        "flair_url": null,
        "flair_bg_color": "",
        "flair_color": "",
        "flair_group_id": 294,
        "badges_granted": [],
        "version": 1,
        "can_edit": false,
        "can_delete": false,
        "can_recover": false,
        "can_see_hidden_post": false,
        "can_wiki": false,
        "read": false,
        "user_title": "",
        "bookmarked": false,
        "actions_summary": [
          {
            "id": 2,
            "count": 4,
            "can_act": true
          },
          {
            "id": 6,
            "can_act": true
          },
          {
            "id": 3,
            "can_act": true
          },
          {
            "id": 4,
            "can_act": true
          },
          {
            "id": 8,
            "can_act": true
          },
          {
            "id": 10,
            "can_act": true
          },
          {
            "id": 7,
            "can_act": true
          }
        ],
        "moderator": false,
        "admin": false,
        "staff": false,
        "user_id": 15326,
        "hidden": false,
        "trust_level": 1,
        "deleted_at": null,
        "user_deleted": false,
        "edit_reason": null,
        "can_view_edit_history": true,
        "wiki": false,
        "post_url": "/t/request-for-postponing-the-project-1-deadline-official-response-extended/166866/2",
        "user_cakedate": "2022-09-25",
        "user_birthdate": "1904-11-06",
        "reactions": [
          {
            "id": "heart",
            "type": "emoji",
            "count": 4
          }
        ],
        "current_user_reaction": null,
        "reaction_users_count": 4,
        "current_user_used_main_reaction": false,
        "can_accept_answer": false,
        "can_unaccept_answer": false,
        "accepted_answer": false,
        "topic_accepted_answer": null
      },
      {
        "id": 594663,
        "name": "Devanshi ",
        "username": "22f3000276",
        "avatar_template": "/user_avatar/discourse.onlinedegree.iitm.ac.in/22f3000276/{size}/135950_2.png",
        "created_at": "2025-02-13T18:27:23.305Z",
        "cooked": "<p>yes, it is quite difficult and also the people who have done this course in previous terms are able to help just because of the difficulty. please extend the deadline or give out some resources.</p>",
        "post_number": 3,
        "post_type": 1,
        "posts_count": 27,
        "updated_at": "2025-02-13T18:27:23.305Z",
        "reply_count": 0,
        "reply_to_post_number": null,
        "quote_count": 0,
        "incoming_link_count": 1,
        "reads": 155,
        "readers_count": 154,
        "score": 126.0,
        "yours": false,
        "topic_id": 166866,
        "topic_slug": "request-for-postponing-the-project-1-deadline-official-response-extended",
        "display_username": "Devanshi ",
        "primary_group_name": "ds-students",
        "flair_name": "ds-students",
        "flair_url": null,
        "flair_bg_color": "",
        "flair_color": "",
        "flair_group_id": 294,
        "badges_granted": [],
        "version": 1,
        "can_edit": false,
        "can_delete": false,
        "can_recover": false,
        "can_see_hidden_post": false,
        "can_wiki": false,
        "read": false,
        "user_title": null,
        "bookmarked": false,
        "actions_summary": [
          {
            "id": 2,
            "count": 6,
            "can_act": true
          },
          {
            "id": 6,
            "can_act": true
          },
          {
            "id": 3,
            "can_act": true
          },
          {
            "id": 4,
            "can_act": true
          },
          {
            "id": 8,
            "can_act": true
          },
          {
            "id": 10,
            "can_act": true
          },
          {
            "id": 7,
            "can_act": true
          }
        ],
        "moderator": false,
        "admin": false,
        "staff": false,
        "user_id": 35763,
        "hidden": false,
        "trust_level": 1,
        "deleted_at": null,
        "user_deleted": false,
        "edit_reason": null,
        "can_view_edit_history": true,
        "wiki": false,
        "post_url": "/t/request-for-postponing-the-project-1-deadline-official-response-extended/166866/3",
        "user_cakedate": "2024-09-19",
        "reactions": [
          {
            "id": "heart",
            "type": "emoji",
            "count": 6
          }
        ],
        "current_user_reaction": null,
        "reaction_users_count": 6,
        "current_user_used_main_reaction": false,
        "can_accept_answer": false,
        "can_unaccept_answer": false,
        "accepted_answer": false,
        "topic_accepted_answer": null
      },
      {
        "id": 594665,
        "name": "Akshit Mittal",
        "username": "23f2004636",
        "avatar_template": "/user_avatar/discourse.onlinedegree.iitm.ac.in/23f2004636/{size}/86136_2.png",
        "created_at": "2025-02-13T18:28:14.505Z",
        "cooked": "<p>Yes <a class=\"mention\" href=\"/u/s.anand\">@s.anand</a> , <a class=\"mention\" href=\"/u/carlton\">@carlton</a> ,<br>\nThe project is complex, and an extension would really help reduce our stress and let us submit better work.<br>\nAdditionally, some extra help sessions would be really helpful to clarify our doubts.</p>",
        "post_number": 4,
        "post_type": 1,
        "posts_count": 27,
        "updated_at": "2025-02-13T18:28:14.505Z",
        "reply_count": 0,
        "reply_to_post_number": null,
        "quote_count": 0,
        "incoming_link_count": 1,
        "reads": 147,
        "readers_count": 146,
        "score": 94.4,
        "yours": false,
        "topic_id": 166866,
        "topic_slug": "request-for-postponing-the-project-1-deadline-official-response-extended",
        "display_username": "Akshit Mittal",
        "primary_group_name": "ds-students",
        "flair_name": "ds-students",
        "flair_url": null,
        "flair_bg_color": "",
        "flair_color": "",
        "flair_group_id": 294,
        "badges_granted": [],
        "version": 1,
        "can_edit": false,
        "can_delete": false,
        "can_recover": false,
        "can_see_hidden_post": false,
        "can_wiki": false,
        "read": false,
        "user_title": "",
        "bookmarked": false,
        "actions_summary": [
          {
            "id": 2,
            "count": 4,
            "can_act": true
          },
          {
            "id": 6,
            "can_act": true
          },
          {
            "id": 3,
            "can_act": true
          },
          {
            "id": 4,
            "can_act": true
          },
          {
            "id": 8,
            "can_act": true
          },
          {
            "id": 10,
            "can_act": true
          },
          {
            "id": 7,
            "can_act": true
          }
        ],
        "moderator": false,
        "admin": false,
        "staff": false,
        "user_id": 21840,
        "hidden": false,
        "trust_level": 1,
        "deleted_at": null,
        "user_deleted": false,
        "edit_reason": null,
        "can_view_edit_history": true,
        "wiki": false,
        "post_url": "/t/request-for-postponing-the-project-1-deadline-official-response-extended/166866/4",
        "user_cakedate": "2023-09-18",
        "user_birthdate": "1904-05-18",
        "reactions": [
          {
            "id": "heart",
            "type": "emoji",
            "count": 4
          }
        ],
        "current_user_reaction": null,
        "reaction_users_count": 4,
        "current_user_used_main_reaction": false,
        "can_accept_answer": false,
        "can_unaccept_answer": false,
        "accepted_answer": false,
        "topic_accepted_answer": null
      },
      {
        "id": 594666,
        "name": "Prashant Aswani ",
        "username": "23f2004563",
        "avatar_template": "/user_avatar/discourse.onlinedegree.iitm.ac.in/23f2004563/{size}/68316_2.png",
        "created_at": "2025-02-13T18:33:03.508Z",
        "cooked": "<p><a class=\"mention\" href=\"/u/carlton\">@carlton</a> <a class=\"mention\" href=\"/u/s.anand\">@s.anand</a> yes sir please extend the project deadline.</p>",
        "post_number": 5,
        "post_type": 1,
        "posts_count": 27,
        "updated_at": "2025-02-13T18:33:03.508Z",
        "reply_count": 0,
        "reply_to_post_number": null,
        "quote_count": 0,
        "incoming_link_count": 0,
        "reads": 137,
        "readers_count": 136,
        "score": 102.4,
        "yours": false,
        "topic_id": 166866,
        "topic_slug": "request-for-postponing-the-project-1-deadline-official-response-extended",
        "display_username": "Prashant Aswani ",
        "primary_group_name": "ds-students",
        "flair_name": "ds-students",
        "flair_url": null,
        "flair_bg_color": "",
        "flair_color": "",
        "flair_group_id": 294,
        "badges_granted": [],
        "version": 1,
        "can_edit": false,
        "can_delete": false,
        "can_recover": false,
        "can_see_hidden_post": false,
        "can_wiki": false,
        "read": false,
        "user_title": null,
        "bookmarked": false,
        "actions_summary": [
          {
            "id": 2,
            "count": 5,
            "can_act": true
          },
          {
            "id": 6,
            "can_act": true
          },
          {
            "id": 3,
            "can_act": true
          },
          {
            "id": 4,
            "can_act": true
          },
          {
            "id": 8,
            "can_act": true
          },
          {
            "id": 10,
            "can_act": true
          },
          {
            "id": 7,
            "can_act": true
          }
        ],
        "moderator": false,
        "admin": false,
        "staff": false,
        "user_id": 29722,
        "hidden": false,
        "trust_level": 0,
        "deleted_at": null,
        "user_deleted": false,
        "edit_reason": null,
        "can_view_edit_history": true,
        "wiki": false,
        "post_url": "/t/request-for-postponing-the-project-1-deadline-official-response-extended/166866/5",
        "user_cakedate": "2024-04-05",
        "reactions": [
          {
            "id": "heart",
            "type": "emoji",
            "count": 5
          }
        ],
        "current_user_reaction": null,
        "reaction_users_count": 5,
        "current_user_used_main_reaction": false,
        "can_accept_answer": false,
        "can_unaccept_answer": false,
        "accepted_answer": false,
        "topic_accepted_answer": null
      },
      {
        "id": 594667,
        "name": "Sayed Sharik Hassan",
        "username": "sharik4real",
        "avatar_template": "/user_avatar/discourse.onlinedegree.iitm.ac.in/sharik4real/{size}/66940_2.png",
        "created_at": "2025-02-13T18:34:08.893Z",
        "cooked": "<p>Sir please extend the deadline it’s really hard to do we need more time</p>",
        "post_number": 6,
        "post_type": 1,
        "posts_count": 27,
        "updated_at": "2025-02-13T18:34:08.893Z",
        "reply_count": 0,
        "reply_to_post_number": null,
        "quote_count": 0,
        "incoming_link_count": 0,
        "reads": 136,
        "readers_count": 135,
        "score": 87.2,
        "yours": false,
        "topic_id": 166866,
        "topic_slug": "request-for-postponing-the-project-1-deadline-official-response-extended",
        "display_username": "Sayed Sharik Hassan",
        "primary_group_name": "ds-students",
        "flair_name": "ds-students",
        "flair_url": null,
        "flair_bg_color": "",
        "flair_color": "",
        "flair_group_id": 294,
        "badges_granted": [],
        "version": 1,
        "can_edit": false,
        "can_delete": false,
        "can_recover": false,
        "can_see_hidden_post": false,
        "can_wiki": false,
        "read": false,
        "user_title": null,
        "bookmarked": false,
        "actions_summary": [
          {
            "id": 2,
            "count": 4,
            "can_act": true
          },
          {
            "id": 6,
            "can_act": true
          },
          {
            "id": 3,
            "can_act": true
          },
          {
            "id": 4,
            "can_act": true
          },
          {
            "id": 8,
            "can_act": true
          },
          {
            "id": 10,
            "can_act": true
          },
          {
            "id": 7,
            "can_act": true
          }
        ],
        "moderator": false,
        "admin": false,
        "staff": false,
        "user_id": 18058,
        "hidden": false,
        "trust_level": 0,
        "deleted_at": null,
        "user_deleted": false,
        "edit_reason": null,
        "can_view_edit_history": true,
        "wiki": false,
        "post_url": "/t/request-for-postponing-the-project-1-deadline-official-response-extended/166866/6",
        "user_cakedate": "2023-06-03",
        "reactions": [
          {
            "id": "heart",
            "type": "emoji",
            "count": 4
          }
        ],
        "current_user_reaction": null,
        "reaction_users_count": 4,
        "current_user_used_main_reaction": false,
        "can_accept_answer": false,
        "can_unaccept_answer": false,
        "accepted_answer": false,
        "topic_accepted_answer": null
      },
      {
        "id": 594668,
        "name": "Shiva Ramakrishna",
        "username": "Mystic_9803",
        "avatar_template": "/user_avatar/discourse.onlinedegree.iitm.ac.in/mystic_9803/{size}/32524_2.png",
        "created_at": "2025-02-13T18:34:27.419Z",
        "cooked": "<p>Yes, it’s too hectic to balance work and this project</p>",
        "post_number": 7,
        "post_type": 1,
        "posts_count": 27,
        "updated_at": "2025-02-13T18:34:27.419Z",
        "reply_count": 0,
        "reply_to_post_number": null,
        "quote_count": 0,
        "incoming_link_count": 0,
        "reads": 133,
        "readers_count": 132,
        "score": 86.6,
        "yours": false,
        "topic_id": 166866,
        "topic_slug": "request-for-postponing-the-project-1-deadline-official-response-extended",
        "display_username": "Shiva Ramakrishna",
        "primary_group_name": "ds-students",
        "flair_name": "ds-students",
        "flair_url": null,
        "flair_bg_color": "",
        "flair_color": "",
        "flair_group_id": 294,
        "badges_granted": [],
        "version": 1,
        "can_edit": false,
        "can_delete": false,
        "can_recover": false,
        "can_see_hidden_post": false,
        "can_wiki": false,
        "read": false,
        "user_title": null,
        "bookmarked": false,
        "actions_summary": [
          {
            "id": 2,
            "count": 4,
            "can_act": true
          },
          {
            "id": 6,
            "can_act": true
          },
          {
            "id": 3,
            "can_act": true
          },
          {
            "id": 4,
            "can_act": true
          },
          {
            "id": 8,
            "can_act": true
          },
          {
            "id": 10,
            "can_act": true
          },
          {
            "id": 7,
            "can_act": true
          }
        ],
        "moderator": false,
        "admin": false,
        "staff": false,
        "user_id": 8457,
        "hidden": false,
        "trust_level": 1,
        "deleted_at": null,
        "user_deleted": false,
        "edit_reason": null,
        "can_view_edit_history": true,
        "wiki": false,
        "post_url": "/t/request-for-postponing-the-project-1-deadline-official-response-extended/166866/7",
        "user_cakedate": "2021-12-29",
        "reactions": [
          {
            "id": "heart",
            "type": "emoji",
            "count": 4
          }
        ],
        "current_user_reaction": null,
        "reaction_users_count": 4,
        "current_user_used_main_reaction": false,
        "can_accept_answer": false,
        "can_unaccept_answer": false,
        "accepted_answer": false,
        "topic_accepted_answer": null
      },
      {
        "id": 594669,
        "name": "Kumar Rishabh ",
        "username": "Rishabh2",
        "avatar_template": "/user_avatar/discourse.onlinedegree.iitm.ac.in/rishabh2/{size}/66901_2.png",
        "created_at": "2025-02-13T18:36:17.170Z",
        "cooked": "<p><a class=\"mention\" href=\"/u/carlton\">@carlton</a> <a class=\"mention\" href=\"/u/s.anand\">@s.anand</a> sir plss extend deadline as it is taking too much time to understand the project and this is completely new for us, we are trying our best but couldn’t able to make it. Some days extension might reduce our stress and we’ll perform better in the project as this is very important for us.</p>",
        "post_number": 8,
        "post_type": 1,
        "posts_count": 27,
        "updated_at": "2025-02-13T18:36:17.170Z",
        "reply_count": 0,
        "reply_to_post_number": null,
        "quote_count": 0,
        "incoming_link_count": 0,
        "reads": 127,
        "readers_count": 126,
        "score": 100.4,
        "yours": false,
        "topic_id": 166866,
        "topic_slug": "request-for-postponing-the-project-1-deadline-official-response-extended",
        "display_username": "Kumar Rishabh ",
        "primary_group_name": "ds-students",
        "flair_name": "ds-students",
        "flair_url": null,
        "flair_bg_color": "",
        "flair_color": "",
        "flair_group_id": 294,
        "badges_granted": [],
        "version": 1,
        "can_edit": false,
        "can_delete": false,
        "can_recover": false,
        "can_see_hidden_post": false,
        "can_wiki": false,
        "read": false,
        "user_title": null,
        "bookmarked": false,
        "actions_summary": [
          {
            "id": 2,
            "count": 5,
            "can_act": true
          },
          {
            "id": 6,
            "can_act": true
          },
          {
            "id": 3,
            "can_act": true
          },
          {
            "id": 4,
            "can_act": true
          },
          {
            "id": 8,
            "can_act": true
          },
          {
            "id": 10,
            "can_act": true
          },
          {
            "id": 7,
            "can_act": true
          }
        ],
        "moderator": false,
        "admin": false,
        "staff": false,
        "user_id": 20017,
        "hidden": false,
        "trust_level": 1,
        "deleted_at": null,
        "user_deleted": false,
        "edit_reason": null,
        "can_view_edit_history": true,
        "wiki": false,
        "post_url": "/t/request-for-postponing-the-project-1-deadline-official-response-extended/166866/8",
        "user_cakedate": "2023-06-12",
        "reactions": [
          {
            "id": "heart",
            "type": "emoji",
            "count": 5
          }
        ],
        "current_user_reaction": null,
        "reaction_users_count": 5,
        "current_user_used_main_reaction": false,
        "can_accept_answer": false,
        "can_unaccept_answer": false,
        "accepted_answer": false,
        "topic_accepted_answer": null
      },
      {
        "id": 594671,
        "name": "shivam dubey",
        "username": "23f1002279",
        "avatar_template": "/user_avatar/discourse.onlinedegree.iitm.ac.in/23f1002279/{size}/66833_2.png",
        "created_at": "2025-02-13T18:40:18.167Z",
        "cooked": "<p><a class=\"mention\" href=\"/u/carlton\">@carlton</a>  <a class=\"mention\" href=\"/u/s.anand\">@s.anand</a>  sir pls extend the deadline as the GATE DA exam is also scheduled on Saturday</p>",
        "post_number": 10,
        "post_type": 1,
        "posts_count": 27,
        "updated_at": "2025-02-13T18:40:18.167Z",
        "reply_count": 0,
        "reply_to_post_number": null,
        "quote_count": 0,
        "incoming_link_count": 1,
        "reads": 126,
        "readers_count": 125,
        "score": 120.2,
        "yours": false,
        "topic_id": 166866,
        "topic_slug": "request-for-postponing-the-project-1-deadline-official-response-extended",
        "display_username": "shivam dubey",
        "primary_group_name": "ds-students",
        "flair_name": "ds-students",
        "flair_url": null,
        "flair_bg_color": "",
        "flair_color": "",
        "flair_group_id": 294,
        "badges_granted": [],
        "version": 1,
        "can_edit": false,
        "can_delete": false,
        "can_recover": false,
        "can_see_hidden_post": false,
        "can_wiki": false,
        "read": false,
        "user_title": null,
        "bookmarked": false,
        "actions_summary": [
          {
            "id": 2,
            "count": 6,
            "can_act": true
          },
          {
            "id": 6,
            "can_act": true
          },
          {
            "id": 3,
            "can_act": true
          },
          {
            "id": 4,
            "can_act": true
          },
          {
            "id": 8,
            "can_act": true
          },
          {
            "id": 10,
            "can_act": true
          },
          {
            "id": 7,
            "can_act": true
          }
        ],
        "moderator": false,
        "admin": false,
        "staff": false,
        "user_id": 19275,
        "hidden": false,
        "trust_level": 1,
        "deleted_at": null,
        "user_deleted": false,
        "edit_reason": null,
        "can_view_edit_history": true,
        "wiki": false,
        "post_url": "/t/request-for-postponing-the-project-1-deadline-official-response-extended/166866/10",
        "user_cakedate": "2023-06-08",
        "reactions": [
          {
            "id": "heart",
            "type": "emoji",
            "count": 6
          }
        ],
        "current_user_reaction": null,
        "reaction_users_count": 6,
        "current_user_used_main_reaction": false,
        "can_accept_answer": false,
        "can_unaccept_answer": false,
        "accepted_answer": false,
        "topic_accepted_answer": null
      },
      {
        "id": 594672,
        "name": "Varun ",
        "username": "varun_parashar",
        "avatar_template": "/user_avatar/discourse.onlinedegree.iitm.ac.in/varun_parashar/{size}/67118_2.png",
        "created_at": "2025-02-13T18:46:47.187Z",
        "cooked": "<p>Please extend the deadline <img src=\"https://emoji.discourse-cdn.com/google/pray/2.png?v=12\" title=\":pray:t2:\" class=\"emoji\" alt=\":pray:t2:\" loading=\"lazy\" width=\"20\" height=\"20\"></p>",
        "post_number": 11,
        "post_type": 1,
        "posts_count": 27,
        "updated_at": "2025-02-13T18:46:47.187Z",
        "reply_count": 0,
        "reply_to_post_number": null,
        "quote_count": 0,
        "incoming_link_count": 2,
        "reads": 120,
        "readers_count": 119,
        "score": 94.0,
        "yours": false,
        "topic_id": 166866,
        "topic_slug": "request-for-postponing-the-project-1-deadline-official-response-extended",
        "display_username": "Varun ",
        "primary_group_name": "ds-students",
        "flair_name": "ds-students",
        "flair_url": null,
        "flair_bg_color": "",
        "flair_color": "",
        "flair_group_id": 294,
        "badges_granted": [],
        "version": 1,
        "can_edit": false,
        "can_delete": false,
        "can_recover": false,
        "can_see_hidden_post": false,
        "can_wiki": false,
        "read": false,
        "user_title": "",
        "bookmarked": false,
        "actions_summary": [
          {
            "id": 2,
            "count": 4,
            "can_act": true
          },
          {
            "id": 6,
            "can_act": true
          },
          {
            "id": 3,
            "can_act": true
          },
          {
            "id": 4,
            "can_act": true
          },
          {
            "id": 8,
            "can_act": true
          },
          {
            "id": 10,
            "can_act": true
          },
          {
            "id": 7,
            "can_act": true
          }
        ],
        "moderator": false,
        "admin": false,
        "staff": false,
        "user_id": 18378,
        "hidden": false,
        "trust_level": 0,
        "deleted_at": null,
        "user_deleted": false,
        "edit_reason": null,
        "can_view_edit_history": true,
        "wiki": false,
        "post_url": "/t/request-for-postponing-the-project-1-deadline-official-response-extended/166866/11",
        "user_cakedate": "2023-06-05",
        "reactions": [
          {
            "id": "heart",
            "type": "emoji",
            "count": 4
          }
        ],
        "current_user_reaction": null,
        "reaction_users_count": 4,
        "current_user_used_main_reaction": false,
        "can_accept_answer": false,
        "can_unaccept_answer": false,
        "accepted_answer": false,
        "topic_accepted_answer": null
      },
      {
        "id": 594673,
        "name": "Lakshika Sheoran",
        "username": "22f2001175",
        "avatar_template": "/user_avatar/discourse.onlinedegree.iitm.ac.in/22f2001175/{size}/114560_2.png",
        "created_at": "2025-02-13T18:48:25.522Z",
        "cooked": "<p><a class=\"mention\" href=\"/u/s.anand\">@s.anand</a> <a class=\"mention\" href=\"/u/carlton\">@carlton</a> sir pls extend the deadline of project1 as it’s very difficult,  we are spending so much of time still not able to complete the project and the gate exam is also on 15 February. We would be grateful if the deadline could be extended…</p>",
        "post_number": 12,
        "post_type": 1,
        "posts_count": 27,
        "updated_at": "2025-02-13T18:48:25.522Z",
        "reply_count": 0,
        "reply_to_post_number": null,
        "quote_count": 0,
        "incoming_link_count": 0,
        "reads": 110,
        "readers_count": 109,
        "score": 82.0,
        "yours": false,
        "topic_id": 166866,
        "topic_slug": "request-for-postponing-the-project-1-deadline-official-response-extended",
        "display_username": "Lakshika Sheoran",
        "primary_group_name": "ds-students",
        "flair_name": "ds-students",
        "flair_url": null,
        "flair_bg_color": "",
        "flair_color": "",
        "flair_group_id": 294,
        "badges_granted": [],
        "version": 1,
        "can_edit": false,
        "can_delete": false,
        "can_recover": false,
        "can_see_hidden_post": false,
        "can_wiki": false,
        "read": false,
        "user_title": null,
        "bookmarked": false,
        "actions_summary": [
          {
            "id": 2,
            "count": 4,
            "can_act": true
          },
          {
            "id": 6,
            "can_act": true
          },
          {
            "id": 3,
            "can_act": true
          },
          {
            "id": 4,
            "can_act": true
          },
          {
            "id": 8,
            "can_act": true
          },
          {
            "id": 10,
            "can_act": true
          },
          {
            "id": 7,
            "can_act": true
          }
        ],
        "moderator": false,
        "admin": false,
        "staff": false,
        "user_id": 35687,
        "hidden": false,
        "trust_level": 1,
        "deleted_at": null,
        "user_deleted": false,
        "edit_reason": null,
        "can_view_edit_history": true,
        "wiki": false,
        "post_url": "/t/request-for-postponing-the-project-1-deadline-official-response-extended/166866/12",
        "user_cakedate": "2024-07-24",
        "reactions": [
          {
            "id": "heart",
            "type": "emoji",
            "count": 4
          }
        ],
        "current_user_reaction": null,
        "reaction_users_count": 4,
        "current_user_used_main_reaction": false,
        "can_accept_answer": false,
        "can_unaccept_answer": false,
        "accepted_answer": false,
        "topic_accepted_answer": null
      },
      {
        "id": 594674,
        "name": "Shivaditya Bhattacharya",
        "username": "22f3000819",
        "avatar_template": "/user_avatar/discourse.onlinedegree.iitm.ac.in/22f3000819/{size}/66738_2.png",
        "created_at": "2025-02-13T18:52:24.978Z",
        "cooked": "<p>Please at least make it 16 or 17 Feb. The GATE DA exam and project deadline coinciding has already hampered progress on both ends. At least the project will be much better even with the smallest possible extension.</p>",
        "post_number": 13,
        "post_type": 1,
        "posts_count": 27,
        "updated_at": "2025-02-13T18:52:24.978Z",
        "reply_count": 0,
        "reply_to_post_number": null,
        "quote_count": 0,
        "incoming_link_count": 2,
        "reads": 115,
        "readers_count": 114,
        "score": 63.0,
        "yours": false,
        "topic_id": 166866,
        "topic_slug": "request-for-postponing-the-project-1-deadline-official-response-extended",
        "display_username": "Shivaditya Bhattacharya",
        "primary_group_name": "ds-students",
        "flair_name": "ds-students",
        "flair_url": null,
        "flair_bg_color": "",
        "flair_color": "",
        "flair_group_id": 294,
        "badges_granted": [],
        "version": 1,
        "can_edit": false,
        "can_delete": false,
        "can_recover": false,
        "can_see_hidden_post": false,
        "can_wiki": false,
        "read": false,
        "user_title": "",
        "bookmarked": false,
        "actions_summary": [
          {
            "id": 2,
            "count": 2,
            "can_act": true
          },
          {
            "id": 6,
            "can_act": true
          },
          {
            "id": 3,
            "can_act": true
          },
          {
            "id": 4,
            "can_act": true
          },
          {
            "id": 8,
            "can_act": true
          },
          {
            "id": 10,
            "can_act": true
          },
          {
            "id": 7,
            "can_act": true
          }
        ],
        "moderator": false,
        "admin": false,
        "staff": false,
        "user_id": 16002,
        "hidden": false,
        "trust_level": 1,
        "deleted_at": null,
        "user_deleted": false,
        "edit_reason": null,
        "can_view_edit_history": true,
        "wiki": false,
        "post_url": "/t/request-for-postponing-the-project-1-deadline-official-response-extended/166866/13",
        "user_cakedate": "2023-01-25",
        "user_birthdate": "1904-03-07",
        "reactions": [
          {
            "id": "heart",
            "type": "emoji",
            "count": 2
          }
        ],
        "current_user_reaction": null,
        "reaction_users_count": 2,
        "current_user_used_main_reaction": false,
        "can_accept_answer": false,
        "can_unaccept_answer": false,
        "accepted_answer": false,
        "topic_accepted_answer": null
      },
      {
        "id": 594686,
        "name": "Shashannk",
        "username": "23f2003413",
        "avatar_template": "/user_avatar/discourse.onlinedegree.iitm.ac.in/23f2003413/{size}/66883_2.png",
        "created_at": "2025-02-13T19:58:12.870Z",
        "cooked": "<p>Kindly consider the request and extend the deadline sir. It would be really helpful as we could atleast work upto our full potential and submit few tasks increasing the odds of our submission. <a class=\"mention\" href=\"/u/carlton\">@carlton</a> <a class=\"mention\" href=\"/u/s.anand\">@s.anand</a></p>",
        "post_number": 14,
        "post_type": 1,
        "posts_count": 27,
        "updated_at": "2025-02-13T19:58:12.870Z",
        "reply_count": 0,
        "reply_to_post_number": null,
        "quote_count": 0,
        "incoming_link_count": 0,
        "reads": 109,
        "readers_count": 108,
        "score": 36.8,
        "yours": false,
        "topic_id": 166866,
        "topic_slug": "request-for-postponing-the-project-1-deadline-official-response-extended",
        "display_username": "Shashannk",
        "primary_group_name": "ds-students",
        "flair_name": "ds-students",
        "flair_url": null,
        "flair_bg_color": "",
        "flair_color": "",
        "flair_group_id": 294,
        "badges_granted": [],
        "version": 1,
        "can_edit": false,
        "can_delete": false,
        "can_recover": false,
        "can_see_hidden_post": false,
        "can_wiki": false,
        "read": false,
        "user_title": null,
        "bookmarked": false,
        "actions_summary": [
          {
            "id": 2,
            "count": 1,
            "can_act": true
          },
          {
            "id": 6,
            "can_act": true
          },
          {
            "id": 3,
            "can_act": true
          },
          {
            "id": 4,
            "can_act": true
          },
          {
            "id": 8,
            "can_act": true
          },
          {
            "id": 10,
            "can_act": true
          },
          {
            "id": 7,
            "can_act": true
          }
        ],
        "moderator": false,
        "admin": false,
        "staff": false,
        "user_id": 22439,
        "hidden": false,
        "trust_level": 1,
        "deleted_at": null,
        "user_deleted": false,
        "edit_reason": null,
        "can_view_edit_history": true,
        "wiki": false,
        "post_url": "/t/request-for-postponing-the-project-1-deadline-official-response-extended/166866/14",
        "user_cakedate": "2023-09-22",
        "reactions": [
          {
            "id": "heart",
            "type": "emoji",
            "count": 1
          }
        ],
        "current_user_reaction": null,
        "reaction_users_count": 1,
        "current_user_used_main_reaction": false,
        "can_accept_answer": false,
        "can_unaccept_answer": false,
        "accepted_answer": false,
        "topic_accepted_answer": null
      },
      {
        "id": 594688,
        "name": "AYUSH SINGH",
        "username": "AYUSH_SINGH",
        "avatar_template": "/user_avatar/discourse.onlinedegree.iitm.ac.in/ayush_singh/{size}/14039_2.png",
        "created_at": "2025-02-13T20:37:40.537Z",
        "cooked": "<p>Indeed, even i am stuck in project parts and a lot of them.<br>\nEXTEND !!!</p>",
        "post_number": 15,
        "post_type": 1,
        "posts_count": 27,
        "updated_at": "2025-02-13T20:37:40.537Z",
        "reply_count": 0,
        "reply_to_post_number": null,
        "quote_count": 0,
        "incoming_link_count": 1,
        "reads": 107,
        "readers_count": 106,
        "score": 41.4,
        "yours": false,
        "topic_id": 166866,
        "topic_slug": "request-for-postponing-the-project-1-deadline-official-response-extended",
        "display_username": "AYUSH SINGH",
        "primary_group_name": "ds-students",
        "flair_name": "ds-students",
        "flair_url": null,
        "flair_bg_color": "",
        "flair_color": "",
        "flair_group_id": 294,
        "badges_granted": [],
        "version": 1,
        "can_edit": false,
        "can_delete": false,
        "can_recover": false,
        "can_see_hidden_post": false,
        "can_wiki": false,
        "read": false,
        "user_title": null,
        "bookmarked": false,
        "actions_summary": [
          {
            "id": 2,
            "count": 1,
            "can_act": true
          },
          {
            "id": 6,
            "can_act": true
          },
          {
            "id": 3,
            "can_act": true
          },
          {
            "id": 4,
            "can_act": true
          },
          {
            "id": 8,
            "can_act": true
          },
          {
            "id": 10,
            "can_act": true
          },
          {
            "id": 7,
            "can_act": true
          }
        ],
        "moderator": false,
        "admin": false,
        "staff": false,
        "user_id": 9481,
        "hidden": false,
        "trust_level": 1,
        "deleted_at": null,
        "user_deleted": false,
        "edit_reason": null,
        "can_view_edit_history": true,
        "wiki": false,
        "post_url": "/t/request-for-postponing-the-project-1-deadline-official-response-extended/166866/15",
        "user_cakedate": "2022-01-04",
        "user_birthdate": "1904-02-18",
        "reactions": [
          {
            "id": "heart",
            "type": "emoji",
            "count": 1
          }
        ],
        "current_user_reaction": null,
        "reaction_users_count": 1,
        "current_user_used_main_reaction": false,
        "can_accept_answer": false,
        "can_unaccept_answer": false,
        "accepted_answer": false,
        "topic_accepted_answer": null
      },
      {
        "id": 594690,
        "name": "Manav Singh",
        "username": "Flibon",
        "avatar_template": "/user_avatar/discourse.onlinedegree.iitm.ac.in/flibon/{size}/119138_2.png",
        "created_at": "2025-02-13T21:44:36.410Z",
        "cooked": "<p>Kindly consider our request to extend the deadline, as many students have their GATE exam on Saturday. A slight extension would be greatly helpful.</p>",
        "post_number": 16,
        "post_type": 1,
        "posts_count": 27,
        "updated_at": "2025-02-13T21:44:36.410Z",
        "reply_count": 0,
        "reply_to_post_number": null,
        "quote_count": 0,
        "incoming_link_count": 6,
        "reads": 111,
        "readers_count": 110,
        "score": 67.2,
        "yours": false,
        "topic_id": 166866,
        "topic_slug": "request-for-postponing-the-project-1-deadline-official-response-extended",
        "display_username": "Manav Singh",
        "primary_group_name": "ds-students",
        "flair_name": "ds-students",
        "flair_url": null,
        "flair_bg_color": "",
        "flair_color": "",
        "flair_group_id": 294,
        "badges_granted": [],
        "version": 1,
        "can_edit": false,
        "can_delete": false,
        "can_recover": false,
        "can_see_hidden_post": false,
        "can_wiki": false,
        "read": false,
        "user_title": "",
        "bookmarked": false,
        "actions_summary": [
          {
            "id": 2,
            "count": 1,
            "can_act": true
          },
          {
            "id": 6,
            "can_act": true
          },
          {
            "id": 3,
            "can_act": true
          },
          {
            "id": 4,
            "can_act": true
          },
          {
            "id": 8,
            "can_act": true
          },
          {
            "id": 10,
            "can_act": true
          },
          {
            "id": 7,
            "can_act": true
          }
        ],
        "moderator": false,
        "admin": false,
        "staff": false,
        "user_id": 7004,
        "hidden": false,
        "trust_level": 1,
        "deleted_at": null,
        "user_deleted": false,
        "edit_reason": null,
        "can_view_edit_history": true,
        "wiki": false,
        "post_url": "/t/request-for-postponing-the-project-1-deadline-official-response-extended/166866/16",
        "user_cakedate": "2021-09-09",
        "reactions": [
          {
            "id": "heart",
            "type": "emoji",
            "count": 1
          }
        ],
        "current_user_reaction": null,
        "reaction_users_count": 1,
        "current_user_used_main_reaction": false,
        "can_accept_answer": false,
        "can_unaccept_answer": false,
        "accepted_answer": false,
        "topic_accepted_answer": null
      },
      {
        "id": 594711,
        "name": "Deepak kumar",
        "username": "22f3000107",
        "avatar_template": "/user_avatar/discourse.onlinedegree.iitm.ac.in/22f3000107/{size}/84960_2.png",
        "created_at": "2025-02-14T03:44:17.169Z",
        "cooked": "<p>SIr please extend the deadline of project 1 give us  2 to 3 days it was helpful for us.</p>",
        "post_number": 17,
        "post_type": 1,
        "posts_count": 27,
        "updated_at": "2025-02-14T03:44:17.169Z",
        "reply_count": 0,
        "reply_to_post_number": null,
        "quote_count": 0,
        "incoming_link_count": 2,
        "reads": 115,
        "readers_count": 114,
        "score": 48.0,
        "yours": false,
        "topic_id": 166866,
        "topic_slug": "request-for-postponing-the-project-1-deadline-official-response-extended",
        "display_username": "Deepak kumar",
        "primary_group_name": "ds-students",
        "flair_name": "ds-students",
        "flair_url": null,
        "flair_bg_color": "",
        "flair_color": "",
        "flair_group_id": 294,
        "badges_granted": [],
        "version": 1,
        "can_edit": false,
        "can_delete": false,
        "can_recover": false,
        "can_see_hidden_post": false,
        "can_wiki": false,
        "read": false,
        "user_title": null,
        "bookmarked": false,
        "actions_summary": [
          {
            "id": 2,
            "count": 1,
            "can_act": true
          },
          {
            "id": 6,
            "can_act": true
          },
          {
            "id": 3,
            "can_act": true
          },
          {
            "id": 4,
            "can_act": true
          },
          {
            "id": 8,
            "can_act": true
          },
          {
            "id": 10,
            "can_act": true
          },
          {
            "id": 7,
            "can_act": true
          }
        ],
        "moderator": false,
        "admin": false,
        "staff": false,
        "user_id": 23695,
        "hidden": false,
        "trust_level": 1,
        "deleted_at": null,
        "user_deleted": false,
        "edit_reason": null,
        "can_view_edit_history": true,
        "wiki": false,
        "post_url": "/t/request-for-postponing-the-project-1-deadline-official-response-extended/166866/17",
        "user_cakedate": "2023-10-06",
        "user_birthdate": "1904-01-14",
        "reactions": [
          {
            "id": "heart",
            "type": "emoji",
            "count": 1
          }
        ],
        "current_user_reaction": null,
        "reaction_users_count": 1,
        "current_user_used_main_reaction": false,
        "can_accept_answer": false,
        "can_unaccept_answer": false,
        "accepted_answer": false,
        "topic_accepted_answer": null
      },
      {
        "id": 594815,
        "name": "Carlton D'Silva",
        "username": "carlton",
        "avatar_template": "/user_avatar/discourse.onlinedegree.iitm.ac.in/carlton/{size}/56317_2.png",
        "created_at": "2025-02-14T06:44:21.075Z",
        "cooked": "<p><a class=\"mention\" href=\"/u/22f1000376\">@22f1000376</a> <a class=\"mention\" href=\"/u/22f3000276\">@22f3000276</a> <a class=\"mention\" href=\"/u/23f2004636\">@23f2004636</a> <a class=\"mention\" href=\"/u/23f2004563\">@23f2004563</a> <a class=\"mention\" href=\"/u/sharik4real\">@sharik4real</a> <a class=\"mention\" href=\"/u/mystic_9803\">@Mystic_9803</a> <a class=\"mention\" href=\"/u/rishabh2\">@Rishabh2</a> <a class=\"mention\" href=\"/u/23f1002279\">@23f1002279</a> <a class=\"mention\" href=\"/u/varun_parashar\">@varun_parashar</a> <a class=\"mention\" href=\"/u/22f2001175\">@22f2001175</a></p>\n<p>and others…</p>\n<p>I have discussed this with the rest of the TDS team and with Operations on multiple occasions (including today.) Here are the highlights of the discussion:</p>\n<ul>\n<li>We have moved Graded Assignment 5 (GA5) deadline which was due on 16th Feb to 21st Feb next Friday.</li>\n<li>All the material to be able to do Project was available in Module 2 and Module 3, which was released on or before 10th of January (36 days ago)</li>\n<li>Project 1 was released 19th of January (27 days ago)</li>\n<li>We had over 9 hours of sessions exclusively covering Project 1 (of which at least 8 hours are available on YouTube.) This excludes any week 2 and week 3 content which also would have given you the necessary skills to do Project 1. The sessions on YouTube give you a start to finish overview of how to approach it.</li>\n</ul>\n<p>All of your concerns were duly noted and mentioned. Considering all the above, including the concerns mentioned by students:</p>\n<p><strong>Project 1 deadline will NOT be changed.</strong></p>\n<p>Please make sure to carefully read the Deliverables and the Evaluation section and do them carefully and watch the intro to Week 3 - Session 1 to get an overview of what is absolutely essential and required. Watch Week 5 both sessions to see how we construct these requirements.</p>\n<p>Kind regards<br>\nTDS Team</p>",
        "post_number": 18,
        "post_type": 1,
        "posts_count": 27,
        "updated_at": "2025-02-14T06:44:21.075Z",
        "reply_count": 3,
        "reply_to_post_number": null,
        "quote_count": 0,
        "incoming_link_count": 2,
        "reads": 119,
        "readers_count": 118,
        "score": 48.8,
        "yours": false,
        "topic_id": 166866,
        "topic_slug": "request-for-postponing-the-project-1-deadline-official-response-extended",
        "display_username": "Carlton D'Silva",
        "primary_group_name": "ds-students",
        "flair_name": "ds-students",
        "flair_url": null,
        "flair_bg_color": "",
        "flair_color": "",
        "flair_group_id": 294,
        "badges_granted": [],
        "version": 1,
        "can_edit": false,
        "can_delete": false,
        "can_recover": false,
        "can_see_hidden_post": false,
        "can_wiki": false,
        "read": false,
        "user_title": "Regular",
        "title_is_group": false,
        "bookmarked": false,
        "actions_summary": [
          {
            "id": 2,
            "can_act": true
          },
          {
            "id": 6,
            "can_act": true
          },
          {
            "id": 3,
            "can_act": true
          },
          {
            "id": 4,
            "can_act": true
          },
          {
            "id": 8,
            "can_act": true
          },
          {
            "id": 10,
            "can_act": true
          },
          {
            "id": 7,
            "can_act": true
          }
        ],
        "moderator": false,
        "admin": false,
        "staff": false,
        "group_moderator": true,
        "user_id": 16094,
        "hidden": false,
        "trust_level": 3,
        "deleted_at": null,
        "user_deleted": false,
        "edit_reason": null,
        "can_view_edit_history": true,
        "wiki": false,
        "post_url": "/t/request-for-postponing-the-project-1-deadline-official-response-extended/166866/18",
        "user_cakedate": "2023-01-25",
        "reactions": [],
        "current_user_reaction": null,
        "reaction_users_count": 0,
        "current_user_used_main_reaction": false,
        "can_accept_answer": false,
        "can_unaccept_answer": false,
        "accepted_answer": false,
        "topic_accepted_answer": null
      },
      {
        "id": 594818,
        "name": "23f3001356",
        "username": "ShahbaazSingh",
        "avatar_template": "/user_avatar/discourse.onlinedegree.iitm.ac.in/shahbaazsingh/{size}/119348_2.png",
        "created_at": "2025-02-14T06:50:15.092Z",
        "cooked": "<p>-Yes sir this project 1 is very tough for even 1 question a whole day is used.<br>\n<a class=\"mention\" href=\"/u/carlton\">@carlton</a> <a class=\"mention\" href=\"/u/s.anand\">@s.anand</a> Sir besides this project we have other subject graded assignments and MLP Project and MAD2 project.<br>\nPlease sir it would be very beneficial for everyone, we have talked to other students also we are not able to even complete the 10 A tasks even with the evaluate.py rest aside Task B.<br>\nPlease sir take this into consideration. We are trying very hard for this project even you can see students asking various questions in the discourse, we are struggling but still sir we are trying.</p>",
        "post_number": 19,
        "post_type": 1,
        "posts_count": 27,
        "updated_at": "2025-02-14T06:50:15.092Z",
        "reply_count": 0,
        "reply_to_post_number": null,
        "quote_count": 0,
        "incoming_link_count": 1,
        "reads": 112,
        "readers_count": 111,
        "score": 87.4,
        "yours": false,
        "topic_id": 166866,
        "topic_slug": "request-for-postponing-the-project-1-deadline-official-response-extended",
        "display_username": "23f3001356",
        "primary_group_name": "ds-students",
        "flair_name": "ds-students",
        "flair_url": null,
        "flair_bg_color": "",
        "flair_color": "",
        "flair_group_id": 294,
        "badges_granted": [],
        "version": 1,
        "can_edit": false,
        "can_delete": false,
        "can_recover": false,
        "can_see_hidden_post": false,
        "can_wiki": false,
        "read": false,
        "user_title": "",
        "bookmarked": false,
        "actions_summary": [
          {
            "id": 2,
            "count": 4,
            "can_act": true
          },
          {
            "id": 6,
            "can_act": true
          },
          {
            "id": 3,
            "can_act": true
          },
          {
            "id": 4,
            "can_act": true
          },
          {
            "id": 8,
            "can_act": true
          },
          {
            "id": 10,
            "can_act": true
          },
          {
            "id": 7,
            "can_act": true
          }
        ],
        "moderator": false,
        "admin": false,
        "staff": false,
        "user_id": 26985,
        "hidden": false,
        "trust_level": 1,
        "deleted_at": null,
        "user_deleted": false,
        "edit_reason": null,
        "can_view_edit_history": true,
        "wiki": false,
        "post_url": "/t/request-for-postponing-the-project-1-deadline-official-response-extended/166866/19",
        "user_cakedate": "2024-02-02",
        "reactions": [
          {
            "id": "heart",
            "type": "emoji",
            "count": 4
          }
        ],
        "current_user_reaction": null,
        "reaction_users_count": 4,
        "current_user_used_main_reaction": false,
        "can_accept_answer": false,
        "can_unaccept_answer": false,
        "accepted_answer": false,
        "topic_accepted_answer": null
      },
      {
        "id": 594905,
        "name": "SHAON BALLAV",
        "username": "sha_512_av",
        "avatar_template": "/user_avatar/discourse.onlinedegree.iitm.ac.in/sha_512_av/{size}/111521_2.png",
        "created_at": "2025-02-14T10:38:25.088Z",
        "cooked": "<p><a class=\"mention\" href=\"/u/carlton\">@carlton</a> <a class=\"mention\" href=\"/u/jivraj\">@Jivraj</a> <a class=\"mention\" href=\"/u/s.anand\">@s.anand</a></p>\n<p>We truly appreciate the efforts being put by the TDS team, but not to be rude here -</p>\n<ul>\n<li>\n<p>Why is Project 1 deadline is on Saturday and not on Sunday, as many of us are doing the course <strong>not as a full-time</strong> student. (Some have Gate exam on Saturday also). So, extending the timeline to at least Sunday, 16th Feb would be truly appreciated.</p>\n</li>\n<li>\n<p>Week 3 release date timeline is 24 Jan, we need adequate time to go through the weekly materials. All the contents are already released, so by the same logic upcoming Project 2 contents are also available but that doesn’t mean that we can complete the upcoming project within a week.</p>\n</li>\n<li>\n<p>Project help sessions came on 11th February(live) and 12th Feb on YouTube, just 4 days before the submission date, though I am not complaining about this and genuinely appreciating the team’s effort, but this does gives very less time for many of us here.</p>\n</li>\n</ul>\n<p>Thank you.</p>",
        "post_number": 20,
        "post_type": 1,
        "posts_count": 27,
        "updated_at": "2025-02-14T10:38:25.088Z",
        "reply_count": 0,
        "reply_to_post_number": 18,
        "quote_count": 0,
        "incoming_link_count": 2,
        "reads": 107,
        "readers_count": 106,
        "score": 136.4,
        "yours": false,
        "topic_id": 166866,
        "topic_slug": "request-for-postponing-the-project-1-deadline-official-response-extended",
        "display_username": "SHAON BALLAV",
        "primary_group_name": "ds-students",
        "flair_name": "ds-students",
        "flair_url": null,
        "flair_bg_color": "",
        "flair_color": "",
        "flair_group_id": 294,
        "badges_granted": [],
        "version": 1,
        "can_edit": false,
        "can_delete": false,
        "can_recover": false,
        "can_see_hidden_post": false,
        "can_wiki": false,
        "read": false,
        "user_title": null,
        "reply_to_user": {
          "id": 16094,
          "username": "carlton",
          "name": "Carlton D'Silva",
          "avatar_template": "/user_avatar/discourse.onlinedegree.iitm.ac.in/carlton/{size}/56317_2.png"
        },
        "bookmarked": false,
        "actions_summary": [
          {
            "id": 2,
            "count": 7,
            "can_act": true
          },
          {
            "id": 6,
            "can_act": true
          },
          {
            "id": 3,
            "can_act": true
          },
          {
            "id": 4,
            "can_act": true
          },
          {
            "id": 8,
            "can_act": true
          },
          {
            "id": 10,
            "can_act": true
          },
          {
            "id": 7,
            "can_act": true
          }
        ],
        "moderator": false,
        "admin": false,
        "staff": false,
        "user_id": 15530,
        "hidden": false,
        "trust_level": 1,
        "deleted_at": null,
        "user_deleted": false,
        "edit_reason": null,
        "can_view_edit_history": true,
        "wiki": false,
        "post_url": "/t/request-for-postponing-the-project-1-deadline-official-response-extended/166866/20",
        "user_cakedate": "2023-01-23",
        "reactions": [
          {
            "id": "heart",
            "type": "emoji",
            "count": 7
          }
        ],
        "current_user_reaction": null,
        "reaction_users_count": 7,
        "current_user_used_main_reaction": false,
        "can_accept_answer": false,
        "can_unaccept_answer": false,
        "accepted_answer": false,
        "topic_accepted_answer": null
      },
      {
        "id": 594914,
        "name": "Harsh Jaiswal",
        "username": "HarshJaiswal",
        "avatar_template": "/user_avatar/discourse.onlinedegree.iitm.ac.in/harshjaiswal/{size}/69560_2.png",
        "created_at": "2025-02-14T11:38:25.143Z",
        "cooked": "<p>sir…please extend the deadline…</p>",
        "post_number": 21,
        "post_type": 1,
        "posts_count": 27,
        "updated_at": "2025-02-14T11:38:25.143Z",
        "reply_count": 0,
        "reply_to_post_number": null,
        "quote_count": 0,
        "incoming_link_count": 0,
        "reads": 98,
        "readers_count": 97,
        "score": 19.6,
        "yours": false,
        "topic_id": 166866,
        "topic_slug": "request-for-postponing-the-project-1-deadline-official-response-extended",
        "display_username": "Harsh Jaiswal",
        "primary_group_name": "ds-students",
        "flair_name": "ds-students",
        "flair_url": null,
        "flair_bg_color": "",
        "flair_color": "",
        "flair_group_id": 294,
        "badges_granted": [],
        "version": 1,
        "can_edit": false,
        "can_delete": false,
        "can_recover": false,
        "can_see_hidden_post": false,
        "can_wiki": false,
        "read": false,
        "user_title": null,
        "bookmarked": false,
        "actions_summary": [
          {
            "id": 2,
            "can_act": true
          },
          {
            "id": 6,
            "can_act": true
          },
          {
            "id": 3,
            "can_act": true
          },
          {
            "id": 4,
            "can_act": true
          },
          {
            "id": 8,
            "can_act": true
          },
          {
            "id": 10,
            "can_act": true
          },
          {
            "id": 7,
            "can_act": true
          }
        ],
        "moderator": false,
        "admin": false,
        "staff": false,
        "user_id": 21128,
        "hidden": false,
        "trust_level": 1,
        "deleted_at": null,
        "user_deleted": false,
        "edit_reason": null,
        "can_view_edit_history": true,
        "wiki": false,
        "post_url": "/t/request-for-postponing-the-project-1-deadline-official-response-extended/166866/21",
        "user_cakedate": "2023-06-22",
        "reactions": [],
        "current_user_reaction": null,
        "reaction_users_count": 0,
        "current_user_used_main_reaction": false,
        "can_accept_answer": false,
        "can_unaccept_answer": false,
        "accepted_answer": false,
        "topic_accepted_answer": null
      }
    ],
    "stream": [
      594132,
      594661,
      594663,
      594665,
      594666,
      594667,
      594668,
      594669,
      594671,
      594672,
      594673,
      594674,
      594686,
      594688,
      594690,
      594711,
      594815,
      594818,
      594905,
      594914,
      594918,
      594920,
      594922,
      594930,
      594966,
      595524,
      595546
    ]
  },
  "timeline_lookup": [
    [
      1,
      278
    ],
    [
      2,
      276
    ],
    [
      26,
      274
    ]
  ],
  "tags": [
    "clarification",
    "term1-2025",
    "tds-project-1"
  ],
  "tags_descriptions": {},
  "fancy_title": "&ndash;Request for postponing the Project -1 deadline&ndash; Official Response: Extended :slight_smile:",
  "id": 166866,
  "title": "--Request for postponing the Project -1 deadline-- Official Response: Extended :)",
  "posts_count": 27,
  "created_at": "2025-02-12T14:07:52.702Z",
  "views": 331,
  "reply_count": 3,
  "like_count": 105,
  "last_posted_at": "2025-02-15T16:52:14.578Z",
  "visible": true,
  "closed": true,
  "archived": false,
  "has_summary": false,
  "archetype": "regular",
  "slug": "request-for-postponing-the-project-1-deadline-official-response-extended",
  "category_id": 34,
  "word_count": 1159,
  "deleted_at": null,
  "user_id": 3935,
  "featured_link": null,
  "pinned_globally": false,
  "pinned_at": null,
  "pinned_until": null,
  "image_url": null,
  "slow_mode_seconds": 0,
  "draft": null,
  "draft_key": "topic_166866",
  "draft_sequence": 0,
  "posted": false,
  "unpinned": null,
  "pinned": false,
  "current_post_number": 1,
  "highest_post_number": 28,
  "last_read_post_number": null,
  "last_read_post_id": null,
  "deleted_by": null,
  "actions_summary": [
    {
      "id": 4,
      "count": 0,
      "hidden": false,
      "can_act": true
    },
    {
      "id": 8,
      "count": 0,
      "hidden": false,
      "can_act": true
    },
    {
      "id": 10,
      "count": 0,
      "hidden": false,
      "can_act": true
    },
    {
      "id": 7,
      "count": 0,
      "hidden": false,
      "can_act": true
    }
  ],
  "chunk_size": 20,
  "bookmarked": false,
  "topic_timer": null,
  "message_bus_last_id": 0,
  "participant_count": 27,
  "show_read_indicator": false,
  "thumbnails": null,
  "slow_mode_enabled_until": null,
  "tags_disable_ads": false,
  "related_topics": null,
  "summarizable": true,
  "valid_reactions": [
    "heart",
    "+1",
    "laughing",
    "open_mouth",
    "clap",
    "confetti_ball",
    "rocket",
    "-1"
  ],
  "can_vote": false,
  "vote_count": 0,
  "user_voted": false,
  "discourse_zendesk_plugin_zendesk_id": null,
  "discourse_zendesk_plugin_zendesk_url": "https://your-url.zendesk.com/agent/tickets/",
  "details": {
    "can_edit": false,
    "notification_level": 1,
    "notifications_reason_id": null,
    "can_reply_as_new_topic": true,
    "can_flag_topic": true,
    "participants": [
      {
        "id": 18058,
        "username": "sharik4real",
        "name": "Sayed Sharik Hassan",
        "avatar_template": "/user_avatar/discourse.onlinedegree.iitm.ac.in/sharik4real/{size}/66940_2.png",
        "post_count": 1,
        "primary_group_name": "ds-students",
        "flair_name": "ds-students",
        "flair_url": null,
        "flair_color": "",
        "flair_bg_color": "",
        "flair_group_id": 294,
        "trust_level": 0
      },
      {
        "id": 35763,
        "username": "22f3000276",
        "name": "Devanshi ",
        "avatar_template": "/user_avatar/discourse.onlinedegree.iitm.ac.in/22f3000276/{size}/135950_2.png",
        "post_count": 1,
        "primary_group_name": "ds-students",
        "flair_name": "ds-students",
        "flair_url": null,
        "flair_color": "",
        "flair_bg_color": "",
        "flair_group_id": 294,
        "trust_level": 1
      },
      {
        "id": 20017,
        "username": "Rishabh2",
        "name": "Kumar Rishabh ",
        "avatar_template": "/user_avatar/discourse.onlinedegree.iitm.ac.in/rishabh2/{size}/66901_2.png",
        "post_count": 1,
        "primary_group_name": "ds-students",
        "flair_name": "ds-students",
        "flair_url": null,
        "flair_color": "",
        "flair_bg_color": "",
        "flair_group_id": 294,
        "trust_level": 1
      },
      {
        "id": 17694,
        "username": "23ds2000092",
        "name": "RAJ K BOOPATHI",
        "avatar_template": "/user_avatar/discourse.onlinedegree.iitm.ac.in/23ds2000092/{size}/67132_2.png",
        "post_count": 1,
        "primary_group_name": "ds-students",
        "flair_name": "ds-students",
        "flair_url": null,
        "flair_color": "",
        "flair_bg_color": "",
        "flair_group_id": 294,
        "trust_level": 1
      },
      {
        "id": 15326,
        "username": "22f1000376",
        "name": "Sarthak Gupta ",
        "avatar_template": "/user_avatar/discourse.onlinedegree.iitm.ac.in/22f1000376/{size}/12886_2.png",
        "post_count": 1,
        "primary_group_name": "ds-students",
        "flair_name": "ds-students",
        "flair_url": null,
        "flair_color": "",
        "flair_bg_color": "",
        "flair_group_id": 294,
        "trust_level": 1
      },
      {
        "id": 8457,
        "username": "Mystic_9803",
        "name": "Shiva Ramakrishna",
        "avatar_template": "/user_avatar/discourse.onlinedegree.iitm.ac.in/mystic_9803/{size}/32524_2.png",
        "post_count": 1,
        "primary_group_name": "ds-students",
        "flair_name": "ds-students",
        "flair_url": null,
        "flair_color": "",
        "flair_bg_color": "",
        "flair_group_id": 294,
        "trust_level": 1
      },
      {
        "id": 29190,
        "username": "amanthakur",
        "name": "Aman Thakur",
        "avatar_template": "/user_avatar/discourse.onlinedegree.iitm.ac.in/amanthakur/{size}/120606_2.png",
        "post_count": 1,
        "primary_group_name": "ds-students",
        "flair_name": "ds-students",
        "flair_url": null,
        "flair_color": "",
        "flair_bg_color": "",
        "flair_group_id": 294,
        "trust_level": 0
      },
      {
        "id": 3935,
        "username": "vikramjncasr",
        "name": "Vikram Suriyanarayanan",
        "avatar_template": "/user_avatar/discourse.onlinedegree.iitm.ac.in/vikramjncasr/{size}/1844_2.png",
        "post_count": 1,
        "primary_group_name": "ds-students",
        "flair_name": "ds-students",
        "flair_url": null,
        "flair_color": "",
        "flair_bg_color": "",
        "flair_group_id": 294,
        "trust_level": 1
      },
      {
        "id": 18378,
        "username": "varun_parashar",
        "name": "Varun ",
        "avatar_template": "/user_avatar/discourse.onlinedegree.iitm.ac.in/varun_parashar/{size}/67118_2.png",
        "post_count": 1,
        "primary_group_name": "ds-students",
        "flair_name": "ds-students",
        "flair_url": null,
        "flair_color": "",
        "flair_bg_color": "",
        "flair_group_id": 294,
        "trust_level": 0
      },
      {
        "id": 16094,
        "username": "carlton",
        "name": "Carlton D'Silva",
        "avatar_template": "/user_avatar/discourse.onlinedegree.iitm.ac.in/carlton/{size}/56317_2.png",
        "post_count": 1,
        "primary_group_name": "ds-students",
        "flair_name": "ds-students",
        "flair_url": null,
        "flair_color": "",
        "flair_bg_color": "",
        "flair_group_id": 294,
        "trust_level": 3
      },
      {
        "id": 15530,
        "username": "sha_512_av",
        "name": "SHAON BALLAV",
        "avatar_template": "/user_avatar/discourse.onlinedegree.iitm.ac.in/sha_512_av/{size}/111521_2.png",
        "post_count": 1,
        "primary_group_name": "ds-students",
        "flair_name": "ds-students",
        "flair_url": null,
        "flair_color": "",
        "flair_bg_color": "",
        "flair_group_id": 294,
        "trust_level": 1
      },
      {
        "id": 16002,
        "username": "22f3000819",
        "name": "Shivaditya Bhattacharya",
        "avatar_template": "/user_avatar/discourse.onlinedegree.iitm.ac.in/22f3000819/{size}/66738_2.png",
        "post_count": 1,
        "primary_group_name": "ds-students",
        "flair_name": "ds-students",
        "flair_url": null,
        "flair_color": "",
        "flair_bg_color": "",
        "flair_group_id": 294,
        "trust_level": 1
      },
      {
        "id": 9481,
        "username": "AYUSH_SINGH",
        "name": "AYUSH SINGH",
        "avatar_template": "/user_avatar/discourse.onlinedegree.iitm.ac.in/ayush_singh/{size}/14039_2.png",
        "post_count": 1,
        "primary_group_name": "ds-students",
        "flair_name": "ds-students",
        "flair_url": null,
        "flair_color": "",
        "flair_bg_color": "",
        "flair_group_id": 294,
        "trust_level": 1
      },
      {
        "id": 22439,
        "username": "23f2003413",
        "name": "Shashannk",
        "avatar_template": "/user_avatar/discourse.onlinedegree.iitm.ac.in/23f2003413/{size}/66883_2.png",
        "post_count": 1,
        "primary_group_name": "ds-students",
        "flair_name": "ds-students",
        "flair_url": null,
        "flair_color": "",
        "flair_bg_color": "",
        "flair_group_id": 294,
        "trust_level": 1
      },
      {
        "id": 35687,
        "username": "22f2001175",
        "name": "Lakshika Sheoran",
        "avatar_template": "/user_avatar/discourse.onlinedegree.iitm.ac.in/22f2001175/{size}/114560_2.png",
        "post_count": 1,
        "primary_group_name": "ds-students",
        "flair_name": "ds-students",
        "flair_url": null,
        "flair_color": "",
        "flair_bg_color": "",
        "flair_group_id": 294,
        "trust_level": 1
      },
      {
        "id": 19275,
        "username": "23f1002279",
        "name": "shivam dubey",
        "avatar_template": "/user_avatar/discourse.onlinedegree.iitm.ac.in/23f1002279/{size}/66833_2.png",
        "post_count": 1,
        "primary_group_name": "ds-students",
        "flair_name": "ds-students",
        "flair_url": null,
        "flair_color": "",
        "flair_bg_color": "",
        "flair_group_id": 294,
        "trust_level": 1
      },
      {
        "id": 21128,
        "username": "HarshJaiswal",
        "name": "Harsh Jaiswal",
        "avatar_template": "/user_avatar/discourse.onlinedegree.iitm.ac.in/harshjaiswal/{size}/69560_2.png",
        "post_count": 1,
        "primary_group_name": "ds-students",
        "flair_name": "ds-students",
        "flair_url": null,
        "flair_color": "",
        "flair_bg_color": "",
        "flair_group_id": 294,
        "trust_level": 1
      },
      {
        "id": 21840,
        "username": "23f2004636",
        "name": "Akshit Mittal",
        "avatar_template": "/user_avatar/discourse.onlinedegree.iitm.ac.in/23f2004636/{size}/86136_2.png",
        "post_count": 1,
        "primary_group_name": "ds-students",
        "flair_name": "ds-students",
        "flair_url": null,
        "flair_color": "",
        "flair_bg_color": "",
        "flair_group_id": 294,
        "trust_level": 1
      },
      {
        "id": 26985,
        "username": "ShahbaazSingh",
        "name": "23f3001356",
        "avatar_template": "/user_avatar/discourse.onlinedegree.iitm.ac.in/shahbaazsingh/{size}/119348_2.png",
        "post_count": 1,
        "primary_group_name": "ds-students",
        "flair_name": "ds-students",
        "flair_url": null,
        "flair_color": "",
        "flair_bg_color": "",
        "flair_group_id": 294,
        "trust_level": 1
      },
      {
        "id": 2693,
        "username": "rabbaniIITB",
        "name": "Md Anzar Rabbani",
        "avatar_template": "/user_avatar/discourse.onlinedegree.iitm.ac.in/rabbaniiitb/{size}/828_2.png",
        "post_count": 1,
        "primary_group_name": "ds-students",
        "flair_name": "ds-students",
        "flair_url": null,
        "flair_color": "",
        "flair_bg_color": "",
        "flair_group_id": 294,
        "trust_level": 1
      },
      {
        "id": 23695,
        "username": "22f3000107",
        "name": "Deepak kumar",
        "avatar_template": "/user_avatar/discourse.onlinedegree.iitm.ac.in/22f3000107/{size}/84960_2.png",
        "post_count": 1,
        "primary_group_name": "ds-students",
        "flair_name": "ds-students",
        "flair_url": null,
        "flair_color": "",
        "flair_bg_color": "",
        "flair_group_id": 294,
        "trust_level": 1
      },
      {
        "id": 16194,
        "username": "CleverCreature",
        "name": "Aman Kumar Sinha",
        "avatar_template": "/user_avatar/discourse.onlinedegree.iitm.ac.in/clevercreature/{size}/66875_2.png",
        "post_count": 1,
        "primary_group_name": "ds-students",
        "flair_name": "ds-students",
        "flair_url": null,
        "flair_color": "",
        "flair_bg_color": "",
        "flair_group_id": 294,
        "trust_level": 1
      },
      {
        "id": 7004,
        "username": "Flibon",
        "name": "Manav Singh",
        "avatar_template": "/user_avatar/discourse.onlinedegree.iitm.ac.in/flibon/{size}/119138_2.png",
        "post_count": 1,
        "primary_group_name": "ds-students",
        "flair_name": "ds-students",
        "flair_url": null,
        "flair_color": "",
        "flair_bg_color": "",
        "flair_group_id": 294,
        "trust_level": 1
      },
      {
        "id": 29722,
        "username": "23f2004563",
        "name": "Prashant Aswani ",
        "avatar_template": "/user_avatar/discourse.onlinedegree.iitm.ac.in/23f2004563/{size}/68316_2.png",
        "post_count": 1,
        "primary_group_name": "ds-students",
        "flair_name": "ds-students",
        "flair_url": null,
        "flair_color": "",
        "flair_bg_color": "",
        "flair_group_id": 294,
        "trust_level": 0
      }
    ],
    "created_by": {
      "id": 3935,
      "username": "vikramjncasr",
      "name": "Vikram Suriyanarayanan",
      "avatar_template": "/user_avatar/discourse.onlinedegree.iitm.ac.in/vikramjncasr/{size}/1844_2.png"
    },
    "last_poster": {
      "id": 15651,
      "username": "Jivraj",
      "name": "Jivraj Singh Shekhawat",
      "avatar_template": "/user_avatar/discourse.onlinedegree.iitm.ac.in/jivraj/{size}/135985_2.png"
    }
  },
  "pending_posts": [],
  "bookmarks": []
}