{
  "post_stream": {
    "posts": [
      {
        "id": 581529,
        "name": "Rishit",
        "username": "Rrishit",
        "avatar_template": "/user_avatar/discourse.onlinedegree.iitm.ac.in/rrishit/{size}/112505_2.png",
        "created_at": "2025-01-18T07:57:16.857Z",
        "cooked": "<p>The knowledge required by students to do TDS has been revised during recent terms. ( Mentioned that as per industrial standards/ needs).</p>\n<p>Additional programming skills are required(in addition to Python) to follow the TDS Course. That means indirectly, one should complete many courses diploma in programming before doing TDS.</p>\n<p>In such a case, how to drop the course Tools In Data Science(already registered) and get it replaced with another course to save time and without incurring financial losses(as dropping a course refunds only a certain percentage of fees amount paid for the course), and do it again later in terms. It’s completely IIT Madras’s fault since it was mentioned in the academics site that no prerequisites were required for the course while the reality turned out to be far from promises. I want to either get the course structure for the TDS revised or get it replaced with some another course; incase of some course fee difference, I will pay the difference amount.</p>",
        "post_number": 1,
        "post_type": 1,
        "posts_count": 3,
        "updated_at": "2025-01-18T07:57:16.857Z",
        "reply_count": 0,
        "reply_to_post_number": null,
        "quote_count": 0,
        "incoming_link_count": 3,
        "reads": 108,
        "readers_count": 107,
        "score": 51.6,
        "yours": false,
        "topic_id": 164147,
        "topic_slug": "issues-in-tds-and-replacement-with-another-course",
        "display_username": "Rishit",
        "primary_group_name": "ds-students",
        "flair_name": "ds-students",
        "flair_url": null,
        "flair_bg_color": "",
        "flair_color": "",
        "flair_group_id": 294,
        "badges_granted": [],
        "version": 1,
        "can_edit": false,
        "can_delete": false,
        "can_recover": false,
        "can_see_hidden_post": false,
        "can_wiki": false,
        "read": false,
        "user_title": null,
        "bookmarked": false,
        "actions_summary": [
          {
            "id": 2,
            "count": 1,
            "can_act": true
          },
          {
            "id": 6,
            "can_act": true
          },
          {
            "id": 3,
            "can_act": true
          },
          {
            "id": 4,
            "can_act": true
          },
          {
            "id": 8,
            "can_act": true
          },
          {
            "id": 10,
            "can_act": true
          },
          {
            "id": 7,
            "can_act": true
          }
        ],
        "moderator": false,
        "admin": false,
        "staff": false,
        "user_id": 35818,
        "hidden": false,
        "trust_level": 1,
        "deleted_at": null,
        "user_deleted": false,
        "edit_reason": null,
        "can_view_edit_history": true,
        "wiki": false,
        "post_url": "/t/issues-in-tds-and-replacement-with-another-course/164147/1",
        "user_cakedate": "2024-09-21",
        "user_birthdate": "1904-02-20",
        "reactions": [
          {
            "id": "heart",
            "type": "emoji",
            "count": 1
          }
        ],
        "current_user_reaction": null,
        "reaction_users_count": 1,
        "current_user_used_main_reaction": false,
        "can_accept_answer": false,
        "can_unaccept_answer": false,
        "accepted_answer": false,
        "topic_accepted_answer": true,
        "can_vote": false
      },
      {
        "id": 581735,
        "name": "B R GIRI SUBRAHMANYA",
        "username": "23f2000573",
        "avatar_template": "/user_avatar/discourse.onlinedegree.iitm.ac.in/23f2000573/{size}/68306_2.png",
        "created_at": "2025-01-18T18:33:47.373Z",
        "cooked": "<p>i think you would have to mail this to the support</p>",
        "post_number": 2,
        "post_type": 1,
        "posts_count": 3,
        "updated_at": "2025-01-18T18:33:47.373Z",
        "reply_count": 0,
        "reply_to_post_number": null,
        "quote_count": 0,
        "incoming_link_count": 0,
        "reads": 88,
        "readers_count": 87,
        "score": 32.6,
        "yours": false,
        "topic_id": 164147,
        "topic_slug": "issues-in-tds-and-replacement-with-another-course",
        "display_username": "B R GIRI SUBRAHMANYA",
        "primary_group_name": "ds-students",
        "flair_name": "ds-students",
        "flair_url": null,
        "flair_bg_color": "",
        "flair_color": "",
        "flair_group_id": 294,
        "badges_granted": [],
        "version": 1,
        "can_edit": false,
        "can_delete": false,
        "can_recover": false,
        "can_see_hidden_post": false,
        "can_wiki": false,
        "read": false,
        "user_title": "",
        "bookmarked": false,
        "actions_summary": [
          {
            "id": 2,
            "count": 1,
            "can_act": true
          },
          {
            "id": 6,
            "can_act": true
          },
          {
            "id": 3,
            "can_act": true
          },
          {
            "id": 4,
            "can_act": true
          },
          {
            "id": 8,
            "can_act": true
          },
          {
            "id": 10,
            "can_act": true
          },
          {
            "id": 7,
            "can_act": true
          }
        ],
        "moderator": false,
        "admin": false,
        "staff": false,
        "user_id": 17736,
        "hidden": false,
        "trust_level": 1,
        "deleted_at": null,
        "user_deleted": false,
        "edit_reason": null,
        "can_view_edit_history": true,
        "wiki": false,
        "post_url": "/t/issues-in-tds-and-replacement-with-another-course/164147/2",
        "user_cakedate": "2023-06-03",
        "reactions": [
          {
            "id": "heart",
            "type": "emoji",
            "count": 1
          }
        ],
        "current_user_reaction": null,
        "reaction_users_count": 1,
        "current_user_used_main_reaction": false,
        "can_accept_answer": false,
        "can_unaccept_answer": false,
        "accepted_answer": true,
        "topic_accepted_answer": true
      },
      {
        "id": 582082,
        "name": "Shaurya Sharad Shukla",
        "username": "TRIGON",
        "avatar_template": "/user_avatar/discourse.onlinedegree.iitm.ac.in/trigon/{size}/119802_2.png",
        "created_at": "2025-01-19T15:17:29.605Z",
        "cooked": "<p><a class=\"mention\" href=\"/u/rrishit\">@Rrishit</a>, please do share the response you receive (or maybe already have) from Support, regarding this, here.</p>",
        "post_number": 3,
        "post_type": 1,
        "posts_count": 3,
        "updated_at": "2025-01-19T15:17:29.605Z",
        "reply_count": 0,
        "reply_to_post_number": null,
        "quote_count": 0,
        "incoming_link_count": 0,
        "reads": 71,
        "readers_count": 70,
        "score": 14.2,
        "yours": false,
        "topic_id": 164147,
        "topic_slug": "issues-in-tds-and-replacement-with-another-course",
        "display_username": "Shaurya Sharad Shukla",
        "primary_group_name": "ds-students",
        "flair_name": "ds-students",
        "flair_url": null,
        "flair_bg_color": "",
        "flair_color": "",
        "flair_group_id": 294,
        "badges_granted": [],
        "version": 1,
        "can_edit": false,
        "can_delete": false,
        "can_recover": false,
        "can_see_hidden_post": false,
        "can_wiki": false,
        "read": false,
        "user_title": null,
        "bookmarked": false,
        "actions_summary": [
          {
            "id": 2,
            "can_act": true
          },
          {
            "id": 6,
            "can_act": true
          },
          {
            "id": 3,
            "can_act": true
          },
          {
            "id": 4,
            "can_act": true
          },
          {
            "id": 8,
            "can_act": true
          },
          {
            "id": 10,
            "can_act": true
          },
          {
            "id": 7,
            "can_act": true
          }
        ],
        "moderator": false,
        "admin": false,
        "staff": false,
        "user_id": 43072,
        "hidden": false,
        "trust_level": 1,
        "deleted_at": null,
        "user_deleted": false,
        "edit_reason": null,
        "can_view_edit_history": true,
        "wiki": false,
        "post_url": "/t/issues-in-tds-and-replacement-with-another-course/164147/3",
        "user_cakedate": "2025-01-11",
        "reactions": [],
        "current_user_reaction": null,
        "reaction_users_count": 0,
        "current_user_used_main_reaction": false,
        "can_accept_answer": false,
        "can_unaccept_answer": false,
        "accepted_answer": false,
        "topic_accepted_answer": true
      }
    ],
    "stream": [
      581529,
      581735,
      582082
    ]
  },
  "timeline_lookup": [
    [
      1,
      303
    ],
    [
      2,
      302
    ]
  ],
  "suggested_topics": [
    {
      "fancy_title": "Submission Issue",
      "id": 191628,
      "title": "Submission Issue",
      "slug": "submission-issue",
      "posts_count": 1,
      "reply_count": 0,
      "highest_post_number": 1,
      "image_url": "https://europe1.discourse-cdn.com/flex013/uploads/iitm/optimized/3X/4/4/44dc3c61e92c828ce41f420245a133ac58e7488c_2_1024x576.png",
      "created_at": "2025-11-16T18:34:00.062Z",
      "last_posted_at": "2025-11-16T18:34:00.258Z",
      "bumped": true,
      "bumped_at": "2025-11-16T18:34:00.258Z",
      "archetype": "regular",
      "unseen": true,
      "pinned": false,
      "unpinned": null,
      "visible": true,
      "closed": false,
      "archived": false,
      "bookmarked": null,
      "liked": null,
      "tags": [
        "clarification",
        "operational",
        "term3-2025"
      ],
      "tags_descriptions": {},
      "like_count": 0,
      "views": 7,
      "category_id": 34,
      "featured_link": null,
      "has_accepted_answer": false,
      "posters": [
        {
          "extras": "latest single",
          "description": "Original Poster, Most Recent Poster",
          "user": {
            "id": 18836,
            "username": "23f2003033",
            "name": "Vedang Pawar",
            "avatar_template": "/user_avatar/discourse.onlinedegree.iitm.ac.in/23f2003033/{size}/67243_2.png",
            "primary_group_name": "ds-students",
            "flair_name": "ds-students",
            "flair_group_id": 294,
            "trust_level": 1
          }
        }
      ]
    }
  ],
  "tags": [
    "clarification",
    "operational",
    "diploma-level",
    "guidelines",
    "course-portal"
  ],
  "tags_descriptions": {},
  "fancy_title": "Issues In TDS And Replacement with another course",
  "id": 164147,
  "title": "Issues In TDS And Replacement with another course",
  "posts_count": 3,
  "created_at": "2025-01-18T07:57:16.564Z",
  "views": 149,
  "reply_count": 0,
  "like_count": 2,
  "last_posted_at": "2025-01-19T15:17:29.605Z",
  "visible": true,
  "closed": false,
  "archived": false,
  "has_summary": false,
  "archetype": "regular",
  "slug": "issues-in-tds-and-replacement-with-another-course",
  "category_id": 34,
  "word_count": 195,
  "deleted_at": null,
  "user_id": 35818,
  "featured_link": null,
  "pinned_globally": false,
  "pinned_at": null,
  "pinned_until": null,
  "image_url": null,
  "slow_mode_seconds": 0,
  "draft": null,
  "draft_key": "topic_164147",
  "draft_sequence": 0,
  "posted": false,
  "unpinned": null,
  "pinned": false,
  "current_post_number": 1,
  "highest_post_number": 3,
  "last_read_post_number": null,
  "last_read_post_id": null,
  "deleted_by": null,
  "actions_summary": [
    {
      "id": 4,
      "count": 0,
      "hidden": false,
      "can_act": true
    },
    {
      "id": 8,
      "count": 0,
      "hidden": false,
      "can_act": true
    },
    {
      "id": 10,
      "count": 0,
      "hidden": false,
      "can_act": true
    },
    {
      "id": 7,
      "count": 0,
      "hidden": false,
      "can_act": true
    }
  ],
  "chunk_size": 20,
  "bookmarked": false,
  "topic_timer": null,
  "message_bus_last_id": 0,
  "participant_count": 3,
  "show_read_indicator": false,
  "thumbnails": null,
  "slow_mode_enabled_until": null,
  "tags_disable_ads": false,
  "related_topics": [
    {
      "fancy_title": "Positioning of TDS",
      "id": 163092,
      "title": "Positioning of TDS",
      "slug": "positioning-of-tds",
      "posts_count": 1,
      "reply_count": 0,
      "highest_post_number": 1,
      "image_url": null,
      "created_at": "2025-01-13T11:16:14.263Z",
      "last_posted_at": "2025-01-13T11:16:14.346Z",
      "bumped": true,
      "bumped_at": "2025-01-13T11:16:14.346Z",
      "archetype": "regular",
      "unseen": false,
      "pinned": false,
      "unpinned": null,
      "visible": true,
      "closed": false,
      "archived": false,
      "bookmarked": null,
      "liked": null,
      "tags": [
        "clarification",
        "course-selection",
        "guidelines",
        "course-portal"
      ],
      "tags_descriptions": {},
      "like_count": 4,
      "views": 173,
      "category_id": 75,
      "featured_link": null,
      "has_accepted_answer": false,
      "posters": [
        {
          "extras": "latest single",
          "description": "Original Poster, Most Recent Poster",
          "user": {
            "id": 19370,
            "username": "23f1003079",
            "name": "UMESHKANNAN",
            "avatar_template": "/user_avatar/discourse.onlinedegree.iitm.ac.in/23f1003079/{size}/87478_2.png",
            "primary_group_name": "ds-students",
            "flair_name": "ds-students",
            "flair_group_id": 294,
            "trust_level": 1
          }
        }
      ]
    },
    {
      "fancy_title": "Dropping Tools in Data Science(TDS) course",
      "id": 32589,
      "title": "Dropping Tools in Data Science(TDS) course",
      "slug": "dropping-tools-in-data-science-tds-course",
      "posts_count": 7,
      "reply_count": 2,
      "highest_post_number": 7,
      "image_url": null,
      "created_at": "2022-02-06T09:04:11.129Z",
      "last_posted_at": "2022-04-04T09:55:40.703Z",
      "bumped": true,
      "bumped_at": "2022-04-04T09:55:40.703Z",
      "archetype": "regular",
      "unseen": false,
      "pinned": false,
      "unpinned": null,
      "visible": true,
      "closed": false,
      "archived": false,
      "bookmarked": null,
      "liked": null,
      "tags": [
        "guidelines"
      ],
      "tags_descriptions": {},
      "like_count": 10,
      "views": 263,
      "category_id": 34,
      "featured_link": null,
      "has_accepted_answer": false,
      "posters": [
        {
          "extras": null,
          "description": "Original Poster",
          "user": {
            "id": 8708,
            "username": "21f1000067",
            "name": "Mayur Kuhate",
            "avatar_template": "/user_avatar/discourse.onlinedegree.iitm.ac.in/21f1000067/{size}/13152_2.png",
            "primary_group_name": "ds-students",
            "flair_name": "ds-students",
            "flair_group_id": 294,
            "trust_level": 1
          }
        },
        {
          "extras": null,
          "description": "Frequent Poster",
          "user": {
            "id": 730,
            "username": "aaysha007",
            "name": "Aaysha Mishra",
            "avatar_template": "/user_avatar/discourse.onlinedegree.iitm.ac.in/aaysha007/{size}/345_2.png",
            "primary_group_name": "ds-students",
            "flair_name": "ds-students",
            "flair_group_id": 294,
            "trust_level": 1
          }
        },
        {
          "extras": null,
          "description": "Frequent Poster",
          "user": {
            "id": 2276,
            "username": "alphaeplisonpi",
            "name": "Steve Richards",
            "avatar_template": "/user_avatar/discourse.onlinedegree.iitm.ac.in/alphaeplisonpi/{size}/2476_2.png",
            "primary_group_name": "ds-students",
            "flair_name": "ds-students",
            "flair_group_id": 294,
            "trust_level": 1
          }
        },
        {
          "extras": null,
          "description": "Frequent Poster",
          "user": {
            "id": 2092,
            "username": "Preetanshu",
            "name": "Preetanshu Singh",
            "avatar_template": "/user_avatar/discourse.onlinedegree.iitm.ac.in/preetanshu/{size}/284_2.png",
            "primary_group_name": "ds-students",
            "flair_name": "ds-students",
            "flair_group_id": 294,
            "trust_level": 1
          }
        },
        {
          "extras": "latest",
          "description": "Most Recent Poster",
          "user": {
            "id": 4552,
            "username": "dsanan01",
            "name": "Dhruv Sanan",
            "avatar_template": "/user_avatar/discourse.onlinedegree.iitm.ac.in/dsanan01/{size}/19556_2.png",
            "primary_group_name": "ds-students",
            "flair_name": "ds-students",
            "flair_group_id": 294,
            "trust_level": 1
          }
        }
      ]
    },
    {
      "fancy_title": "Info on TDS course",
      "id": 85772,
      "title": "Info on TDS course",
      "slug": "info-on-tds-course",
      "posts_count": 3,
      "reply_count": 0,
      "highest_post_number": 3,
      "image_url": null,
      "created_at": "2023-05-06T05:43:14.561Z",
      "last_posted_at": "2023-05-07T10:56:43.194Z",
      "bumped": true,
      "bumped_at": "2023-05-07T10:56:43.194Z",
      "archetype": "regular",
      "unseen": false,
      "pinned": false,
      "unpinned": null,
      "visible": true,
      "closed": false,
      "archived": false,
      "bookmarked": null,
      "liked": null,
      "tags": [],
      "tags_descriptions": {},
      "like_count": 1,
      "views": 157,
      "category_id": 44,
      "featured_link": null,
      "has_accepted_answer": false,
      "posters": [
        {
          "extras": null,
          "description": "Original Poster",
          "user": {
            "id": 7233,
            "username": "21f3000218",
            "name": "Aamina ",
            "avatar_template": "/user_avatar/discourse.onlinedegree.iitm.ac.in/21f3000218/{size}/67139_2.png",
            "primary_group_name": "ds-students",
            "flair_name": "ds-students",
            "flair_group_id": 294,
            "trust_level": 1
          }
        },
        {
          "extras": null,
          "description": "Frequent Poster",
          "user": {
            "id": 16233,
            "username": "Access_Naren",
            "name": "DNarendran",
            "avatar_template": "/user_avatar/discourse.onlinedegree.iitm.ac.in/access_naren/{size}/56336_2.png",
            "primary_group_name": "ds-students",
            "flair_name": "ds-students",
            "flair_group_id": 294,
            "trust_level": 1
          }
        },
        {
          "extras": "latest",
          "description": "Most Recent Poster",
          "user": {
            "id": 2560,
            "username": "SarthakGautam",
            "name": "Sarthak Gautam",
            "avatar_template": "/user_avatar/discourse.onlinedegree.iitm.ac.in/sarthakgautam/{size}/17835_2.png",
            "primary_group_name": "ds-students",
            "flair_name": "ds-students",
            "flair_group_id": 294,
            "trust_level": 1
          }
        }
      ]
    },
    {
      "fancy_title": "Supplementary contents for TDS",
      "id": 53062,
      "title": "Supplementary contents for TDS",
      "slug": "supplementary-contents-for-tds",
      "posts_count": 1,
      "reply_count": 0,
      "highest_post_number": 1,
      "image_url": null,
      "created_at": "2022-06-11T18:21:43.137Z",
      "last_posted_at": "2022-06-11T18:21:43.268Z",
      "bumped": true,
      "bumped_at": "2022-06-11T18:21:43.268Z",
      "archetype": "regular",
      "unseen": false,
      "pinned": false,
      "unpinned": null,
      "visible": true,
      "closed": false,
      "archived": false,
      "bookmarked": null,
      "liked": null,
      "tags": [
        "clarification"
      ],
      "tags_descriptions": {},
      "like_count": 0,
      "views": 63,
      "category_id": 34,
      "featured_link": null,
      "has_accepted_answer": false,
      "posters": [
        {
          "extras": "latest single",
          "description": "Original Poster, Most Recent Poster",
          "user": {
            "id": 9050,
            "username": "22ds1000018",
            "name": "Venkatesh S",
            "avatar_template": "/user_avatar/discourse.onlinedegree.iitm.ac.in/22ds1000018/{size}/1164_2.png",
            "primary_group_name": "ds-students",
            "flair_name": "ds-students",
            "flair_group_id": 294,
            "trust_level": 1
          }
        }
      ]
    },
    {
      "fancy_title": "Course Suggestion in Diploma 1st term",
      "id": 44470,
      "title": "Course Suggestion in Diploma 1st term",
      "slug": "course-suggestion-in-diploma-1st-term",
      "posts_count": 12,
      "reply_count": 7,
      "highest_post_number": 12,
      "image_url": null,
      "created_at": "2022-04-11T06:16:10.345Z",
      "last_posted_at": "2022-04-12T14:34:39.250Z",
      "bumped": true,
      "bumped_at": "2022-04-12T14:34:39.250Z",
      "archetype": "regular",
      "unseen": false,
      "pinned": false,
      "unpinned": null,
      "visible": true,
      "closed": false,
      "archived": false,
      "bookmarked": null,
      "liked": null,
      "tags": [],
      "tags_descriptions": {},
      "like_count": 2,
      "views": 254,
      "category_id": 7,
      "featured_link": null,
      "has_accepted_answer": false,
      "posters": [
        {
          "extras": null,
          "description": "Original Poster",
          "user": {
            "id": 1973,
            "username": "pranabsarma18",
            "name": "Pranab Sarma",
            "avatar_template": "/user_avatar/discourse.onlinedegree.iitm.ac.in/pranabsarma18/{size}/55297_2.png",
            "primary_group_name": "ds-students",
            "flair_name": "ds-students",
            "flair_group_id": 294,
            "trust_level": 1
          }
        },
        {
          "extras": null,
          "description": "Frequent Poster",
          "user": {
            "id": 1073,
            "username": "priyansh",
            "name": ".",
            "avatar_template": "https://avatars.discourse-cdn.com/v4/letter/p/278dde/{size}.png",
            "primary_group_name": "ds-students",
            "flair_name": "ds-students",
            "flair_group_id": 294,
            "trust_level": 1
          }
        },
        {
          "extras": null,
          "description": "Frequent Poster",
          "user": {
            "id": 1212,
            "username": "vishalreddyp",
            "name": "Vishal Reddy Parvatha Reddy",
            "avatar_template": "/user_avatar/discourse.onlinedegree.iitm.ac.in/vishalreddyp/{size}/19271_2.png",
            "primary_group_name": "ds-students",
            "flair_name": "ds-students",
            "flair_group_id": 294,
            "trust_level": 1
          }
        },
        {
          "extras": null,
          "description": "Frequent Poster",
          "user": {
            "id": 6398,
            "username": "21f2001270",
            "name": "N. Tamil Selvan",
            "avatar_template": "/user_avatar/discourse.onlinedegree.iitm.ac.in/21f2001270/{size}/55696_2.png",
            "primary_group_name": "ds-students",
            "flair_name": "ds-students",
            "flair_group_id": 294,
            "trust_level": 1
          }
        },
        {
          "extras": "latest",
          "description": "Most Recent Poster",
          "user": {
            "id": 8869,
            "username": "21f3001195",
            "name": "Rishabh Raj Jaiswal",
            "avatar_template": "/user_avatar/discourse.onlinedegree.iitm.ac.in/21f3001195/{size}/16594_2.png",
            "primary_group_name": "ds-students",
            "flair_name": "ds-students",
            "flair_group_id": 294,
            "trust_level": 1
          }
        }
      ]
    }
  ],
  "summarizable": true,
  "valid_reactions": [
    "heart",
    "+1",
    "laughing",
    "open_mouth",
    "clap",
    "confetti_ball",
    "rocket",
    "-1"
  ],
  "accepted_answer": {
    "post_number": 2,
    "username": "23f2000573",
    "name": null,
    "excerpt": "i think you would have to mail this to the support",
    "accepter_name": null,
    "accepter_username": "Jivraj"
  },
  "can_vote": false,
  "vote_count": 0,
  "user_voted": false,
  "discourse_zendesk_plugin_zendesk_id": null,
  "discourse_zendesk_plugin_zendesk_url": "https://your-url.zendesk.com/agent/tickets/",
  "details": {
    "can_edit": false,
    "notification_level": 1,
    "notifications_reason_id": null,
    "can_create_post": true,
    "can_reply_as_new_topic": true,
    "can_flag_topic": true,
    "participants": [
      {
        "id": 17736,
        "username": "23f2000573",
        "name": "B R GIRI SUBRAHMANYA",
        "avatar_template": "/user_avatar/discourse.onlinedegree.iitm.ac.in/23f2000573/{size}/68306_2.png",
        "post_count": 1,
        "primary_group_name": "ds-students",
        "flair_name": "ds-students",
        "flair_url": null,
        "flair_color": "",
        "flair_bg_color": "",
        "flair_group_id": 294,
        "trust_level": 1
      },
      {
        "id": 35818,
        "username": "Rrishit",
        "name": "Rishit",
        "avatar_template": "/user_avatar/discourse.onlinedegree.iitm.ac.in/rrishit/{size}/112505_2.png",
        "post_count": 1,
        "primary_group_name": "ds-students",
        "flair_name": "ds-students",
        "flair_url": null,
        "flair_color": "",
        "flair_bg_color": "",
        "flair_group_id": 294,
        "trust_level": 1
      },
      {
        "id": 43072,
        "username": "TRIGON",
        "name": "Shaurya Sharad Shukla",
        "avatar_template": "/user_avatar/discourse.onlinedegree.iitm.ac.in/trigon/{size}/119802_2.png",
        "post_count": 1,
        "primary_group_name": "ds-students",
        "flair_name": "ds-students",
        "flair_url": null,
        "flair_color": "",
        "flair_bg_color": "",
        "flair_group_id": 294,
        "trust_level": 1
      }
    ],
    "created_by": {
      "id": 35818,
      "username": "Rrishit",
      "name": "Rishit",
      "avatar_template": "/user_avatar/discourse.onlinedegree.iitm.ac.in/rrishit/{size}/112505_2.png"
    },
    "last_poster": {
      "id": 43072,
      "username": "TRIGON",
      "name": "Shaurya Sharad Shukla",
      "avatar_template": "/user_avatar/discourse.onlinedegree.iitm.ac.in/trigon/{size}/119802_2.png"
    }
  },
  "pending_posts": [],
  "bookmarks": []
}