{
  "post_stream": {
    "posts": [
      {
        "id": 582608,
        "name": "K Hari Prasath",
        "username": "23f2003853",
        "avatar_template": "/user_avatar/discourse.onlinedegree.iitm.ac.in/23f2003853/{size}/67184_2.png",
        "created_at": "2025-01-21T07:37:57.965Z",
        "cooked": "<p>Can anyone clarify why the following error is coming in respect of answer to question 10 Graded Assignment 2                                                                                                                                                                                         Session Status                online                                                                                    Account                       23f2003853@ds.study.iitm.ac.in (Plan: Free)                                               Version                       3.19.0                                                                                    Region                        India (in)                                                                                Latency                       38ms                                                                                      Web Interface                 <a href=\"http://127.0.0.1:4040\" rel=\"noopener nofollow ugc\">http://127.0.0.1:4040</a>                                                                     Forwarding                    <a href=\"https://ed9f-14-99-254-158.ngrok-free.app\" rel=\"noopener nofollow ugc\">https://ed9f-14-99-254-158.ngrok-free.app</a> → <a href=\"http://localhost:8080\" rel=\"noopener nofollow ugc\">http://localhost:8080</a>                                                                                                                                                Connections                   ttl     opn     rt1     rt5     p50     p90                                                                             1       0       0.01    0.00    0.01    0.01                                                                                                                                                                      HTTP Requests                                                                                                           -------------                                                                                                                                                                                                                                   13:03:06.158 IST POST /v1/chat/completions      502 Bad Gateway</p>",
        "post_number": 1,
        "post_type": 1,
        "posts_count": 1,
        "updated_at": "2025-02-08T02:01:56.240Z",
        "reply_count": 0,
        "reply_to_post_number": null,
        "quote_count": 0,
        "incoming_link_count": 0,
        "reads": 70,
        "readers_count": 69,
        "score": 14.0,
        "yours": false,
        "topic_id": 164462,
        "topic_slug": "tds-assignment-week-2",
        "display_username": "K Hari Prasath",
        "primary_group_name": "ds-students",
        "flair_name": "ds-students",
        "flair_url": null,
        "flair_bg_color": "",
        "flair_color": "",
        "flair_group_id": 294,
        "badges_granted": [],
        "version": 2,
        "can_edit": false,
        "can_delete": false,
        "can_recover": false,
        "can_see_hidden_post": false,
        "can_wiki": false,
        "link_counts": [
          {
            "url": "http://127.0.0.1:4040",
            "internal": false,
            "reflection": false,
            "clicks": 0
          },
          {
            "url": "https://ed9f-14-99-254-158.ngrok-free.app",
            "internal": false,
            "reflection": false,
            "clicks": 0
          },
          {
            "url": "http://localhost:8080",
            "internal": false,
            "reflection": false,
            "clicks": 0
          }
        ],
        "read": false,
        "user_title": null,
        "bookmarked": false,
        "actions_summary": [
          {
            "id": 2,
            "can_act": true
          },
          {
            "id": 6,
            "can_act": true
          },
          {
            "id": 3,
            "can_act": true
          },
          {
            "id": 4,
            "can_act": true
          },
          {
            "id": 8,
            "can_act": true
          },
          {
            "id": 10,
            "can_act": true
          },
          {
            "id": 7,
            "can_act": true
          }
        ],
        "moderator": false,
        "admin": false,
        "staff": false,
        "user_id": 21529,
        "hidden": false,
        "trust_level": 1,
        "deleted_at": null,
        "user_deleted": false,
        "edit_reason": null,
        "can_view_edit_history": true,
        "wiki": false,
        "post_url": "/t/tds-assignment-week-2/164462/1",
        "user_cakedate": "2023-09-18",
        "reactions": [],
        "current_user_reaction": null,
        "reaction_users_count": 0,
        "current_user_used_main_reaction": false,
        "can_accept_answer": false,
        "can_unaccept_answer": false,
        "accepted_answer": false,
        "topic_accepted_answer": null,
        "can_vote": false
      }
    ],
    "stream": [
      582608
    ]
  },
  "timeline_lookup": [
    [
      1,
      300
    ]
  ],
  "suggested_topics": [
    {
      "fancy_title": "Submission Issue",
      "id": 191628,
      "title": "Submission Issue",
      "slug": "submission-issue",
      "posts_count": 1,
      "reply_count": 0,
      "highest_post_number": 1,
      "image_url": "https://europe1.discourse-cdn.com/flex013/uploads/iitm/optimized/3X/4/4/44dc3c61e92c828ce41f420245a133ac58e7488c_2_1024x576.png",
      "created_at": "2025-11-16T18:34:00.062Z",
      "last_posted_at": "2025-11-16T18:34:00.258Z",
      "bumped": true,
      "bumped_at": "2025-11-16T18:34:00.258Z",
      "archetype": "regular",
      "unseen": true,
      "pinned": false,
      "unpinned": null,
      "visible": true,
      "closed": false,
      "archived": false,
      "bookmarked": null,
      "liked": null,
      "tags": [
        "clarification",
        "operational",
        "term3-2025"
      ],
      "tags_descriptions": {},
      "like_count": 0,
      "views": 7,
      "category_id": 34,
      "featured_link": null,
      "has_accepted_answer": false,
      "posters": [
        {
          "extras": "latest single",
          "description": "Original Poster, Most Recent Poster",
          "user": {
            "id": 18836,
            "username": "23f2003033",
            "name": "Vedang Pawar",
            "avatar_template": "/user_avatar/discourse.onlinedegree.iitm.ac.in/23f2003033/{size}/67243_2.png",
            "primary_group_name": "ds-students",
            "flair_name": "ds-students",
            "flair_group_id": 294,
            "trust_level": 1
          }
        }
      ]
    }
  ],
  "tags": [
    "clarification"
  ],
  "tags_descriptions": {},
  "fancy_title": "TDS - Assignment week 2",
  "id": 164462,
  "title": "TDS - Assignment week 2",
  "posts_count": 1,
  "created_at": "2025-01-21T07:37:57.900Z",
  "views": 80,
  "reply_count": 0,
  "like_count": 0,
  "last_posted_at": "2025-01-21T07:37:57.965Z",
  "visible": true,
  "closed": false,
  "archived": false,
  "has_summary": false,
  "archetype": "regular",
  "slug": "tds-assignment-week-2",
  "category_id": 34,
  "word_count": 92,
  "deleted_at": null,
  "user_id": 21529,
  "featured_link": null,
  "pinned_globally": false,
  "pinned_at": null,
  "pinned_until": null,
  "image_url": null,
  "slow_mode_seconds": 0,
  "draft": null,
  "draft_key": "topic_164462",
  "draft_sequence": 0,
  "posted": false,
  "unpinned": null,
  "pinned": false,
  "current_post_number": 1,
  "highest_post_number": 1,
  "last_read_post_number": null,
  "last_read_post_id": null,
  "deleted_by": null,
  "actions_summary": [
    {
      "id": 4,
      "count": 0,
      "hidden": false,
      "can_act": true
    },
    {
      "id": 8,
      "count": 0,
      "hidden": false,
      "can_act": true
    },
    {
      "id": 10,
      "count": 0,
      "hidden": false,
      "can_act": true
    },
    {
      "id": 7,
      "count": 0,
      "hidden": false,
      "can_act": true
    }
  ],
  "chunk_size": 20,
  "bookmarked": false,
  "topic_timer": null,
  "message_bus_last_id": 0,
  "participant_count": 1,
  "show_read_indicator": false,
  "thumbnails": null,
  "slow_mode_enabled_until": null,
  "tags_disable_ads": false,
  "related_topics": [
    {
      "fancy_title": "GRADED ASSIGNMENT Week 10",
      "id": 21916,
      "title": "GRADED ASSIGNMENT Week 10",
      "slug": "graded-assignment-week-10",
      "posts_count": 1,
      "reply_count": 0,
      "highest_post_number": 1,
      "image_url": "https://europe1.discourse-cdn.com/flex013/uploads/iitm/optimized/2X/6/68f42bd0b2abde69121a78cf69a3ce66f88bb737_2_1024x768.jpeg",
      "created_at": "2021-11-26T18:38:17.504Z",
      "last_posted_at": "2021-11-26T18:38:17.601Z",
      "bumped": true,
      "bumped_at": "2021-11-26T18:38:17.601Z",
      "archetype": "regular",
      "unseen": false,
      "pinned": false,
      "unpinned": null,
      "visible": true,
      "closed": false,
      "archived": false,
      "bookmarked": null,
      "liked": null,
      "tags": [
        "clarification",
        "activity-question",
        "week10-feedback"
      ],
      "tags_descriptions": {},
      "like_count": 0,
      "views": 33,
      "category_id": 23,
      "featured_link": null,
      "has_accepted_answer": false,
      "posters": [
        {
          "extras": "latest single",
          "description": "Original Poster, Most Recent Poster",
          "user": {
            "id": 7276,
            "username": "AparnaM",
            "name": "Aparna Mishra",
            "avatar_template": "/user_avatar/discourse.onlinedegree.iitm.ac.in/aparnam/{size}/8778_2.png",
            "primary_group_name": "ds-students",
            "flair_name": "ds-students",
            "flair_group_id": 294,
            "trust_level": 1
          }
        }
      ]
    },
    {
      "fancy_title": "TDS project test run wrong answers",
      "id": 69447,
      "title": "TDS project test run wrong answers",
      "slug": "tds-project-test-run-wrong-answers",
      "posts_count": 1,
      "reply_count": 0,
      "highest_post_number": 1,
      "image_url": null,
      "created_at": "2022-11-01T15:45:28.617Z",
      "last_posted_at": "2022-11-01T15:45:28.742Z",
      "bumped": true,
      "bumped_at": "2022-11-01T15:45:28.742Z",
      "archetype": "regular",
      "unseen": false,
      "pinned": false,
      "unpinned": null,
      "visible": true,
      "closed": false,
      "archived": false,
      "bookmarked": null,
      "liked": null,
      "tags": [
        "clarification"
      ],
      "tags_descriptions": {},
      "like_count": 0,
      "views": 48,
      "category_id": 34,
      "featured_link": null,
      "has_accepted_answer": false,
      "posters": [
        {
          "extras": "latest single",
          "description": "Original Poster, Most Recent Poster",
          "user": {
            "id": 7196,
            "username": "21f2000507",
            "name": "Bhav_s",
            "avatar_template": "/user_avatar/discourse.onlinedegree.iitm.ac.in/21f2000507/{size}/13603_2.png",
            "primary_group_name": "ds-students",
            "flair_name": "ds-students",
            "flair_group_id": 294,
            "trust_level": 1
          }
        }
      ]
    },
    {
      "fancy_title": "Week 6 graded assignment in tds",
      "id": 56744,
      "title": "Week 6 graded assignment in tds",
      "slug": "week-6-graded-assignment-in-tds",
      "posts_count": 3,
      "reply_count": 1,
      "highest_post_number": 3,
      "image_url": null,
      "created_at": "2022-07-07T11:16:15.560Z",
      "last_posted_at": "2022-07-07T13:57:24.564Z",
      "bumped": true,
      "bumped_at": "2022-07-07T13:57:24.564Z",
      "archetype": "regular",
      "unseen": false,
      "pinned": false,
      "unpinned": null,
      "visible": true,
      "closed": false,
      "archived": false,
      "bookmarked": null,
      "liked": null,
      "tags": [
        "clarification"
      ],
      "tags_descriptions": {},
      "like_count": 0,
      "views": 77,
      "category_id": 34,
      "featured_link": null,
      "has_accepted_answer": false,
      "posters": [
        {
          "extras": null,
          "description": "Original Poster",
          "user": {
            "id": 259,
            "username": "ay40638",
            "name": "Ankit yadav",
            "avatar_template": "/user_avatar/discourse.onlinedegree.iitm.ac.in/ay40638/{size}/24877_2.png",
            "primary_group_name": "ds-students",
            "flair_name": "ds-students",
            "flair_group_id": 294,
            "trust_level": 1
          }
        },
        {
          "extras": null,
          "description": "Frequent Poster",
          "user": {
            "id": 1081,
            "username": "Vidya",
            "name": "Vidya P",
            "avatar_template": "/user_avatar/discourse.onlinedegree.iitm.ac.in/vidya/{size}/337_2.png",
            "primary_group_name": "ds-students",
            "flair_name": "ds-students",
            "flair_group_id": 294,
            "trust_level": 1
          }
        },
        {
          "extras": "latest",
          "description": "Most Recent Poster",
          "user": {
            "id": 8147,
            "username": "22ds1000035",
            "name": "A.Srinivasa Reddy",
            "avatar_template": "/user_avatar/discourse.onlinedegree.iitm.ac.in/22ds1000035/{size}/12886_2.png",
            "primary_group_name": "ds-students",
            "flair_name": "ds-students",
            "flair_group_id": 294,
            "trust_level": 1
          }
        }
      ]
    },
    {
      "fancy_title": "Wrong options in graded assignment W4 -Q3",
      "id": 66046,
      "title": "Wrong options in graded assignment W4 -Q3",
      "slug": "wrong-options-in-graded-assignment-w4-q3",
      "posts_count": 4,
      "reply_count": 0,
      "highest_post_number": 4,
      "image_url": "https://europe1.discourse-cdn.com/flex013/uploads/iitm/optimized/3X/b/2/b23a6dc6c686b86a8cb9178fe408b2c2bb74be36_2_1024x312.jpeg",
      "created_at": "2022-09-28T06:37:58.874Z",
      "last_posted_at": "2022-09-29T09:21:54.178Z",
      "bumped": true,
      "bumped_at": "2022-09-29T09:21:54.178Z",
      "archetype": "regular",
      "unseen": false,
      "pinned": false,
      "unpinned": null,
      "visible": true,
      "closed": false,
      "archived": false,
      "bookmarked": null,
      "liked": null,
      "tags": [
        "week-4"
      ],
      "tags_descriptions": {},
      "like_count": 1,
      "views": 70,
      "category_id": 34,
      "featured_link": null,
      "has_accepted_answer": true,
      "posters": [
        {
          "extras": null,
          "description": "Original Poster",
          "user": {
            "id": 1761,
            "username": "VISHAKHA_AGGARWAL",
            "name": "VISHAKHA AGGARWAL",
            "avatar_template": "/user_avatar/discourse.onlinedegree.iitm.ac.in/vishakha_aggarwal/{size}/219_2.png",
            "primary_group_name": "ds-students",
            "flair_name": "ds-students",
            "flair_group_id": 294,
            "trust_level": 1
          }
        },
        {
          "extras": null,
          "description": "Frequent Poster, Accepted Answer",
          "user": {
            "id": 12250,
            "username": "Yash_Kavaiya",
            "name": "KAVAIYA YASHKUMAR AMRUTLAL",
            "avatar_template": "/user_avatar/discourse.onlinedegree.iitm.ac.in/yash_kavaiya/{size}/60168_2.png",
            "primary_group_name": "ds-students",
            "flair_name": "ds-students",
            "flair_group_id": 294,
            "trust_level": 1
          }
        },
        {
          "extras": null,
          "description": "Frequent Poster",
          "user": {
            "id": 8838,
            "username": "sejaljadhav",
            "name": "Sejal Jadhav",
            "avatar_template": "/user_avatar/discourse.onlinedegree.iitm.ac.in/sejaljadhav/{size}/14146_2.png",
            "primary_group_name": "ds-students",
            "flair_name": "ds-students",
            "flair_group_id": 294,
            "trust_level": 1
          }
        },
        {
          "extras": "latest",
          "description": "Most Recent Poster",
          "user": {
            "id": 6142,
            "username": "Dixon",
            "name": "Dixon",
            "avatar_template": "/user_avatar/discourse.onlinedegree.iitm.ac.in/dixon/{size}/1027_2.png",
            "trust_level": 1
          }
        }
      ]
    },
    {
      "fancy_title": "Week 4(b) Graded Assignment",
      "id": 67409,
      "title": "Week 4(b) Graded Assignment",
      "slug": "week-4-b-graded-assignment",
      "posts_count": 3,
      "reply_count": 1,
      "highest_post_number": 3,
      "image_url": "https://europe1.discourse-cdn.com/flex013/uploads/iitm/optimized/3X/a/2/a2a09e0f138032a693dd3469f65cc7ef51ad23f6_2_1023x420.png",
      "created_at": "2022-10-12T04:47:43.796Z",
      "last_posted_at": "2022-10-14T07:14:49.271Z",
      "bumped": true,
      "bumped_at": "2022-10-14T07:14:49.271Z",
      "archetype": "regular",
      "unseen": false,
      "pinned": false,
      "unpinned": null,
      "visible": true,
      "closed": false,
      "archived": false,
      "bookmarked": null,
      "liked": null,
      "tags": [
        "week-4",
        "graded-question"
      ],
      "tags_descriptions": {},
      "like_count": 1,
      "views": 64,
      "category_id": 34,
      "featured_link": null,
      "has_accepted_answer": true,
      "posters": [
        {
          "extras": "latest",
          "description": "Original Poster, Most Recent Poster, Accepted Answer",
          "user": {
            "id": 4988,
            "username": "Polaris",
            "name": "Student@IITM",
            "avatar_template": "/user_avatar/discourse.onlinedegree.iitm.ac.in/polaris/{size}/19551_2.png",
            "primary_group_name": "ds-students",
            "flair_name": "ds-students",
            "flair_group_id": 294,
            "trust_level": 1
          }
        },
        {
          "extras": null,
          "description": "Frequent Poster",
          "user": {
            "id": 4729,
            "username": "nkiitm",
            "name": "NIKHIL KUMAR",
            "avatar_template": "/user_avatar/discourse.onlinedegree.iitm.ac.in/nkiitm/{size}/156_2.png",
            "primary_group_name": "ds-students",
            "flair_name": "ds-students",
            "flair_group_id": 294,
            "trust_level": 1
          }
        }
      ]
    }
  ],
  "summarizable": true,
  "valid_reactions": [
    "heart",
    "+1",
    "laughing",
    "open_mouth",
    "clap",
    "confetti_ball",
    "rocket",
    "-1"
  ],
  "can_vote": false,
  "vote_count": 0,
  "user_voted": false,
  "discourse_zendesk_plugin_zendesk_id": null,
  "discourse_zendesk_plugin_zendesk_url": "https://your-url.zendesk.com/agent/tickets/",
  "details": {
    "can_edit": false,
    "notification_level": 1,
    "notifications_reason_id": null,
    "can_create_post": true,
    "can_reply_as_new_topic": true,
    "can_flag_topic": true,
    "participants": [
      {
        "id": 21529,
        "username": "23f2003853",
        "name": "K Hari Prasath",
        "avatar_template": "/user_avatar/discourse.onlinedegree.iitm.ac.in/23f2003853/{size}/67184_2.png",
        "post_count": 1,
        "primary_group_name": "ds-students",
        "flair_name": "ds-students",
        "flair_url": null,
        "flair_color": "",
        "flair_bg_color": "",
        "flair_group_id": 294,
        "trust_level": 1
      }
    ],
    "created_by": {
      "id": 21529,
      "username": "23f2003853",
      "name": "K Hari Prasath",
      "avatar_template": "/user_avatar/discourse.onlinedegree.iitm.ac.in/23f2003853/{size}/67184_2.png"
    },
    "last_poster": {
      "id": 21529,
      "username": "23f2003853",
      "name": "K Hari Prasath",
      "avatar_template": "/user_avatar/discourse.onlinedegree.iitm.ac.in/23f2003853/{size}/67184_2.png"
    }
  },
  "pending_posts": [],
  "bookmarks": []
}