{
  "post_stream": {
    "posts": [
      {
        "id": 607317,
        "name": "Khushi Patel",
        "username": "22f3001561",
        "avatar_template": "/user_avatar/discourse.onlinedegree.iitm.ac.in/22f3001561/{size}/120037_2.png",
        "created_at": "2025-03-16T18:46:29.863Z",
        "cooked": "<p>In every TDS assignment after the first, I have not seen a submit button in the assignment page so I could not submit it there( I see it in the sanand portal and submit it there)</p>\n<p>Now, my assignment score for all assignments (2,3,4,5) shows 0</p>\n<p>I am attaching SS of my assignment-5 page to show there was no submit button available there</p>\n<p>I had raised this as a ticket in the Support desk(21/Feb) in the past as discourse was not available to me at that time, but this didn’t get resolved. I saw a similar older thread where it was mentioned that this is not something to worry about but now it is showing in the portal that I am not allowed to take the End Term Exam. What can be done for this?<br>\n<div class=\"lightbox-wrapper\"><a class=\"lightbox\" href=\"https://europe1.discourse-cdn.com/flex013/uploads/iitm/original/3X/5/5/55a128c9bfe559f473f6bbefc14cd659cb0f36b4.png\" data-download-href=\"/uploads/short-url/cdvRLJCdsJ6VyekmwnffD293coY.png?dl=1\" title=\"SS\" rel=\"noopener nofollow ugc\"><img src=\"https://europe1.discourse-cdn.com/flex013/uploads/iitm/optimized/3X/5/5/55a128c9bfe559f473f6bbefc14cd659cb0f36b4_2_690x367.png\" alt=\"SS\" data-base62-sha1=\"cdvRLJCdsJ6VyekmwnffD293coY\" width=\"690\" height=\"367\" srcset=\"https://europe1.discourse-cdn.com/flex013/uploads/iitm/optimized/3X/5/5/55a128c9bfe559f473f6bbefc14cd659cb0f36b4_2_690x367.png, https://europe1.discourse-cdn.com/flex013/uploads/iitm/optimized/3X/5/5/55a128c9bfe559f473f6bbefc14cd659cb0f36b4_2_1035x550.png 1.5x, https://europe1.discourse-cdn.com/flex013/uploads/iitm/optimized/3X/5/5/55a128c9bfe559f473f6bbefc14cd659cb0f36b4_2_1380x734.png 2x\" data-dominant-color=\"D5D5D8\"><div class=\"meta\"><svg class=\"fa d-icon d-icon-far-image svg-icon\" aria-hidden=\"true\"><use href=\"#far-image\"></use></svg><span class=\"filename\">SS</span><span class=\"informations\">1895×1010 167 KB</span><svg class=\"fa d-icon d-icon-discourse-expand svg-icon\" aria-hidden=\"true\"><use href=\"#discourse-expand\"></use></svg></div></a></div></p>",
        "post_number": 1,
        "post_type": 1,
        "posts_count": 2,
        "updated_at": "2025-03-16T18:46:29.863Z",
        "reply_count": 0,
        "reply_to_post_number": null,
        "quote_count": 0,
        "incoming_link_count": 2,
        "reads": 80,
        "readers_count": 79,
        "score": 26.0,
        "yours": false,
        "topic_id": 170131,
        "topic_slug": "problem-with-tds-ga-scores",
        "display_username": "Khushi Patel",
        "primary_group_name": "ds-students",
        "flair_name": "ds-students",
        "flair_url": null,
        "flair_bg_color": "",
        "flair_color": "",
        "flair_group_id": 294,
        "badges_granted": [],
        "version": 1,
        "can_edit": false,
        "can_delete": false,
        "can_recover": false,
        "can_see_hidden_post": false,
        "can_wiki": false,
        "read": false,
        "user_title": null,
        "bookmarked": false,
        "actions_summary": [
          {
            "id": 2,
            "can_act": true
          },
          {
            "id": 6,
            "can_act": true
          },
          {
            "id": 3,
            "can_act": true
          },
          {
            "id": 4,
            "can_act": true
          },
          {
            "id": 8,
            "can_act": true
          },
          {
            "id": 10,
            "can_act": true
          },
          {
            "id": 7,
            "can_act": true
          }
        ],
        "moderator": false,
        "admin": false,
        "staff": false,
        "user_id": 34916,
        "hidden": false,
        "trust_level": 0,
        "deleted_at": null,
        "user_deleted": false,
        "edit_reason": null,
        "can_view_edit_history": true,
        "wiki": false,
        "post_url": "/t/problem-with-tds-ga-scores/170131/1",
        "user_cakedate": "2024-06-26",
        "reactions": [],
        "current_user_reaction": null,
        "reaction_users_count": 0,
        "current_user_used_main_reaction": false,
        "can_accept_answer": false,
        "can_unaccept_answer": false,
        "accepted_answer": false,
        "topic_accepted_answer": null,
        "can_vote": false
      },
      {
        "id": 607332,
        "name": "Carlton D'Silva",
        "username": "carlton",
        "avatar_template": "/user_avatar/discourse.onlinedegree.iitm.ac.in/carlton/{size}/56317_2.png",
        "created_at": "2025-03-17T03:38:14.468Z",
        "cooked": "<p><a class=\"mention\" href=\"/u/22f3001561\">@22f3001561</a> GA5 like all the prior GAs for TDS Jan 25 term were all to be submitted through the graded assignment page. Which is in the link provided (it is actually in the screen shot you have provided).<br>\nAll the previous GA 1 through 4 were also exactly the same.</p>\n<p>We have no evidence you ever submitted any of the other GAs except GA1.</p>\n<p>Kind regards</p>",
        "post_number": 2,
        "post_type": 1,
        "posts_count": 2,
        "updated_at": "2025-03-17T03:38:14.468Z",
        "reply_count": 0,
        "reply_to_post_number": null,
        "quote_count": 0,
        "incoming_link_count": 0,
        "reads": 59,
        "readers_count": 58,
        "score": 11.8,
        "yours": false,
        "topic_id": 170131,
        "topic_slug": "problem-with-tds-ga-scores",
        "display_username": "Carlton D'Silva",
        "primary_group_name": "ds-students",
        "flair_name": "ds-students",
        "flair_url": null,
        "flair_bg_color": "",
        "flair_color": "",
        "flair_group_id": 294,
        "badges_granted": [],
        "version": 1,
        "can_edit": false,
        "can_delete": false,
        "can_recover": false,
        "can_see_hidden_post": false,
        "can_wiki": false,
        "read": false,
        "user_title": "Regular",
        "title_is_group": false,
        "bookmarked": false,
        "actions_summary": [
          {
            "id": 2,
            "can_act": true
          },
          {
            "id": 6,
            "can_act": true
          },
          {
            "id": 3,
            "can_act": true
          },
          {
            "id": 4,
            "can_act": true
          },
          {
            "id": 8,
            "can_act": true
          },
          {
            "id": 10,
            "can_act": true
          },
          {
            "id": 7,
            "can_act": true
          }
        ],
        "moderator": false,
        "admin": false,
        "staff": false,
        "group_moderator": true,
        "user_id": 16094,
        "hidden": false,
        "trust_level": 3,
        "deleted_at": null,
        "user_deleted": false,
        "edit_reason": null,
        "can_view_edit_history": true,
        "wiki": false,
        "post_url": "/t/problem-with-tds-ga-scores/170131/2",
        "user_cakedate": "2023-01-25",
        "reactions": [],
        "current_user_reaction": null,
        "reaction_users_count": 0,
        "current_user_used_main_reaction": false,
        "can_accept_answer": false,
        "can_unaccept_answer": false,
        "accepted_answer": false,
        "topic_accepted_answer": null
      }
    ],
    "stream": [
      607317,
      607332
    ]
  },
  "timeline_lookup": [
    [
      1,
      245
    ]
  ],
  "suggested_topics": [
    {
      "fancy_title": "Submission Issue",
      "id": 191628,
      "title": "Submission Issue",
      "slug": "submission-issue",
      "posts_count": 1,
      "reply_count": 0,
      "highest_post_number": 1,
      "image_url": "https://europe1.discourse-cdn.com/flex013/uploads/iitm/optimized/3X/4/4/44dc3c61e92c828ce41f420245a133ac58e7488c_2_1024x576.png",
      "created_at": "2025-11-16T18:34:00.062Z",
      "last_posted_at": "2025-11-16T18:34:00.258Z",
      "bumped": true,
      "bumped_at": "2025-11-16T18:34:00.258Z",
      "archetype": "regular",
      "unseen": true,
      "pinned": false,
      "unpinned": null,
      "visible": true,
      "closed": false,
      "archived": false,
      "bookmarked": null,
      "liked": null,
      "tags": [
        "clarification",
        "operational",
        "term3-2025"
      ],
      "tags_descriptions": {},
      "like_count": 0,
      "views": 7,
      "category_id": 34,
      "featured_link": null,
      "has_accepted_answer": false,
      "posters": [
        {
          "extras": "latest single",
          "description": "Original Poster, Most Recent Poster",
          "user": {
            "id": 18836,
            "username": "23f2003033",
            "name": "Vedang Pawar",
            "avatar_template": "/user_avatar/discourse.onlinedegree.iitm.ac.in/23f2003033/{size}/67243_2.png",
            "primary_group_name": "ds-students",
            "flair_name": "ds-students",
            "flair_group_id": 294,
            "trust_level": 1
          }
        }
      ]
    }
  ],
  "tags": [
    "clarification",
    "miscellaneous",
    "diploma-level"
  ],
  "tags_descriptions": {},
  "fancy_title": "Problem with TDS GA Scores",
  "id": 170131,
  "title": "Problem with TDS GA Scores",
  "posts_count": 2,
  "created_at": "2025-03-16T18:46:29.577Z",
  "views": 94,
  "reply_count": 0,
  "like_count": 0,
  "last_posted_at": "2025-03-17T03:38:14.468Z",
  "visible": true,
  "closed": false,
  "archived": false,
  "has_summary": false,
  "archetype": "regular",
  "slug": "problem-with-tds-ga-scores",
  "category_id": 34,
  "word_count": 213,
  "deleted_at": null,
  "user_id": 34916,
  "featured_link": null,
  "pinned_globally": false,
  "pinned_at": null,
  "pinned_until": null,
  "image_url": "https://europe1.discourse-cdn.com/flex013/uploads/iitm/optimized/3X/5/5/55a128c9bfe559f473f6bbefc14cd659cb0f36b4_2_1024x545.png",
  "slow_mode_seconds": 0,
  "draft": null,
  "draft_key": "topic_170131",
  "draft_sequence": 0,
  "posted": false,
  "unpinned": null,
  "pinned": false,
  "current_post_number": 1,
  "highest_post_number": 2,
  "last_read_post_number": null,
  "last_read_post_id": null,
  "deleted_by": null,
  "actions_summary": [
    {
      "id": 4,
      "count": 0,
      "hidden": false,
      "can_act": true
    },
    {
      "id": 8,
      "count": 0,
      "hidden": false,
      "can_act": true
    },
    {
      "id": 10,
      "count": 0,
      "hidden": false,
      "can_act": true
    },
    {
      "id": 7,
      "count": 0,
      "hidden": false,
      "can_act": true
    }
  ],
  "chunk_size": 20,
  "bookmarked": false,
  "topic_timer": null,
  "message_bus_last_id": 0,
  "participant_count": 2,
  "show_read_indicator": false,
  "thumbnails": [
    {
      "max_width": null,
      "max_height": null,
      "width": 1895,
      "height": 1010,
      "url": "https://europe1.discourse-cdn.com/flex013/uploads/iitm/original/3X/5/5/55a128c9bfe559f473f6bbefc14cd659cb0f36b4.png"
    },
    {
      "max_width": 1024,
      "max_height": 1024,
      "width": 1024,
      "height": 545,
      "url": "https://europe1.discourse-cdn.com/flex013/uploads/iitm/optimized/3X/5/5/55a128c9bfe559f473f6bbefc14cd659cb0f36b4_2_1024x545.png"
    }
  ],
  "slow_mode_enabled_until": null,
  "tags_disable_ads": false,
  "related_topics": [
    {
      "fancy_title": "TDS GA 6B issue",
      "id": 125373,
      "title": "TDS GA 6B issue",
      "slug": "tds-ga-6b-issue",
      "posts_count": 5,
      "reply_count": 1,
      "highest_post_number": 5,
      "image_url": "https://europe1.discourse-cdn.com/flex013/uploads/iitm/original/3X/e/d/ed0ec7a8e2dff79160a4299128889a09c4d8d292.png",
      "created_at": "2024-03-28T13:01:48.216Z",
      "last_posted_at": "2024-03-31T19:16:19.650Z",
      "bumped": true,
      "bumped_at": "2024-03-31T19:16:19.650Z",
      "archetype": "regular",
      "unseen": false,
      "pinned": false,
      "unpinned": null,
      "visible": true,
      "closed": false,
      "archived": false,
      "bookmarked": null,
      "liked": null,
      "tags": [
        "diploma-level",
        "tds"
      ],
      "tags_descriptions": {},
      "like_count": 0,
      "views": 49,
      "category_id": 34,
      "featured_link": null,
      "has_accepted_answer": false,
      "posters": [
        {
          "extras": null,
          "description": "Original Poster",
          "user": {
            "id": 14545,
            "username": "Prahladh",
            "name": "Prahladh N C",
            "avatar_template": "/user_avatar/discourse.onlinedegree.iitm.ac.in/prahladh/{size}/56083_2.png",
            "primary_group_name": "ds-students",
            "flair_name": "ds-students",
            "flair_group_id": 294,
            "trust_level": 1
          }
        },
        {
          "extras": null,
          "description": "Frequent Poster",
          "user": {
            "id": 7926,
            "username": "Kushagra21f3002930",
            "name": "Kushagra Wadhwa",
            "avatar_template": "/user_avatar/discourse.onlinedegree.iitm.ac.in/kushagra21f3002930/{size}/13610_2.png",
            "primary_group_name": "ds-students",
            "flair_name": "ds-students",
            "flair_group_id": 294,
            "trust_level": 0
          }
        },
        {
          "extras": null,
          "description": "Frequent Poster",
          "user": {
            "id": 23999,
            "username": "23ds3000204",
            "name": "K R Ajaykumar",
            "avatar_template": "/user_avatar/discourse.onlinedegree.iitm.ac.in/23ds3000204/{size}/67405_2.png",
            "primary_group_name": "ds-students",
            "flair_name": "ds-students",
            "flair_group_id": 294,
            "trust_level": 1
          }
        },
        {
          "extras": null,
          "description": "Frequent Poster",
          "user": {
            "id": 6325,
            "username": "Kashish",
            "name": "Kashish Vijayvergiya ",
            "avatar_template": "/user_avatar/discourse.onlinedegree.iitm.ac.in/kashish/{size}/92_2.png",
            "primary_group_name": "ds-students",
            "flair_name": "ds-students",
            "flair_group_id": 294,
            "trust_level": 1
          }
        },
        {
          "extras": "latest",
          "description": "Most Recent Poster",
          "user": {
            "id": 24630,
            "username": "23f2000690",
            "name": "Sharad Anirudh Jonnalagadda",
            "avatar_template": "/user_avatar/discourse.onlinedegree.iitm.ac.in/23f2000690/{size}/66833_2.png",
            "primary_group_name": "ds-students",
            "flair_name": "ds-students",
            "flair_group_id": 294,
            "trust_level": 1
          }
        }
      ]
    },
    {
      "fancy_title": "Tds week 6 graded assignment 6b)",
      "id": 82776,
      "title": "Tds week 6 graded assignment 6b)",
      "slug": "tds-week-6-graded-assignment-6b",
      "posts_count": 5,
      "reply_count": 2,
      "highest_post_number": 5,
      "image_url": "https://europe1.discourse-cdn.com/flex013/uploads/iitm/original/3X/a/d/ad1d50f6eca152cd68da548ea26dc509de0b6ada.png",
      "created_at": "2023-03-30T07:29:37.497Z",
      "last_posted_at": "2023-03-31T02:20:17.411Z",
      "bumped": true,
      "bumped_at": "2023-03-31T02:20:17.411Z",
      "archetype": "regular",
      "unseen": false,
      "pinned": false,
      "unpinned": null,
      "visible": true,
      "closed": false,
      "archived": false,
      "bookmarked": null,
      "liked": null,
      "tags": [
        "clarification",
        "tds"
      ],
      "tags_descriptions": {},
      "like_count": 8,
      "views": 93,
      "category_id": 34,
      "featured_link": null,
      "has_accepted_answer": false,
      "posters": [
        {
          "extras": null,
          "description": "Original Poster",
          "user": {
            "id": 1348,
            "username": "SubhiArjaria",
            "name": "Subhi Arjaria",
            "avatar_template": "/user_avatar/discourse.onlinedegree.iitm.ac.in/subhiarjaria/{size}/108_2.png",
            "primary_group_name": "ds-students",
            "flair_name": "ds-students",
            "flair_group_id": 294,
            "trust_level": 1
          }
        },
        {
          "extras": null,
          "description": "Frequent Poster",
          "user": {
            "id": 6142,
            "username": "Dixon",
            "name": "Dixon",
            "avatar_template": "/user_avatar/discourse.onlinedegree.iitm.ac.in/dixon/{size}/1027_2.png",
            "trust_level": 1
          }
        },
        {
          "extras": null,
          "description": "Frequent Poster",
          "user": {
            "id": 1998,
            "username": "Preetam",
            "name": "Preetam Mukherjee",
            "avatar_template": "/user_avatar/discourse.onlinedegree.iitm.ac.in/preetam/{size}/57403_2.png",
            "primary_group_name": "ds-students",
            "flair_name": "ds-students",
            "flair_group_id": 294,
            "trust_level": 1
          }
        },
        {
          "extras": "latest",
          "description": "Most Recent Poster",
          "user": {
            "id": 9108,
            "username": "Sampriti",
            "name": "Sampriti Raha",
            "avatar_template": "/user_avatar/discourse.onlinedegree.iitm.ac.in/sampriti/{size}/90543_2.png",
            "primary_group_name": "ds-students",
            "flair_name": "ds-students",
            "flair_group_id": 294,
            "trust_level": 1
          }
        }
      ]
    },
    {
      "fancy_title": "Tds: assignment is not submitting",
      "id": 166189,
      "title": "Tds: assignment is not submitting",
      "slug": "tds-assignment-is-not-submitting",
      "posts_count": 21,
      "reply_count": 5,
      "highest_post_number": 25,
      "image_url": null,
      "created_at": "2025-02-03T06:54:27.692Z",
      "last_posted_at": "2025-05-31T09:14:12.326Z",
      "bumped": true,
      "bumped_at": "2025-05-31T09:14:12.326Z",
      "archetype": "regular",
      "unseen": false,
      "last_read_post_number": null,
      "unread": 0,
      "new_posts": 0,
      "unread_posts": 0,
      "pinned": false,
      "unpinned": null,
      "visible": true,
      "closed": false,
      "archived": false,
      "notification_level": 1,
      "bookmarked": false,
      "liked": false,
      "tags": [
        "diploma-level",
        "graded-assignment"
      ],
      "tags_descriptions": {},
      "like_count": 8,
      "views": 169,
      "category_id": 34,
      "featured_link": null,
      "has_accepted_answer": true,
      "posters": [
        {
          "extras": null,
          "description": "Original Poster",
          "user": {
            "id": 24614,
            "username": "23f3002530",
            "name": "Sompartha Sinha",
            "avatar_template": "/user_avatar/discourse.onlinedegree.iitm.ac.in/23f3002530/{size}/66753_2.png",
            "primary_group_name": "ds-students",
            "flair_name": "ds-students",
            "flair_group_id": 294,
            "trust_level": 0
          }
        },
        {
          "extras": "latest",
          "description": "Most Recent Poster, Accepted Answer",
          "user": {
            "id": 16094,
            "username": "carlton",
            "name": "Carlton D'Silva",
            "avatar_template": "/user_avatar/discourse.onlinedegree.iitm.ac.in/carlton/{size}/56317_2.png",
            "primary_group_name": "ds-students",
            "flair_name": "ds-students",
            "flair_group_id": 294,
            "trust_level": 3
          }
        },
        {
          "extras": null,
          "description": "Frequent Poster",
          "user": {
            "id": 3230,
            "username": "shriaviator",
            "name": "Srinivas Chilukuri",
            "avatar_template": "https://avatars.discourse-cdn.com/v4/letter/s/59ef9b/{size}.png",
            "primary_group_name": "ds-students",
            "flair_name": "Community-TA",
            "flair_url": "handshake-angle",
            "flair_bg_color": "717BF7",
            "flair_color": "6BEE3D",
            "flair_group_id": 89,
            "trust_level": 2
          }
        },
        {
          "extras": null,
          "description": "Frequent Poster",
          "user": {
            "id": 17966,
            "username": "23f2000232",
            "name": "Yashraj Pradip Haridas",
            "avatar_template": "/user_avatar/discourse.onlinedegree.iitm.ac.in/23f2000232/{size}/67018_2.png",
            "primary_group_name": "ds-students",
            "flair_name": "ds-students",
            "flair_group_id": 294,
            "trust_level": 1
          }
        },
        {
          "extras": null,
          "description": "Frequent Poster",
          "user": {
            "id": 12666,
            "username": "Dnyanu27",
            "name": "Dnyaneshwari Rajendra Mahajan",
            "avatar_template": "/user_avatar/discourse.onlinedegree.iitm.ac.in/dnyanu27/{size}/70017_2.png",
            "primary_group_name": "ds-students",
            "flair_name": "ds-students",
            "flair_group_id": 294,
            "trust_level": 0
          }
        }
      ]
    },
    {
      "fancy_title": "Graded Assignment-7 - TDS",
      "id": 58320,
      "title": "Graded Assignment-7 - TDS",
      "slug": "graded-assignment-7-tds",
      "posts_count": 32,
      "reply_count": 25,
      "highest_post_number": 34,
      "image_url": "https://europe1.discourse-cdn.com/flex013/uploads/iitm/optimized/3X/7/b/7b00461f5a9db265c2c32150f56d36f048068a5c_2_1024x653.jpeg",
      "created_at": "2022-07-20T04:50:46.559Z",
      "last_posted_at": "2022-08-09T14:57:36.589Z",
      "bumped": true,
      "bumped_at": "2022-08-09T14:57:36.589Z",
      "archetype": "regular",
      "unseen": false,
      "pinned": false,
      "unpinned": null,
      "visible": true,
      "closed": false,
      "archived": false,
      "bookmarked": null,
      "liked": null,
      "tags": [
        "clarification"
      ],
      "tags_descriptions": {},
      "like_count": 8,
      "views": 404,
      "category_id": 34,
      "featured_link": null,
      "has_accepted_answer": false,
      "posters": [
        {
          "extras": "latest",
          "description": "Original Poster, Most Recent Poster",
          "user": {
            "id": 686,
            "username": "nmaddala",
            "name": "Narayana Maddala",
            "avatar_template": "/user_avatar/discourse.onlinedegree.iitm.ac.in/nmaddala/{size}/67626_2.png",
            "primary_group_name": "ds-students",
            "flair_name": "ds-students",
            "flair_group_id": 294,
            "trust_level": 1
          }
        },
        {
          "extras": null,
          "description": "Frequent Poster",
          "user": {
            "id": 791,
            "username": "Naman",
            "name": "Naman Shukla",
            "avatar_template": "/user_avatar/discourse.onlinedegree.iitm.ac.in/naman/{size}/632_2.png",
            "primary_group_name": "ds-students",
            "flair_name": "ds-students",
            "flair_group_id": 294,
            "trust_level": 1
          }
        },
        {
          "extras": null,
          "description": "Frequent Poster",
          "user": {
            "id": 3427,
            "username": "Harshad",
            "name": "Harshad Paikrao",
            "avatar_template": "/user_avatar/discourse.onlinedegree.iitm.ac.in/harshad/{size}/2663_2.png",
            "primary_group_name": "ds-students",
            "flair_name": "ds-students",
            "flair_group_id": 294,
            "trust_level": 1
          }
        },
        {
          "extras": null,
          "description": "Frequent Poster",
          "user": {
            "id": 23,
            "username": "Narayanan.POD",
            "name": "Narayanan R",
            "avatar_template": "/user_avatar/discourse.onlinedegree.iitm.ac.in/narayanan.pod/{size}/297_2.png",
            "primary_group_name": "pod-ops",
            "flair_name": "pod-ops",
            "flair_url": "sun",
            "flair_bg_color": "0E7B55",
            "flair_color": "24633F",
            "flair_group_id": 43,
            "admin": true,
            "trust_level": 4
          }
        },
        {
          "extras": null,
          "description": "Frequent Poster",
          "user": {
            "id": 8278,
            "username": "22ds1000219",
            "name": "Abhilasha ",
            "avatar_template": "/user_avatar/discourse.onlinedegree.iitm.ac.in/22ds1000219/{size}/12424_2.png",
            "primary_group_name": "ds-students",
            "flair_name": "ds-students",
            "flair_group_id": 294,
            "trust_level": 1
          }
        }
      ]
    },
    {
      "fancy_title": "Regarding Graded Assignment 6b Submission - TDS",
      "id": 83158,
      "title": "Regarding Graded Assignment 6b Submission - TDS",
      "slug": "regarding-graded-assignment-6b-submission-tds",
      "posts_count": 9,
      "reply_count": 7,
      "highest_post_number": 9,
      "image_url": "https://europe1.discourse-cdn.com/flex013/uploads/iitm/optimized/3X/8/f/8fd02500ec977b628f237397e4ed0b663285d544_2_1024x381.png",
      "created_at": "2023-04-02T20:22:02.929Z",
      "last_posted_at": "2023-04-13T17:03:16.043Z",
      "bumped": true,
      "bumped_at": "2023-04-13T17:03:16.043Z",
      "archetype": "regular",
      "unseen": false,
      "pinned": false,
      "unpinned": null,
      "visible": true,
      "closed": false,
      "archived": false,
      "bookmarked": null,
      "liked": null,
      "tags": [
        "operational"
      ],
      "tags_descriptions": {},
      "like_count": 1,
      "views": 90,
      "category_id": 34,
      "featured_link": null,
      "has_accepted_answer": false,
      "posters": [
        {
          "extras": "latest",
          "description": "Original Poster, Most Recent Poster",
          "user": {
            "id": 14674,
            "username": "22ds3000074",
            "name": "Kishlay",
            "avatar_template": "/user_avatar/discourse.onlinedegree.iitm.ac.in/22ds3000074/{size}/15045_2.png",
            "primary_group_name": "ds-students",
            "flair_name": "ds-students",
            "flair_group_id": 294,
            "trust_level": 1
          }
        },
        {
          "extras": null,
          "description": "Frequent Poster",
          "user": {
            "id": 6142,
            "username": "Dixon",
            "name": "Dixon",
            "avatar_template": "/user_avatar/discourse.onlinedegree.iitm.ac.in/dixon/{size}/1027_2.png",
            "trust_level": 1
          }
        },
        {
          "extras": null,
          "description": "Frequent Poster",
          "user": {
            "id": 6139,
            "username": "maheshbalan",
            "name": "Mahesh Balan U",
            "avatar_template": "/user_avatar/discourse.onlinedegree.iitm.ac.in/maheshbalan/{size}/13253_2.png",
            "primary_group_name": "course_support",
            "flair_name": "course_support",
            "flair_url": "scale-balanced",
            "flair_bg_color": "0040ff",
            "flair_color": "1affc6",
            "flair_group_id": 41,
            "trust_level": 4
          }
        },
        {
          "extras": null,
          "description": "Frequent Poster",
          "user": {
            "id": 5454,
            "username": "Nikhilv",
            "name": "Nikhil Vatsa",
            "avatar_template": "/user_avatar/discourse.onlinedegree.iitm.ac.in/nikhilv/{size}/786_2.png",
            "primary_group_name": "ds-students",
            "flair_name": "ds-students",
            "flair_group_id": 294,
            "trust_level": 1
          }
        },
        {
          "extras": null,
          "description": "Frequent Poster",
          "user": {
            "id": 8056,
            "username": "Puneet_21f3002005",
            "name": "Puneet ",
            "avatar_template": "/user_avatar/discourse.onlinedegree.iitm.ac.in/puneet_21f3002005/{size}/46059_2.png",
            "primary_group_name": "ds-students",
            "flair_name": "ds-students",
            "flair_group_id": 294,
            "trust_level": 1
          }
        }
      ]
    }
  ],
  "summarizable": true,
  "valid_reactions": [
    "heart",
    "+1",
    "laughing",
    "open_mouth",
    "clap",
    "confetti_ball",
    "rocket",
    "-1"
  ],
  "can_vote": false,
  "vote_count": 0,
  "user_voted": false,
  "discourse_zendesk_plugin_zendesk_id": null,
  "discourse_zendesk_plugin_zendesk_url": "https://your-url.zendesk.com/agent/tickets/",
  "details": {
    "can_edit": false,
    "notification_level": 1,
    "notifications_reason_id": null,
    "can_create_post": true,
    "can_reply_as_new_topic": true,
    "can_flag_topic": true,
    "participants": [
      {
        "id": 16094,
        "username": "carlton",
        "name": "Carlton D'Silva",
        "avatar_template": "/user_avatar/discourse.onlinedegree.iitm.ac.in/carlton/{size}/56317_2.png",
        "post_count": 1,
        "primary_group_name": "ds-students",
        "flair_name": "ds-students",
        "flair_url": null,
        "flair_color": "",
        "flair_bg_color": "",
        "flair_group_id": 294,
        "trust_level": 3
      },
      {
        "id": 34916,
        "username": "22f3001561",
        "name": "Khushi Patel",
        "avatar_template": "/user_avatar/discourse.onlinedegree.iitm.ac.in/22f3001561/{size}/120037_2.png",
        "post_count": 1,
        "primary_group_name": "ds-students",
        "flair_name": "ds-students",
        "flair_url": null,
        "flair_color": "",
        "flair_bg_color": "",
        "flair_group_id": 294,
        "trust_level": 0
      }
    ],
    "created_by": {
      "id": 34916,
      "username": "22f3001561",
      "name": "Khushi Patel",
      "avatar_template": "/user_avatar/discourse.onlinedegree.iitm.ac.in/22f3001561/{size}/120037_2.png"
    },
    "last_poster": {
      "id": 16094,
      "username": "carlton",
      "name": "Carlton D'Silva",
      "avatar_template": "/user_avatar/discourse.onlinedegree.iitm.ac.in/carlton/{size}/56317_2.png"
    }
  },
  "pending_posts": [],
  "bookmarks": []
}