{
  "post_stream": {
    "posts": [
      {
        "id": 589169,
        "name": "Vikram Suriyanarayanan",
        "username": "vikramjncasr",
        "avatar_template": "/user_avatar/discourse.onlinedegree.iitm.ac.in/vikramjncasr/{size}/1844_2.png",
        "created_at": "2025-02-02T07:04:55.989Z",
        "cooked": "<p>Hi <a class=\"mention\" href=\"/u/jivraj\">@Jivraj</a> &amp; <a class=\"mention\" href=\"/u/carlton\">@carlton</a></p>\n<p>I was wondering if we can have access to the companion notebook for the application for order built on 31st Jan 2025. Where can we access this ?</p>",
        "post_number": 1,
        "post_type": 1,
        "posts_count": 2,
        "updated_at": "2025-02-02T07:04:55.989Z",
        "reply_count": 0,
        "reply_to_post_number": null,
        "quote_count": 0,
        "incoming_link_count": 0,
        "reads": 48,
        "readers_count": 47,
        "score": 9.6,
        "yours": false,
        "topic_id": 166100,
        "topic_slug": "access-to-notebooks",
        "display_username": "Vikram Suriyanarayanan",
        "primary_group_name": "ds-students",
        "flair_name": "ds-students",
        "flair_url": null,
        "flair_bg_color": "",
        "flair_color": "",
        "flair_group_id": 294,
        "badges_granted": [],
        "version": 1,
        "can_edit": false,
        "can_delete": false,
        "can_recover": false,
        "can_see_hidden_post": false,
        "can_wiki": false,
        "read": false,
        "user_title": null,
        "bookmarked": false,
        "actions_summary": [
          {
            "id": 2,
            "can_act": true
          },
          {
            "id": 6,
            "can_act": true
          },
          {
            "id": 3,
            "can_act": true
          },
          {
            "id": 4,
            "can_act": true
          },
          {
            "id": 8,
            "can_act": true
          },
          {
            "id": 10,
            "can_act": true
          },
          {
            "id": 7,
            "can_act": true
          }
        ],
        "moderator": false,
        "admin": false,
        "staff": false,
        "user_id": 3935,
        "hidden": false,
        "trust_level": 1,
        "deleted_at": null,
        "user_deleted": false,
        "edit_reason": null,
        "can_view_edit_history": true,
        "wiki": false,
        "post_url": "/t/access-to-notebooks/166100/1",
        "user_cakedate": "2021-05-05",
        "reactions": [],
        "current_user_reaction": null,
        "reaction_users_count": 0,
        "current_user_used_main_reaction": false,
        "can_accept_answer": false,
        "can_unaccept_answer": false,
        "accepted_answer": false,
        "topic_accepted_answer": null,
        "can_vote": false
      },
      {
        "id": 590405,
        "name": "Jivraj Singh Shekhawat",
        "username": "Jivraj",
        "avatar_template": "/user_avatar/discourse.onlinedegree.iitm.ac.in/jivraj/{size}/135985_2.png",
        "created_at": "2025-02-03T22:50:30.644Z",
        "cooked": "<p>Hi Vikram,</p>\n<p>Those notebooks are for internal purpose only, we don’t use to share them.</p>\n<p>Kind regards</p>",
        "post_number": 2,
        "post_type": 1,
        "posts_count": 2,
        "updated_at": "2025-02-03T22:50:30.644Z",
        "reply_count": 0,
        "reply_to_post_number": null,
        "quote_count": 0,
        "incoming_link_count": 0,
        "reads": 42,
        "readers_count": 41,
        "score": 8.4,
        "yours": false,
        "topic_id": 166100,
        "topic_slug": "access-to-notebooks",
        "display_username": "Jivraj Singh Shekhawat",
        "primary_group_name": "ds-students",
        "flair_name": "ds-students",
        "flair_url": null,
        "flair_bg_color": "",
        "flair_color": "",
        "flair_group_id": 294,
        "badges_granted": [],
        "version": 1,
        "can_edit": false,
        "can_delete": false,
        "can_recover": false,
        "can_see_hidden_post": false,
        "can_wiki": false,
        "read": false,
        "user_title": "Course TA",
        "title_is_group": false,
        "bookmarked": false,
        "actions_summary": [
          {
            "id": 2,
            "can_act": true
          },
          {
            "id": 6,
            "can_act": true
          },
          {
            "id": 3,
            "can_act": true
          },
          {
            "id": 4,
            "can_act": true
          },
          {
            "id": 8,
            "can_act": true
          },
          {
            "id": 10,
            "can_act": true
          },
          {
            "id": 7,
            "can_act": true
          }
        ],
        "moderator": false,
        "admin": false,
        "staff": false,
        "group_moderator": true,
        "user_id": 15651,
        "hidden": false,
        "trust_level": 2,
        "deleted_at": null,
        "user_deleted": false,
        "edit_reason": null,
        "can_view_edit_history": true,
        "wiki": false,
        "post_url": "/t/access-to-notebooks/166100/2",
        "user_cakedate": "2023-01-25",
        "reactions": [],
        "current_user_reaction": null,
        "reaction_users_count": 0,
        "current_user_used_main_reaction": false,
        "can_accept_answer": false,
        "can_unaccept_answer": false,
        "accepted_answer": false,
        "topic_accepted_answer": null
      }
    ],
    "stream": [
      589169,
      590405
    ]
  },
  "timeline_lookup": [
    [
      1,
      288
    ],
    [
      2,
      286
    ]
  ],
  "suggested_topics": [
    {
      "fancy_title": "Submission Issue",
      "id": 191628,
      "title": "Submission Issue",
      "slug": "submission-issue",
      "posts_count": 1,
      "reply_count": 0,
      "highest_post_number": 1,
      "image_url": "https://europe1.discourse-cdn.com/flex013/uploads/iitm/optimized/3X/4/4/44dc3c61e92c828ce41f420245a133ac58e7488c_2_1024x576.png",
      "created_at": "2025-11-16T18:34:00.062Z",
      "last_posted_at": "2025-11-16T18:34:00.258Z",
      "bumped": true,
      "bumped_at": "2025-11-16T18:34:00.258Z",
      "archetype": "regular",
      "unseen": true,
      "pinned": false,
      "unpinned": null,
      "visible": true,
      "closed": false,
      "archived": false,
      "bookmarked": null,
      "liked": null,
      "tags": [
        "clarification",
        "operational",
        "term3-2025"
      ],
      "tags_descriptions": {},
      "like_count": 0,
      "views": 7,
      "category_id": 34,
      "featured_link": null,
      "has_accepted_answer": false,
      "posters": [
        {
          "extras": "latest single",
          "description": "Original Poster, Most Recent Poster",
          "user": {
            "id": 18836,
            "username": "23f2003033",
            "name": "Vedang Pawar",
            "avatar_template": "/user_avatar/discourse.onlinedegree.iitm.ac.in/23f2003033/{size}/67243_2.png",
            "primary_group_name": "ds-students",
            "flair_name": "ds-students",
            "flair_group_id": 294,
            "trust_level": 1
          }
        }
      ]
    }
  ],
  "tags": [
    "clarification"
  ],
  "tags_descriptions": {},
  "fancy_title": "Access to Notebooks",
  "id": 166100,
  "title": "Access to Notebooks",
  "posts_count": 2,
  "created_at": "2025-02-02T07:04:55.785Z",
  "views": 63,
  "reply_count": 0,
  "like_count": 0,
  "last_posted_at": "2025-02-03T22:50:30.644Z",
  "visible": true,
  "closed": false,
  "archived": false,
  "has_summary": false,
  "archetype": "regular",
  "slug": "access-to-notebooks",
  "category_id": 34,
  "word_count": 48,
  "deleted_at": null,
  "user_id": 3935,
  "featured_link": null,
  "pinned_globally": false,
  "pinned_at": null,
  "pinned_until": null,
  "image_url": null,
  "slow_mode_seconds": 0,
  "draft": null,
  "draft_key": "topic_166100",
  "draft_sequence": 0,
  "posted": false,
  "unpinned": null,
  "pinned": false,
  "current_post_number": 1,
  "highest_post_number": 2,
  "last_read_post_number": null,
  "last_read_post_id": null,
  "deleted_by": null,
  "actions_summary": [
    {
      "id": 4,
      "count": 0,
      "hidden": false,
      "can_act": true
    },
    {
      "id": 8,
      "count": 0,
      "hidden": false,
      "can_act": true
    },
    {
      "id": 10,
      "count": 0,
      "hidden": false,
      "can_act": true
    },
    {
      "id": 7,
      "count": 0,
      "hidden": false,
      "can_act": true
    }
  ],
  "chunk_size": 20,
  "bookmarked": false,
  "topic_timer": null,
  "message_bus_last_id": 0,
  "participant_count": 2,
  "show_read_indicator": false,
  "thumbnails": null,
  "slow_mode_enabled_until": null,
  "tags_disable_ads": false,
  "related_topics": [
    {
      "fancy_title": "Not seeing python notebook",
      "id": 28841,
      "title": "Not seeing python notebook",
      "slug": "not-seeing-python-notebook",
      "posts_count": 3,
      "reply_count": 0,
      "highest_post_number": 3,
      "image_url": null,
      "created_at": "2022-01-18T10:03:14.073Z",
      "last_posted_at": "2022-01-18T17:04:09.391Z",
      "bumped": true,
      "bumped_at": "2022-01-18T17:04:09.391Z",
      "archetype": "regular",
      "unseen": false,
      "pinned": false,
      "unpinned": null,
      "visible": true,
      "closed": false,
      "archived": false,
      "bookmarked": null,
      "liked": null,
      "tags": [
        "clarification"
      ],
      "tags_descriptions": {},
      "like_count": 2,
      "views": 47,
      "category_id": 24,
      "featured_link": null,
      "has_accepted_answer": false,
      "posters": [
        {
          "extras": null,
          "description": "Original Poster",
          "user": {
            "id": 4168,
            "username": "amankatiyar079",
            "name": "Aman Katiyar",
            "avatar_template": "/user_avatar/discourse.onlinedegree.iitm.ac.in/amankatiyar079/{size}/2088_2.png",
            "primary_group_name": "ds-students",
            "flair_name": "ds-students",
            "flair_group_id": 294,
            "trust_level": 1
          }
        },
        {
          "extras": null,
          "description": "Frequent Poster",
          "user": {
            "id": 6596,
            "username": "21f2001522",
            "name": "Vedanshi  Tewari",
            "avatar_template": "/user_avatar/discourse.onlinedegree.iitm.ac.in/21f2001522/{size}/346_2.png",
            "primary_group_name": "ds-students",
            "flair_name": "ds-students",
            "flair_group_id": 294,
            "trust_level": 1
          }
        },
        {
          "extras": "latest",
          "description": "Most Recent Poster",
          "user": {
            "id": 1076,
            "username": "SatishJ_iitm",
            "name": "Satish Jaiswal",
            "avatar_template": "/user_avatar/discourse.onlinedegree.iitm.ac.in/satishj_iitm/{size}/122749_2.png",
            "primary_group_name": "ds-students",
            "flair_name": "ds-students",
            "flair_group_id": 294,
            "trust_level": 1
          }
        }
      ]
    },
    {
      "fancy_title": "Extra Activity 3, week0",
      "id": 65365,
      "title": "Extra Activity 3, week0",
      "slug": "extra-activity-3-week0",
      "posts_count": 3,
      "reply_count": 0,
      "highest_post_number": 3,
      "image_url": "https://europe1.discourse-cdn.com/flex013/uploads/iitm/optimized/3X/2/4/24a889333a48df8b8eb065262dfa0773849b19ca_2_1024x550.png",
      "created_at": "2022-09-22T05:30:55.418Z",
      "last_posted_at": "2022-09-22T06:22:31.072Z",
      "bumped": true,
      "bumped_at": "2022-09-22T06:22:31.072Z",
      "archetype": "regular",
      "unseen": false,
      "pinned": false,
      "unpinned": null,
      "visible": true,
      "closed": false,
      "archived": false,
      "bookmarked": null,
      "liked": null,
      "tags": [
        "stats-2",
        "bonus-marks"
      ],
      "tags_descriptions": {},
      "like_count": 0,
      "views": 45,
      "category_id": 24,
      "featured_link": null,
      "has_accepted_answer": true,
      "posters": [
        {
          "extras": null,
          "description": "Original Poster",
          "user": {
            "id": 8709,
            "username": "21f3002050",
            "name": "Aditya Singh",
            "avatar_template": "/user_avatar/discourse.onlinedegree.iitm.ac.in/21f3002050/{size}/13890_2.png",
            "primary_group_name": "ds-students",
            "flair_name": "ds-students",
            "flair_group_id": 294,
            "trust_level": 1
          }
        },
        {
          "extras": null,
          "description": "Frequent Poster, Accepted Answer",
          "user": {
            "id": 14,
            "username": "mayurg",
            "name": "Mayur",
            "avatar_template": "/user_avatar/discourse.onlinedegree.iitm.ac.in/mayurg/{size}/15_2.png",
            "primary_group_name": "course_support",
            "flair_name": "course_support",
            "flair_url": "scale-balanced",
            "flair_bg_color": "0040ff",
            "flair_color": "1affc6",
            "flair_group_id": 41,
            "trust_level": 4
          }
        },
        {
          "extras": "latest",
          "description": "Most Recent Poster",
          "user": {
            "id": 769,
            "username": "vikash",
            "name": "Vikash Ram Mahuri",
            "avatar_template": "/user_avatar/discourse.onlinedegree.iitm.ac.in/vikash/{size}/103483_2.png",
            "primary_group_name": "ds-students",
            "flair_name": "Community-TA",
            "flair_url": "handshake-angle",
            "flair_bg_color": "717BF7",
            "flair_color": "6BEE3D",
            "flair_group_id": 89,
            "trust_level": 2
          }
        }
      ]
    },
    {
      "fancy_title": "Python notebook",
      "id": 65611,
      "title": "Python notebook",
      "slug": "python-notebook",
      "posts_count": 2,
      "reply_count": 1,
      "highest_post_number": 2,
      "image_url": null,
      "created_at": "2022-09-24T08:49:53.224Z",
      "last_posted_at": "2022-09-24T09:29:28.146Z",
      "bumped": true,
      "bumped_at": "2022-09-25T03:21:15.046Z",
      "archetype": "regular",
      "unseen": false,
      "pinned": false,
      "unpinned": null,
      "visible": true,
      "closed": false,
      "archived": false,
      "bookmarked": null,
      "liked": null,
      "tags": [
        "operational"
      ],
      "tags_descriptions": {},
      "like_count": 2,
      "views": 74,
      "category_id": 24,
      "featured_link": null,
      "has_accepted_answer": false,
      "posters": [
        {
          "extras": null,
          "description": "Original Poster",
          "user": {
            "id": 11663,
            "username": "21f3002593",
            "name": "ANOOP SRIVASTAVA",
            "avatar_template": "/user_avatar/discourse.onlinedegree.iitm.ac.in/21f3002593/{size}/42018_2.png",
            "primary_group_name": "ds-students",
            "flair_name": "ds-students",
            "flair_group_id": 294,
            "trust_level": 1
          }
        },
        {
          "extras": "latest",
          "description": "Most Recent Poster",
          "user": {
            "id": 14344,
            "username": "22f2001152",
            "name": "Lovleen Chadha",
            "avatar_template": "/user_avatar/discourse.onlinedegree.iitm.ac.in/22f2001152/{size}/1945_2.png",
            "primary_group_name": "ds-students",
            "flair_name": "ds-students",
            "flair_group_id": 294,
            "trust_level": 1
          }
        }
      ]
    },
    {
      "fancy_title": "I am not getting to find the python notebook on portal which sir is using for demonstration",
      "id": 78589,
      "title": "I am not getting to find the python notebook on portal which sir is using for demonstration",
      "slug": "i-am-not-getting-to-find-the-python-notebook-on-portal-which-sir-is-using-for-demonstration",
      "posts_count": 2,
      "reply_count": 0,
      "highest_post_number": 2,
      "image_url": null,
      "created_at": "2023-02-20T19:26:46.094Z",
      "last_posted_at": "2023-02-21T05:06:32.863Z",
      "bumped": true,
      "bumped_at": "2023-02-21T05:06:32.863Z",
      "archetype": "regular",
      "unseen": false,
      "pinned": false,
      "unpinned": null,
      "visible": true,
      "closed": false,
      "archived": false,
      "bookmarked": null,
      "liked": null,
      "tags": [
        "extra-resources"
      ],
      "tags_descriptions": {},
      "like_count": 0,
      "views": 36,
      "category_id": 24,
      "featured_link": null,
      "has_accepted_answer": false,
      "posters": [
        {
          "extras": null,
          "description": "Original Poster",
          "user": {
            "id": 15019,
            "username": "manish_k",
            "name": "Manish Kumar",
            "avatar_template": "/user_avatar/discourse.onlinedegree.iitm.ac.in/manish_k/{size}/13253_2.png",
            "primary_group_name": "ds-students",
            "flair_name": "ds-students",
            "flair_group_id": 294,
            "trust_level": 1
          }
        },
        {
          "extras": "latest",
          "description": "Most Recent Poster",
          "user": {
            "id": 12466,
            "username": "Drishya_Shrivastava",
            "name": "Drishya Shrivastava",
            "avatar_template": "/user_avatar/discourse.onlinedegree.iitm.ac.in/drishya_shrivastava/{size}/14194_2.png",
            "primary_group_name": "ds-students",
            "flair_name": "ds-students",
            "flair_group_id": 294,
            "trust_level": 1
          }
        }
      ]
    },
    {
      "fancy_title": "Week-0 extra activity-3 where to find the notebook",
      "id": 28681,
      "title": "Week-0 extra activity-3 where to find the notebook",
      "slug": "week-0-extra-activity-3-where-to-find-the-notebook",
      "posts_count": 5,
      "reply_count": 1,
      "highest_post_number": 5,
      "image_url": null,
      "created_at": "2022-01-17T11:01:07.692Z",
      "last_posted_at": "2022-01-18T05:50:24.790Z",
      "bumped": true,
      "bumped_at": "2022-01-18T05:50:24.790Z",
      "archetype": "regular",
      "unseen": false,
      "pinned": false,
      "unpinned": null,
      "visible": true,
      "closed": false,
      "archived": false,
      "bookmarked": null,
      "liked": null,
      "tags": [
        "clarification"
      ],
      "tags_descriptions": {},
      "like_count": 3,
      "views": 88,
      "category_id": 24,
      "featured_link": null,
      "has_accepted_answer": true,
      "posters": [
        {
          "extras": null,
          "description": "Original Poster",
          "user": {
            "id": 6759,
            "username": "21f2001579",
            "name": "yuvaram singh",
            "avatar_template": "/user_avatar/discourse.onlinedegree.iitm.ac.in/21f2001579/{size}/93_2.png",
            "primary_group_name": "ds-students",
            "flair_name": "ds-students",
            "flair_group_id": 294,
            "trust_level": 1
          }
        },
        {
          "extras": null,
          "description": "Frequent Poster, Accepted Answer",
          "user": {
            "id": 6398,
            "username": "21f2001270",
            "name": "N. Tamil Selvan",
            "avatar_template": "/user_avatar/discourse.onlinedegree.iitm.ac.in/21f2001270/{size}/55696_2.png",
            "primary_group_name": "ds-students",
            "flair_name": "ds-students",
            "flair_group_id": 294,
            "trust_level": 1
          }
        },
        {
          "extras": null,
          "description": "Frequent Poster",
          "user": {
            "id": 8365,
            "username": "Pallavi-Pandey",
            "name": "Pallavi Pandey",
            "avatar_template": "/user_avatar/discourse.onlinedegree.iitm.ac.in/pallavi-pandey/{size}/100325_2.png",
            "primary_group_name": "ds-students",
            "flair_name": "ds-students",
            "flair_group_id": 294,
            "trust_level": 1
          }
        },
        {
          "extras": null,
          "description": "Frequent Poster",
          "user": {
            "id": 1519,
            "username": "GANESH_PUPPALA",
            "name": "GANESH PUPPALA",
            "avatar_template": "/user_avatar/discourse.onlinedegree.iitm.ac.in/ganesh_puppala/{size}/286_2.png",
            "primary_group_name": "ds-students",
            "flair_name": "ds-students",
            "flair_group_id": 294,
            "trust_level": 1
          }
        },
        {
          "extras": "latest",
          "description": "Most Recent Poster",
          "user": {
            "id": 8966,
            "username": "Vignesh-Edithal",
            "name": "Vignesh Edithal",
            "avatar_template": "/user_avatar/discourse.onlinedegree.iitm.ac.in/vignesh-edithal/{size}/29441_2.png",
            "primary_group_name": "ds-students",
            "flair_name": "ds-students",
            "flair_group_id": 294,
            "trust_level": 1
          }
        }
      ]
    }
  ],
  "summarizable": true,
  "valid_reactions": [
    "heart",
    "+1",
    "laughing",
    "open_mouth",
    "clap",
    "confetti_ball",
    "rocket",
    "-1"
  ],
  "can_vote": false,
  "vote_count": 0,
  "user_voted": false,
  "discourse_zendesk_plugin_zendesk_id": null,
  "discourse_zendesk_plugin_zendesk_url": "https://your-url.zendesk.com/agent/tickets/",
  "details": {
    "can_edit": false,
    "notification_level": 1,
    "notifications_reason_id": null,
    "can_create_post": true,
    "can_reply_as_new_topic": true,
    "can_flag_topic": true,
    "participants": [
      {
        "id": 15651,
        "username": "Jivraj",
        "name": "Jivraj Singh Shekhawat",
        "avatar_template": "/user_avatar/discourse.onlinedegree.iitm.ac.in/jivraj/{size}/135985_2.png",
        "post_count": 1,
        "primary_group_name": "ds-students",
        "flair_name": "ds-students",
        "flair_url": null,
        "flair_color": "",
        "flair_bg_color": "",
        "flair_group_id": 294,
        "trust_level": 2
      },
      {
        "id": 3935,
        "username": "vikramjncasr",
        "name": "Vikram Suriyanarayanan",
        "avatar_template": "/user_avatar/discourse.onlinedegree.iitm.ac.in/vikramjncasr/{size}/1844_2.png",
        "post_count": 1,
        "primary_group_name": "ds-students",
        "flair_name": "ds-students",
        "flair_url": null,
        "flair_color": "",
        "flair_bg_color": "",
        "flair_group_id": 294,
        "trust_level": 1
      }
    ],
    "created_by": {
      "id": 3935,
      "username": "vikramjncasr",
      "name": "Vikram Suriyanarayanan",
      "avatar_template": "/user_avatar/discourse.onlinedegree.iitm.ac.in/vikramjncasr/{size}/1844_2.png"
    },
    "last_poster": {
      "id": 15651,
      "username": "Jivraj",
      "name": "Jivraj Singh Shekhawat",
      "avatar_template": "/user_avatar/discourse.onlinedegree.iitm.ac.in/jivraj/{size}/135985_2.png"
    }
  },
  "pending_posts": [],
  "bookmarks": []
}