{
  "post_stream": {
    "posts": [
      {
        "id": 583973,
        "name": "Saransh Saini",
        "username": "Saransh_Saini",
        "avatar_template": "/user_avatar/discourse.onlinedegree.iitm.ac.in/saransh_saini/{size}/123495_2.png",
        "created_at": "2025-01-23T08:19:14.593Z",
        "cooked": "<p>Hi Everyone,</p>\n<p>For today’s live session [23-01-2025] we will be giving an elaborate tutorial on using Flask framework for API creation, also we will discuss the last 3 questions of GA1.<br>\nFlask is a Python Framework used for creating APIs and accessing databases. We highly encourage everyone to join this session at 8pm, as Flask is an important topic which might be useful in your projects and even ROE. Also anyone who is not enrolled in TDS, but wished to learn about Flask are also encouraged to join.</p>\n<p>Link: <a href=\"http://meet.google.com/brz-ksac-evo\" rel=\"noopener nofollow ugc\">meet.google.com/brz-ksac-evo</a><br>\nTimings: 8pm - 10pm</p>\n<p>Regards,<br>\nSaransh Saini<br>\nTDS TA</p>",
        "post_number": 1,
        "post_type": 1,
        "posts_count": 4,
        "updated_at": "2025-01-23T10:21:56.620Z",
        "reply_count": 0,
        "reply_to_post_number": null,
        "quote_count": 0,
        "incoming_link_count": 2,
        "reads": 56,
        "readers_count": 55,
        "score": 36.2,
        "yours": false,
        "topic_id": 164869,
        "topic_slug": "agenda-for-todays-live-session-flask-tutorial",
        "display_username": "Saransh Saini",
        "primary_group_name": "ds-students",
        "flair_name": "ds-students",
        "flair_url": null,
        "flair_bg_color": "",
        "flair_color": "",
        "flair_group_id": 294,
        "badges_granted": [],
        "version": 2,
        "can_edit": false,
        "can_delete": false,
        "can_recover": false,
        "can_see_hidden_post": false,
        "can_wiki": false,
        "link_counts": [
          {
            "url": "http://meet.google.com/brz-ksac-evo",
            "internal": false,
            "reflection": false,
            "clicks": 4
          }
        ],
        "read": false,
        "user_title": null,
        "bookmarked": false,
        "actions_summary": [
          {
            "id": 2,
            "count": 1,
            "can_act": true
          },
          {
            "id": 6,
            "can_act": true
          },
          {
            "id": 3,
            "can_act": true
          },
          {
            "id": 4,
            "can_act": true
          },
          {
            "id": 8,
            "can_act": true
          },
          {
            "id": 10,
            "can_act": true
          },
          {
            "id": 7,
            "can_act": true
          }
        ],
        "moderator": false,
        "admin": false,
        "staff": false,
        "user_id": 13078,
        "hidden": false,
        "trust_level": 1,
        "deleted_at": null,
        "user_deleted": false,
        "edit_reason": null,
        "can_view_edit_history": true,
        "wiki": false,
        "post_url": "/t/agenda-for-todays-live-session-flask-tutorial/164869/1",
        "user_cakedate": "2022-05-02",
        "user_birthdate": "1904-08-04",
        "reactions": [
          {
            "id": "heart",
            "type": "emoji",
            "count": 1
          }
        ],
        "current_user_reaction": null,
        "reaction_users_count": 1,
        "current_user_used_main_reaction": false,
        "can_accept_answer": false,
        "can_unaccept_answer": false,
        "accepted_answer": false,
        "topic_accepted_answer": true,
        "can_vote": false
      },
      {
        "id": 584177,
        "name": "Avinash Prasad ",
        "username": "23f3003453",
        "avatar_template": "/user_avatar/discourse.onlinedegree.iitm.ac.in/23f3003453/{size}/111174_2.png",
        "created_at": "2025-01-23T16:39:19.321Z",
        "cooked": "<p>Sir, Is the same meeting link valid for all the  future live sessions? It would be really helpful if you could share the updates through mail.</p>",
        "post_number": 2,
        "post_type": 1,
        "posts_count": 4,
        "updated_at": "2025-01-23T16:39:19.321Z",
        "reply_count": 0,
        "reply_to_post_number": null,
        "quote_count": 0,
        "incoming_link_count": 0,
        "reads": 37,
        "readers_count": 36,
        "score": 22.4,
        "yours": false,
        "topic_id": 164869,
        "topic_slug": "agenda-for-todays-live-session-flask-tutorial",
        "display_username": "Avinash Prasad ",
        "primary_group_name": "ds-students",
        "flair_name": "ds-students",
        "flair_url": null,
        "flair_bg_color": "",
        "flair_color": "",
        "flair_group_id": 294,
        "badges_granted": [],
        "version": 1,
        "can_edit": false,
        "can_delete": false,
        "can_recover": false,
        "can_see_hidden_post": false,
        "can_wiki": false,
        "read": false,
        "user_title": null,
        "bookmarked": false,
        "actions_summary": [
          {
            "id": 2,
            "count": 1,
            "can_act": true
          },
          {
            "id": 6,
            "can_act": true
          },
          {
            "id": 3,
            "can_act": true
          },
          {
            "id": 4,
            "can_act": true
          },
          {
            "id": 8,
            "can_act": true
          },
          {
            "id": 10,
            "can_act": true
          },
          {
            "id": 7,
            "can_act": true
          }
        ],
        "moderator": false,
        "admin": false,
        "staff": false,
        "user_id": 25677,
        "hidden": false,
        "trust_level": 0,
        "deleted_at": null,
        "user_deleted": false,
        "edit_reason": null,
        "can_view_edit_history": true,
        "wiki": false,
        "post_url": "/t/agenda-for-todays-live-session-flask-tutorial/164869/2",
        "user_cakedate": "2024-01-23",
        "reactions": [
          {
            "id": "heart",
            "type": "emoji",
            "count": 1
          }
        ],
        "current_user_reaction": null,
        "reaction_users_count": 1,
        "current_user_used_main_reaction": false,
        "can_accept_answer": false,
        "can_unaccept_answer": false,
        "accepted_answer": false,
        "topic_accepted_answer": true
      },
      {
        "id": 584416,
        "name": "DEEPANSHU",
        "username": "23f2004097",
        "avatar_template": "/user_avatar/discourse.onlinedegree.iitm.ac.in/23f2004097/{size}/68126_2.png",
        "created_at": "2025-01-24T08:21:37.553Z",
        "cooked": "<p>Was this session recorded? If recorded please provide link. This session was not in calender so missed that.</p>",
        "post_number": 3,
        "post_type": 1,
        "posts_count": 4,
        "updated_at": "2025-01-24T08:21:37.553Z",
        "reply_count": 1,
        "reply_to_post_number": null,
        "quote_count": 0,
        "incoming_link_count": 1,
        "reads": 29,
        "readers_count": 28,
        "score": 15.8,
        "yours": false,
        "topic_id": 164869,
        "topic_slug": "agenda-for-todays-live-session-flask-tutorial",
        "display_username": "DEEPANSHU",
        "primary_group_name": "ds-students",
        "flair_name": "ds-students",
        "flair_url": null,
        "flair_bg_color": "",
        "flair_color": "",
        "flair_group_id": 294,
        "badges_granted": [],
        "version": 1,
        "can_edit": false,
        "can_delete": false,
        "can_recover": false,
        "can_see_hidden_post": false,
        "can_wiki": false,
        "read": false,
        "user_title": null,
        "bookmarked": false,
        "actions_summary": [
          {
            "id": 2,
            "can_act": true
          },
          {
            "id": 6,
            "can_act": true
          },
          {
            "id": 3,
            "can_act": true
          },
          {
            "id": 4,
            "can_act": true
          },
          {
            "id": 8,
            "can_act": true
          },
          {
            "id": 10,
            "can_act": true
          },
          {
            "id": 7,
            "can_act": true
          }
        ],
        "moderator": false,
        "admin": false,
        "staff": false,
        "user_id": 24086,
        "hidden": false,
        "trust_level": 1,
        "deleted_at": null,
        "user_deleted": false,
        "edit_reason": null,
        "can_view_edit_history": true,
        "wiki": false,
        "post_url": "/t/agenda-for-todays-live-session-flask-tutorial/164869/3",
        "user_cakedate": "2023-10-13",
        "reactions": [],
        "current_user_reaction": null,
        "reaction_users_count": 0,
        "current_user_used_main_reaction": false,
        "can_accept_answer": false,
        "can_unaccept_answer": false,
        "accepted_answer": false,
        "topic_accepted_answer": true
      },
      {
        "id": 584423,
        "name": "Saransh Saini",
        "username": "Saransh_Saini",
        "avatar_template": "/user_avatar/discourse.onlinedegree.iitm.ac.in/saransh_saini/{size}/123495_2.png",
        "created_at": "2025-01-24T08:43:13.776Z",
        "cooked": "<p>This session will be uploaded on YouTube soon. In the meanwhile you can access the recording here</p><aside class=\"onebox googledrive\" data-onebox-src=\"https://drive.google.com/file/d/1w-zklGDSInE1n_T_bIGgo9GFE9_jPhTe/view?usp=drivesdk\">\n  <header class=\"source\">\n\n      <a href=\"https://drive.google.com/file/d/1w-zklGDSInE1n_T_bIGgo9GFE9_jPhTe/view?usp=drivesdk\" target=\"_blank\" rel=\"noopener nofollow ugc\">drive.google.com</a>\n  </header>\n\n  <article class=\"onebox-body\">\n      <a href=\"https://drive.google.com/file/d/1w-zklGDSInE1n_T_bIGgo9GFE9_jPhTe/view?usp=drivesdk\" target=\"_blank\" rel=\"noopener nofollow ugc\"><span class=\"googledocs-onebox-logo g-drive-logo\"></span></a>\n\n\n\n<h3><a href=\"https://drive.google.com/file/d/1w-zklGDSInE1n_T_bIGgo9GFE9_jPhTe/view?usp=drivesdk\" target=\"_blank\" rel=\"noopener nofollow ugc\">Live Session - TDS - 2025/01/23 19:54 GMT+05:30 - Recording</a></h3>\n\n<p>Google Drive file.</p>\n\n  </article>\n\n  <div class=\"onebox-metadata\">\n    \n    \n  </div>\n\n  <div style=\"clear: both\"></div>\n</aside>\n",
        "post_number": 4,
        "post_type": 1,
        "posts_count": 4,
        "updated_at": "2025-01-24T08:43:32.061Z",
        "reply_count": 0,
        "reply_to_post_number": 3,
        "quote_count": 0,
        "incoming_link_count": 0,
        "reads": 33,
        "readers_count": 32,
        "score": 21.6,
        "yours": false,
        "topic_id": 164869,
        "topic_slug": "agenda-for-todays-live-session-flask-tutorial",
        "display_username": "Saransh Saini",
        "primary_group_name": "ds-students",
        "flair_name": "ds-students",
        "flair_url": null,
        "flair_bg_color": "",
        "flair_color": "",
        "flair_group_id": 294,
        "badges_granted": [],
        "version": 1,
        "can_edit": false,
        "can_delete": false,
        "can_recover": false,
        "can_see_hidden_post": false,
        "can_wiki": false,
        "link_counts": [
          {
            "url": "https://drive.google.com/file/d/1w-zklGDSInE1n_T_bIGgo9GFE9_jPhTe/view?usp=drivesdk",
            "internal": false,
            "reflection": false,
            "title": "Live Session - TDS - 2025/01/23 19:54 GMT+05:30 - Recording - Google Drive",
            "clicks": 3
          }
        ],
        "read": false,
        "user_title": null,
        "reply_to_user": {
          "id": 24086,
          "username": "23f2004097",
          "name": "DEEPANSHU",
          "avatar_template": "/user_avatar/discourse.onlinedegree.iitm.ac.in/23f2004097/{size}/68126_2.png"
        },
        "bookmarked": false,
        "actions_summary": [
          {
            "id": 2,
            "count": 1,
            "can_act": true
          },
          {
            "id": 6,
            "can_act": true
          },
          {
            "id": 3,
            "can_act": true
          },
          {
            "id": 4,
            "can_act": true
          },
          {
            "id": 8,
            "can_act": true
          },
          {
            "id": 10,
            "can_act": true
          },
          {
            "id": 7,
            "can_act": true
          }
        ],
        "moderator": false,
        "admin": false,
        "staff": false,
        "user_id": 13078,
        "hidden": false,
        "trust_level": 1,
        "deleted_at": null,
        "user_deleted": false,
        "edit_reason": null,
        "can_view_edit_history": true,
        "wiki": false,
        "post_url": "/t/agenda-for-todays-live-session-flask-tutorial/164869/4",
        "user_cakedate": "2022-05-02",
        "user_birthdate": "1904-08-04",
        "reactions": [
          {
            "id": "heart",
            "type": "emoji",
            "count": 1
          }
        ],
        "current_user_reaction": null,
        "reaction_users_count": 1,
        "current_user_used_main_reaction": false,
        "can_accept_answer": false,
        "can_unaccept_answer": false,
        "accepted_answer": true,
        "topic_accepted_answer": true
      }
    ],
    "stream": [
      583973,
      584177,
      584416,
      584423
    ]
  },
  "timeline_lookup": [
    [
      1,
      298
    ],
    [
      2,
      297
    ]
  ],
  "suggested_topics": [
    {
      "fancy_title": "Submission Issue",
      "id": 191628,
      "title": "Submission Issue",
      "slug": "submission-issue",
      "posts_count": 1,
      "reply_count": 0,
      "highest_post_number": 1,
      "image_url": "https://europe1.discourse-cdn.com/flex013/uploads/iitm/optimized/3X/4/4/44dc3c61e92c828ce41f420245a133ac58e7488c_2_1024x576.png",
      "created_at": "2025-11-16T18:34:00.062Z",
      "last_posted_at": "2025-11-16T18:34:00.258Z",
      "bumped": true,
      "bumped_at": "2025-11-16T18:34:00.258Z",
      "archetype": "regular",
      "unseen": true,
      "pinned": false,
      "unpinned": null,
      "visible": true,
      "closed": false,
      "archived": false,
      "bookmarked": null,
      "liked": null,
      "tags": [
        "clarification",
        "operational",
        "term3-2025"
      ],
      "tags_descriptions": {},
      "like_count": 0,
      "views": 7,
      "category_id": 34,
      "featured_link": null,
      "has_accepted_answer": false,
      "posters": [
        {
          "extras": "latest single",
          "description": "Original Poster, Most Recent Poster",
          "user": {
            "id": 18836,
            "username": "23f2003033",
            "name": "Vedang Pawar",
            "avatar_template": "/user_avatar/discourse.onlinedegree.iitm.ac.in/23f2003033/{size}/67243_2.png",
            "primary_group_name": "ds-students",
            "flair_name": "ds-students",
            "flair_group_id": 294,
            "trust_level": 1
          }
        }
      ]
    }
  ],
  "tags": [
    "diploma-level",
    "announcement",
    "live-session",
    "agenda"
  ],
  "tags_descriptions": {},
  "fancy_title": "Agenda for Today&rsquo;s Live Session [Flask Tutorial]",
  "id": 164869,
  "title": "Agenda for Today's Live Session [Flask Tutorial]",
  "posts_count": 4,
  "created_at": "2025-01-23T08:19:14.359Z",
  "views": 81,
  "reply_count": 1,
  "like_count": 3,
  "last_posted_at": "2025-01-24T08:43:13.776Z",
  "visible": true,
  "closed": false,
  "archived": false,
  "has_summary": false,
  "archetype": "regular",
  "slug": "agenda-for-todays-live-session-flask-tutorial",
  "category_id": 34,
  "word_count": 178,
  "deleted_at": null,
  "user_id": 13078,
  "featured_link": null,
  "pinned_globally": false,
  "pinned_at": null,
  "pinned_until": null,
  "image_url": null,
  "slow_mode_seconds": 0,
  "draft": null,
  "draft_key": "topic_164869",
  "draft_sequence": 0,
  "posted": false,
  "unpinned": null,
  "pinned": false,
  "current_post_number": 1,
  "highest_post_number": 4,
  "last_read_post_number": null,
  "last_read_post_id": null,
  "deleted_by": null,
  "actions_summary": [
    {
      "id": 4,
      "count": 0,
      "hidden": false,
      "can_act": true
    },
    {
      "id": 8,
      "count": 0,
      "hidden": false,
      "can_act": true
    },
    {
      "id": 10,
      "count": 0,
      "hidden": false,
      "can_act": true
    },
    {
      "id": 7,
      "count": 0,
      "hidden": false,
      "can_act": true
    }
  ],
  "chunk_size": 20,
  "bookmarked": false,
  "topic_timer": null,
  "message_bus_last_id": 0,
  "participant_count": 3,
  "show_read_indicator": false,
  "thumbnails": null,
  "slow_mode_enabled_until": null,
  "tags_disable_ads": false,
  "related_topics": [
    {
      "fancy_title": "Live Session Agenda - 30/01/2025",
      "id": 165830,
      "title": "Live Session Agenda - 30/01/2025",
      "slug": "live-session-agenda-30-01-2025",
      "posts_count": 1,
      "reply_count": 0,
      "highest_post_number": 1,
      "image_url": null,
      "created_at": "2025-01-30T09:31:29.488Z",
      "last_posted_at": "2025-01-30T09:31:29.813Z",
      "bumped": true,
      "bumped_at": "2025-01-30T10:41:02.363Z",
      "archetype": "regular",
      "unseen": false,
      "last_read_post_number": null,
      "unread": 0,
      "new_posts": 0,
      "unread_posts": 0,
      "pinned": false,
      "unpinned": null,
      "visible": true,
      "closed": false,
      "archived": false,
      "notification_level": 1,
      "bookmarked": false,
      "liked": false,
      "tags": [
        "term1-2025",
        "tds",
        "live-session"
      ],
      "tags_descriptions": {},
      "like_count": 0,
      "views": 52,
      "category_id": 34,
      "featured_link": null,
      "has_accepted_answer": false,
      "posters": [
        {
          "extras": "latest single",
          "description": "Original Poster, Most Recent Poster",
          "user": {
            "id": 16094,
            "username": "carlton",
            "name": "Carlton D'Silva",
            "avatar_template": "/user_avatar/discourse.onlinedegree.iitm.ac.in/carlton/{size}/56317_2.png",
            "primary_group_name": "ds-students",
            "flair_name": "ds-students",
            "flair_group_id": 294,
            "trust_level": 3
          }
        }
      ]
    },
    {
      "fancy_title": "Regarding live session links",
      "id": 25816,
      "title": "Regarding live session links",
      "slug": "regarding-live-session-links",
      "posts_count": 4,
      "reply_count": 1,
      "highest_post_number": 4,
      "image_url": null,
      "created_at": "2022-01-03T12:39:18.101Z",
      "last_posted_at": "2022-01-03T12:53:35.089Z",
      "bumped": true,
      "bumped_at": "2022-01-03T12:53:35.089Z",
      "archetype": "regular",
      "unseen": false,
      "pinned": false,
      "unpinned": null,
      "visible": true,
      "closed": false,
      "archived": false,
      "bookmarked": null,
      "liked": null,
      "tags": [
        "clarification"
      ],
      "tags_descriptions": {},
      "like_count": 1,
      "views": 33,
      "category_id": 25,
      "featured_link": null,
      "has_accepted_answer": true,
      "posters": [
        {
          "extras": "latest",
          "description": "Original Poster, Most Recent Poster",
          "user": {
            "id": 4940,
            "username": "Megh",
            "name": "Megh Shah",
            "avatar_template": "/user_avatar/discourse.onlinedegree.iitm.ac.in/megh/{size}/127_2.png",
            "primary_group_name": "ds-students",
            "flair_name": "ds-students",
            "flair_group_id": 294,
            "trust_level": 1
          }
        },
        {
          "extras": null,
          "description": "Frequent Poster, Accepted Answer",
          "user": {
            "id": 1973,
            "username": "pranabsarma18",
            "name": "Pranab Sarma",
            "avatar_template": "/user_avatar/discourse.onlinedegree.iitm.ac.in/pranabsarma18/{size}/55297_2.png",
            "primary_group_name": "ds-students",
            "flair_name": "ds-students",
            "flair_group_id": 294,
            "trust_level": 1
          }
        },
        {
          "extras": null,
          "description": "Frequent Poster",
          "user": {
            "id": 7946,
            "username": "GKay",
            "name": "21f3002029",
            "avatar_template": "/user_avatar/discourse.onlinedegree.iitm.ac.in/gkay/{size}/56132_2.png",
            "primary_group_name": "ds-students",
            "flair_name": "ds-students",
            "flair_group_id": 294,
            "trust_level": 1
          }
        }
      ]
    },
    {
      "fancy_title": "Live session held on 3rd october",
      "id": 104853,
      "title": "Live session held on 3rd october",
      "slug": "live-session-held-on-3rd-october",
      "posts_count": 9,
      "reply_count": 4,
      "highest_post_number": 9,
      "image_url": null,
      "created_at": "2023-10-04T18:32:18.963Z",
      "last_posted_at": "2023-10-05T14:19:35.737Z",
      "bumped": true,
      "bumped_at": "2023-10-05T14:19:35.737Z",
      "archetype": "regular",
      "unseen": false,
      "pinned": false,
      "unpinned": null,
      "visible": true,
      "closed": false,
      "archived": false,
      "bookmarked": null,
      "liked": null,
      "tags": [
        "live-session"
      ],
      "tags_descriptions": {},
      "like_count": 3,
      "views": 58,
      "category_id": 34,
      "featured_link": null,
      "has_accepted_answer": false,
      "posters": [
        {
          "extras": "latest",
          "description": "Original Poster, Most Recent Poster",
          "user": {
            "id": 12968,
            "username": "Abhinandan",
            "name": "Abhinandan",
            "avatar_template": "/user_avatar/discourse.onlinedegree.iitm.ac.in/abhinandan/{size}/12565_2.png",
            "primary_group_name": "ds-students",
            "flair_name": "ds-students",
            "flair_group_id": 294,
            "trust_level": 1
          }
        },
        {
          "extras": null,
          "description": "Frequent Poster",
          "user": {
            "id": 348,
            "username": "sayan",
            "name": "Sayan Ghosh",
            "avatar_template": "/user_avatar/discourse.onlinedegree.iitm.ac.in/sayan/{size}/112713_2.png",
            "primary_group_name": "course_support",
            "flair_name": "course_support",
            "flair_url": "scale-balanced",
            "flair_bg_color": "0040ff",
            "flair_color": "1affc6",
            "flair_group_id": 41,
            "trust_level": 4
          }
        },
        {
          "extras": null,
          "description": "Frequent Poster",
          "user": {
            "id": 7907,
            "username": "dibujohn",
            "name": "Dibu Philip",
            "avatar_template": "/user_avatar/discourse.onlinedegree.iitm.ac.in/dibujohn/{size}/12560_2.png",
            "primary_group_name": "course_support",
            "flair_name": "course_support",
            "flair_url": "scale-balanced",
            "flair_bg_color": "0040ff",
            "flair_color": "1affc6",
            "flair_group_id": 41,
            "trust_level": 4
          }
        }
      ]
    },
    {
      "fancy_title": "YOUTUBE LINK 0F TDS session",
      "id": 103899,
      "title": "YOUTUBE LINK 0F TDS session",
      "slug": "youtube-link-0f-tds-session",
      "posts_count": 1,
      "reply_count": 0,
      "highest_post_number": 1,
      "image_url": null,
      "created_at": "2023-10-01T12:59:08.703Z",
      "last_posted_at": "2023-10-01T12:59:08.863Z",
      "bumped": true,
      "bumped_at": "2023-10-01T12:59:08.863Z",
      "archetype": "regular",
      "unseen": false,
      "pinned": false,
      "unpinned": null,
      "visible": true,
      "closed": false,
      "archived": false,
      "bookmarked": null,
      "liked": null,
      "tags": [
        "course-portal"
      ],
      "tags_descriptions": {},
      "like_count": 1,
      "views": 87,
      "category_id": 34,
      "featured_link": null,
      "has_accepted_answer": false,
      "posters": [
        {
          "extras": "latest single",
          "description": "Original Poster, Most Recent Poster",
          "user": {
            "id": 7511,
            "username": "SURBHIGANDHI",
            "name": "Surbhi Gandhi",
            "avatar_template": "/user_avatar/discourse.onlinedegree.iitm.ac.in/surbhigandhi/{size}/309_2.png",
            "primary_group_name": "ds-students",
            "flair_name": "ds-students",
            "flair_group_id": 294,
            "trust_level": 1
          }
        }
      ]
    },
    {
      "fancy_title": "Need help hands on practice not able to do",
      "id": 93819,
      "title": "Need help hands on practice not able to do",
      "slug": "need-help-hands-on-practice-not-able-to-do",
      "posts_count": 3,
      "reply_count": 0,
      "highest_post_number": 3,
      "image_url": null,
      "created_at": "2023-07-02T10:35:34.288Z",
      "last_posted_at": "2023-07-02T10:55:56.927Z",
      "bumped": true,
      "bumped_at": "2023-07-02T10:55:56.927Z",
      "archetype": "regular",
      "unseen": false,
      "pinned": false,
      "unpinned": null,
      "visible": true,
      "closed": true,
      "archived": false,
      "bookmarked": null,
      "liked": null,
      "tags": [
        "clarification"
      ],
      "tags_descriptions": {},
      "like_count": 0,
      "views": 32,
      "category_id": 34,
      "featured_link": null,
      "has_accepted_answer": true,
      "posters": [
        {
          "extras": null,
          "description": "Original Poster",
          "user": {
            "id": 8046,
            "username": "21f3002602",
            "name": "Mahi",
            "avatar_template": "/user_avatar/discourse.onlinedegree.iitm.ac.in/21f3002602/{size}/13253_2.png",
            "primary_group_name": "ds-students",
            "flair_name": "ds-students",
            "flair_group_id": 294,
            "trust_level": 1
          }
        },
        {
          "extras": "latest",
          "description": "Most Recent Poster, Accepted Answer",
          "user": {
            "id": 435,
            "username": "D.Laha",
            "name": "Dibyendu Laha",
            "avatar_template": "/user_avatar/discourse.onlinedegree.iitm.ac.in/d.laha/{size}/3918_2.png",
            "primary_group_name": "ds-students",
            "flair_name": "ds-students",
            "flair_group_id": 294,
            "trust_level": 1
          }
        },
        {
          "extras": null,
          "description": "Frequent Poster",
          "user": {
            "id": -1,
            "username": "system",
            "name": "system",
            "avatar_template": "https://europe1.discourse-cdn.com/flex013/uploads/iitm/original/1X/d0988fb0a41c4d4a461fb3b436a91070f23e866e.jpeg",
            "admin": true,
            "moderator": true,
            "trust_level": 4
          }
        }
      ]
    }
  ],
  "summarizable": true,
  "valid_reactions": [
    "heart",
    "+1",
    "laughing",
    "open_mouth",
    "clap",
    "confetti_ball",
    "rocket",
    "-1"
  ],
  "accepted_answer": {
    "post_number": 4,
    "username": "Saransh_Saini",
    "name": null,
    "excerpt": "This session will be uploaded on YouTube soon. In the meanwhile you can access the recording here",
    "accepter_name": null,
    "accepter_username": "Saransh_Saini"
  },
  "can_vote": false,
  "vote_count": 0,
  "user_voted": false,
  "discourse_zendesk_plugin_zendesk_id": null,
  "discourse_zendesk_plugin_zendesk_url": "https://your-url.zendesk.com/agent/tickets/",
  "details": {
    "can_edit": false,
    "notification_level": 1,
    "notifications_reason_id": null,
    "can_create_post": true,
    "can_reply_as_new_topic": true,
    "can_flag_topic": true,
    "participants": [
      {
        "id": 13078,
        "username": "Saransh_Saini",
        "name": "Saransh Saini",
        "avatar_template": "/user_avatar/discourse.onlinedegree.iitm.ac.in/saransh_saini/{size}/123495_2.png",
        "post_count": 2,
        "primary_group_name": "ds-students",
        "flair_name": "ds-students",
        "flair_url": null,
        "flair_color": "",
        "flair_bg_color": "",
        "flair_group_id": 294,
        "trust_level": 1
      },
      {
        "id": 24086,
        "username": "23f2004097",
        "name": "DEEPANSHU",
        "avatar_template": "/user_avatar/discourse.onlinedegree.iitm.ac.in/23f2004097/{size}/68126_2.png",
        "post_count": 1,
        "primary_group_name": "ds-students",
        "flair_name": "ds-students",
        "flair_url": null,
        "flair_color": "",
        "flair_bg_color": "",
        "flair_group_id": 294,
        "trust_level": 1
      },
      {
        "id": 25677,
        "username": "23f3003453",
        "name": "Avinash Prasad ",
        "avatar_template": "/user_avatar/discourse.onlinedegree.iitm.ac.in/23f3003453/{size}/111174_2.png",
        "post_count": 1,
        "primary_group_name": "ds-students",
        "flair_name": "ds-students",
        "flair_url": null,
        "flair_color": "",
        "flair_bg_color": "",
        "flair_group_id": 294,
        "trust_level": 0
      }
    ],
    "created_by": {
      "id": 13078,
      "username": "Saransh_Saini",
      "name": "Saransh Saini",
      "avatar_template": "/user_avatar/discourse.onlinedegree.iitm.ac.in/saransh_saini/{size}/123495_2.png"
    },
    "last_poster": {
      "id": 13078,
      "username": "Saransh_Saini",
      "name": "Saransh Saini",
      "avatar_template": "/user_avatar/discourse.onlinedegree.iitm.ac.in/saransh_saini/{size}/123495_2.png"
    },
    "links": [
      {
        "url": "http://meet.google.com/brz-ksac-evo",
        "title": null,
        "internal": false,
        "attachment": false,
        "reflection": false,
        "clicks": 4,
        "user_id": 13078,
        "domain": "meet.google.com",
        "root_domain": "google.com"
      },
      {
        "url": "https://drive.google.com/file/d/1w-zklGDSInE1n_T_bIGgo9GFE9_jPhTe/view?usp=drivesdk",
        "title": "Live Session - TDS - 2025/01/23 19:54 GMT+05:30 - Recording - Google Drive",
        "internal": false,
        "attachment": false,
        "reflection": false,
        "clicks": 3,
        "user_id": 13078,
        "domain": "drive.google.com",
        "root_domain": "google.com"
      }
    ]
  },
  "pending_posts": [],
  "bookmarks": []
}