{
  "post_stream": {
    "posts": [
      {
        "id": 601917,
        "name": "Ritwik Trivedi",
        "username": "22f1000120",
        "avatar_template": "/user_avatar/discourse.onlinedegree.iitm.ac.in/22f1000120/{size}/119261_2.png",
        "created_at": "2025-03-01T21:00:35.056Z",
        "cooked": "<aside class=\"onebox githubrepo\" data-onebox-src=\"https://github.com/ritwiktrivedi/ROE-Master-Snippets-File\">\n  <header class=\"source\">\n\n      <a href=\"https://github.com/ritwiktrivedi/ROE-Master-Snippets-File\" target=\"_blank\" rel=\"noopener nofollow ugc\">github.com</a>\n  </header>\n\n  <article class=\"onebox-body\">\n    <div class=\"github-row\" data-github-private-repo=\"false\">\n  <img width=\"690\" height=\"344\" src=\"https://europe1.discourse-cdn.com/flex013/uploads/iitm/optimized/3X/4/7/4780e9efee3fee9a734598aa75a48693828aadb0_2_690x344.png\" class=\"thumbnail\" data-dominant-color=\"F2EFEE\">\n\n  <h3><a href=\"https://github.com/ritwiktrivedi/ROE-Master-Snippets-File\" target=\"_blank\" rel=\"noopener nofollow ugc\">GitHub - ritwiktrivedi/ROE-Master-Snippets-File</a></h3>\n\n    <p><span class=\"github-repo-description\">Contribute to ritwiktrivedi/ROE-Master-Snippets-File development by creating an account on GitHub.</span></p>\n</div>\n\n  </article>\n\n  <div class=\"onebox-metadata\">\n    \n    \n  </div>\n\n  <div style=\"clear: both\"></div>\n</aside>\n\n<p>This is a repo some of us have been working on. It not complete but we are getting there. PRs are appreciated.</p>\n<p>Thanks to the course team for giving us this idea of having snippets for common operations.</p>",
        "post_number": 1,
        "post_type": 1,
        "posts_count": 5,
        "updated_at": "2025-03-03T11:29:06.617Z",
        "reply_count": 0,
        "reply_to_post_number": null,
        "quote_count": 0,
        "incoming_link_count": 1,
        "reads": 115,
        "readers_count": 114,
        "score": 58.0,
        "yours": false,
        "topic_id": 168901,
        "topic_slug": "roe-common-snippets-repo-feb-2025",
        "display_username": "Ritwik Trivedi",
        "primary_group_name": "ds-students",
        "flair_name": "ds-students",
        "flair_url": null,
        "flair_bg_color": "",
        "flair_color": "",
        "flair_group_id": 294,
        "badges_granted": [],
        "version": 2,
        "can_edit": false,
        "can_delete": false,
        "can_recover": false,
        "can_see_hidden_post": false,
        "can_wiki": false,
        "link_counts": [
          {
            "url": "https://github.com/ritwiktrivedi/ROE-Master-Snippets-File",
            "internal": false,
            "reflection": false,
            "title": "GitHub - ritwiktrivedi/ROE-Master-Snippets-File",
            "clicks": 31
          }
        ],
        "read": true,
        "user_title": null,
        "bookmarked": false,
        "actions_summary": [
          {
            "id": 2,
            "count": 2,
            "can_act": true
          },
          {
            "id": 6,
            "can_act": true
          },
          {
            "id": 3,
            "can_act": true
          },
          {
            "id": 4,
            "can_act": true
          },
          {
            "id": 8,
            "can_act": true
          },
          {
            "id": 10,
            "can_act": true
          },
          {
            "id": 7,
            "can_act": true
          }
        ],
        "moderator": false,
        "admin": false,
        "staff": false,
        "user_id": 8725,
        "hidden": false,
        "trust_level": 1,
        "deleted_at": null,
        "user_deleted": false,
        "edit_reason": null,
        "can_view_edit_history": true,
        "wiki": false,
        "post_url": "/t/roe-common-snippets-repo-feb-2025/168901/1",
        "user_cakedate": "2021-12-30",
        "reactions": [
          {
            "id": "heart",
            "type": "emoji",
            "count": 2
          }
        ],
        "current_user_reaction": null,
        "reaction_users_count": 2,
        "current_user_used_main_reaction": false,
        "can_accept_answer": false,
        "can_unaccept_answer": false,
        "accepted_answer": false,
        "topic_accepted_answer": null,
        "can_vote": false
      },
      {
        "id": 601922,
        "name": "Ritwik Trivedi",
        "username": "22f1000120",
        "avatar_template": "/user_avatar/discourse.onlinedegree.iitm.ac.in/22f1000120/{size}/119261_2.png",
        "created_at": "2025-03-01T21:08:47.201Z",
        "cooked": "<p>I am too sleepy to work on it now… So seriously… PRs are not only appreciated but needed. Just add the basic parsing code or image manipulation for ga5. I will try and add in the morning but who doesn’t like Good PRs? Also mentioning <a class=\"mention\" href=\"/u/23f2005325\">@23f2005325</a> (Aishik) here for his wonderful PR which I have now merged.</p>",
        "post_number": 2,
        "post_type": 1,
        "posts_count": 5,
        "updated_at": "2025-03-01T21:08:47.201Z",
        "reply_count": 1,
        "reply_to_post_number": null,
        "quote_count": 0,
        "incoming_link_count": 0,
        "reads": 101,
        "readers_count": 100,
        "score": 40.2,
        "yours": false,
        "topic_id": 168901,
        "topic_slug": "roe-common-snippets-repo-feb-2025",
        "display_username": "Ritwik Trivedi",
        "primary_group_name": "ds-students",
        "flair_name": "ds-students",
        "flair_url": null,
        "flair_bg_color": "",
        "flair_color": "",
        "flair_group_id": 294,
        "badges_granted": [],
        "version": 1,
        "can_edit": false,
        "can_delete": false,
        "can_recover": false,
        "can_see_hidden_post": false,
        "can_wiki": false,
        "read": true,
        "user_title": null,
        "bookmarked": false,
        "actions_summary": [
          {
            "id": 2,
            "count": 1,
            "can_act": true
          },
          {
            "id": 6,
            "can_act": true
          },
          {
            "id": 3,
            "can_act": true
          },
          {
            "id": 4,
            "can_act": true
          },
          {
            "id": 8,
            "can_act": true
          },
          {
            "id": 10,
            "can_act": true
          },
          {
            "id": 7,
            "can_act": true
          }
        ],
        "moderator": false,
        "admin": false,
        "staff": false,
        "user_id": 8725,
        "hidden": false,
        "trust_level": 1,
        "deleted_at": null,
        "user_deleted": false,
        "edit_reason": null,
        "can_view_edit_history": true,
        "wiki": false,
        "post_url": "/t/roe-common-snippets-repo-feb-2025/168901/2",
        "user_cakedate": "2021-12-30",
        "reactions": [
          {
            "id": "heart",
            "type": "emoji",
            "count": 1
          }
        ],
        "current_user_reaction": null,
        "reaction_users_count": 1,
        "current_user_used_main_reaction": false,
        "can_accept_answer": false,
        "can_unaccept_answer": false,
        "accepted_answer": false,
        "topic_accepted_answer": null
      },
      {
        "id": 601930,
        "name": "B R GIRI SUBRAHMANYA",
        "username": "23f2000573",
        "avatar_template": "/user_avatar/discourse.onlinedegree.iitm.ac.in/23f2000573/{size}/68306_2.png",
        "created_at": "2025-03-01T23:15:51.991Z",
        "cooked": "<p>hi, thanks to you and the other contributors for the effort</p>\n<p>i have added llm week-3 codes through pull request. my code my not be perfect. but when I ran it in my laptop, it worked fine. pls do verify once before ROE</p>",
        "post_number": 3,
        "post_type": 1,
        "posts_count": 5,
        "updated_at": "2025-03-01T23:16:59.705Z",
        "reply_count": 0,
        "reply_to_post_number": 2,
        "quote_count": 0,
        "incoming_link_count": 0,
        "reads": 85,
        "readers_count": 84,
        "score": 47.0,
        "yours": false,
        "topic_id": 168901,
        "topic_slug": "roe-common-snippets-repo-feb-2025",
        "display_username": "B R GIRI SUBRAHMANYA",
        "primary_group_name": "ds-students",
        "flair_name": "ds-students",
        "flair_url": null,
        "flair_bg_color": "",
        "flair_color": "",
        "flair_group_id": 294,
        "badges_granted": [],
        "version": 1,
        "can_edit": false,
        "can_delete": false,
        "can_recover": false,
        "can_see_hidden_post": false,
        "can_wiki": false,
        "read": true,
        "user_title": "",
        "reply_to_user": {
          "id": 8725,
          "username": "22f1000120",
          "name": "Ritwik Trivedi",
          "avatar_template": "/user_avatar/discourse.onlinedegree.iitm.ac.in/22f1000120/{size}/119261_2.png"
        },
        "bookmarked": false,
        "actions_summary": [
          {
            "id": 2,
            "count": 2,
            "can_act": true
          },
          {
            "id": 6,
            "can_act": true
          },
          {
            "id": 3,
            "can_act": true
          },
          {
            "id": 4,
            "can_act": true
          },
          {
            "id": 8,
            "can_act": true
          },
          {
            "id": 10,
            "can_act": true
          },
          {
            "id": 7,
            "can_act": true
          }
        ],
        "moderator": false,
        "admin": false,
        "staff": false,
        "user_id": 17736,
        "hidden": false,
        "trust_level": 1,
        "deleted_at": null,
        "user_deleted": false,
        "edit_reason": null,
        "can_view_edit_history": true,
        "wiki": false,
        "post_url": "/t/roe-common-snippets-repo-feb-2025/168901/3",
        "user_cakedate": "2023-06-03",
        "reactions": [
          {
            "id": "heart",
            "type": "emoji",
            "count": 2
          }
        ],
        "current_user_reaction": null,
        "reaction_users_count": 2,
        "current_user_used_main_reaction": false,
        "can_accept_answer": false,
        "can_unaccept_answer": false,
        "accepted_answer": false,
        "topic_accepted_answer": null
      },
      {
        "id": 601969,
        "name": "Ritwik Trivedi",
        "username": "22f1000120",
        "avatar_template": "/user_avatar/discourse.onlinedegree.iitm.ac.in/22f1000120/{size}/119261_2.png",
        "created_at": "2025-03-02T03:51:09.190Z",
        "cooked": "<p><div class=\"lightbox-wrapper\"><a class=\"lightbox\" href=\"https://europe1.discourse-cdn.com/flex013/uploads/iitm/original/3X/6/4/64c7cdf7626ee50fdc262143cf9484c83a546333.png\" data-download-href=\"/uploads/short-url/enxPeq2kQrOaXna3jQIsczPnsI3.png?dl=1\" title=\"image\" rel=\"noopener nofollow ugc\"><img src=\"https://europe1.discourse-cdn.com/flex013/uploads/iitm/original/3X/6/4/64c7cdf7626ee50fdc262143cf9484c83a546333.png\" alt=\"image\" data-base62-sha1=\"enxPeq2kQrOaXna3jQIsczPnsI3\" width=\"401\" height=\"374\"><div class=\"meta\"><svg class=\"fa d-icon d-icon-far-image svg-icon\" aria-hidden=\"true\"><use href=\"#far-image\"></use></svg><span class=\"filename\">image</span><span class=\"informations\">401×374 21 KB</span><svg class=\"fa d-icon d-icon-discourse-expand svg-icon\" aria-hidden=\"true\"><use href=\"#discourse-expand\"></use></svg></div></a></div><br>\nThis looks beautiful <img src=\"https://emoji.discourse-cdn.com/google/heart.png?v=12\" title=\":heart:\" class=\"emoji\" alt=\":heart:\" loading=\"lazy\" width=\"20\" height=\"20\"></p>",
        "post_number": 4,
        "post_type": 1,
        "posts_count": 5,
        "updated_at": "2025-03-02T03:51:09.190Z",
        "reply_count": 1,
        "reply_to_post_number": null,
        "quote_count": 0,
        "incoming_link_count": 0,
        "reads": 78,
        "readers_count": 77,
        "score": 50.6,
        "yours": false,
        "topic_id": 168901,
        "topic_slug": "roe-common-snippets-repo-feb-2025",
        "display_username": "Ritwik Trivedi",
        "primary_group_name": "ds-students",
        "flair_name": "ds-students",
        "flair_url": null,
        "flair_bg_color": "",
        "flair_color": "",
        "flair_group_id": 294,
        "badges_granted": [],
        "version": 1,
        "can_edit": false,
        "can_delete": false,
        "can_recover": false,
        "can_see_hidden_post": false,
        "can_wiki": false,
        "read": true,
        "user_title": null,
        "bookmarked": false,
        "actions_summary": [
          {
            "id": 2,
            "count": 2,
            "can_act": true
          },
          {
            "id": 6,
            "can_act": true
          },
          {
            "id": 3,
            "can_act": true
          },
          {
            "id": 4,
            "can_act": true
          },
          {
            "id": 8,
            "can_act": true
          },
          {
            "id": 10,
            "can_act": true
          },
          {
            "id": 7,
            "can_act": true
          }
        ],
        "moderator": false,
        "admin": false,
        "staff": false,
        "user_id": 8725,
        "hidden": false,
        "trust_level": 1,
        "deleted_at": null,
        "user_deleted": false,
        "edit_reason": null,
        "can_view_edit_history": true,
        "wiki": false,
        "post_url": "/t/roe-common-snippets-repo-feb-2025/168901/4",
        "user_cakedate": "2021-12-30",
        "reactions": [
          {
            "id": "heart",
            "type": "emoji",
            "count": 2
          }
        ],
        "current_user_reaction": null,
        "reaction_users_count": 2,
        "current_user_used_main_reaction": false,
        "can_accept_answer": false,
        "can_unaccept_answer": false,
        "accepted_answer": false,
        "topic_accepted_answer": null
      },
      {
        "id": 602335,
        "name": "Ritwik Trivedi",
        "username": "22f1000120",
        "avatar_template": "/user_avatar/discourse.onlinedegree.iitm.ac.in/22f1000120/{size}/119261_2.png",
        "created_at": "2025-03-02T11:27:20.581Z",
        "cooked": "<p>Failure is part of life. My laptop hanged and despite having all the needed resources I panicked and the exam went the way it went. I take this as a lesson. This resource will be refined further. I thank everyone involved. I am glad that many benefitted and were actually able to score well.</p>",
        "post_number": 5,
        "post_type": 1,
        "posts_count": 5,
        "updated_at": "2025-03-02T11:27:20.581Z",
        "reply_count": 0,
        "reply_to_post_number": 4,
        "quote_count": 0,
        "incoming_link_count": 1,
        "reads": 38,
        "readers_count": 37,
        "score": 57.6,
        "yours": false,
        "topic_id": 168901,
        "topic_slug": "roe-common-snippets-repo-feb-2025",
        "display_username": "Ritwik Trivedi",
        "primary_group_name": "ds-students",
        "flair_name": "ds-students",
        "flair_url": null,
        "flair_bg_color": "",
        "flair_color": "",
        "flair_group_id": 294,
        "badges_granted": [],
        "version": 1,
        "can_edit": false,
        "can_delete": false,
        "can_recover": false,
        "can_see_hidden_post": false,
        "can_wiki": false,
        "read": false,
        "user_title": null,
        "reply_to_user": {
          "id": 8725,
          "username": "22f1000120",
          "name": "Ritwik Trivedi",
          "avatar_template": "/user_avatar/discourse.onlinedegree.iitm.ac.in/22f1000120/{size}/119261_2.png"
        },
        "bookmarked": false,
        "actions_summary": [
          {
            "id": 2,
            "count": 3,
            "can_act": true
          },
          {
            "id": 6,
            "can_act": true
          },
          {
            "id": 3,
            "can_act": true
          },
          {
            "id": 4,
            "can_act": true
          },
          {
            "id": 8,
            "can_act": true
          },
          {
            "id": 10,
            "can_act": true
          },
          {
            "id": 7,
            "can_act": true
          }
        ],
        "moderator": false,
        "admin": false,
        "staff": false,
        "user_id": 8725,
        "hidden": false,
        "trust_level": 1,
        "deleted_at": null,
        "user_deleted": false,
        "edit_reason": null,
        "can_view_edit_history": true,
        "wiki": false,
        "post_url": "/t/roe-common-snippets-repo-feb-2025/168901/5",
        "user_cakedate": "2021-12-30",
        "reactions": [
          {
            "id": "heart",
            "type": "emoji",
            "count": 3
          }
        ],
        "current_user_reaction": null,
        "reaction_users_count": 3,
        "current_user_used_main_reaction": false,
        "can_accept_answer": false,
        "can_unaccept_answer": false,
        "accepted_answer": false,
        "topic_accepted_answer": null
      }
    ],
    "stream": [
      601917,
      601922,
      601930,
      601969,
      602335
    ]
  },
  "timeline_lookup": [
    [
      1,
      260
    ]
  ],
  "suggested_topics": [
    {
      "fancy_title": "Submission Issue",
      "id": 191628,
      "title": "Submission Issue",
      "slug": "submission-issue",
      "posts_count": 1,
      "reply_count": 0,
      "highest_post_number": 1,
      "image_url": "https://europe1.discourse-cdn.com/flex013/uploads/iitm/optimized/3X/4/4/44dc3c61e92c828ce41f420245a133ac58e7488c_2_1024x576.png",
      "created_at": "2025-11-16T18:34:00.062Z",
      "last_posted_at": "2025-11-16T18:34:00.258Z",
      "bumped": true,
      "bumped_at": "2025-11-16T18:34:00.258Z",
      "archetype": "regular",
      "unseen": true,
      "pinned": false,
      "unpinned": null,
      "visible": true,
      "closed": false,
      "archived": false,
      "bookmarked": null,
      "liked": null,
      "tags": [
        "clarification",
        "operational",
        "term3-2025"
      ],
      "tags_descriptions": {},
      "like_count": 0,
      "views": 7,
      "category_id": 34,
      "featured_link": null,
      "has_accepted_answer": false,
      "posters": [
        {
          "extras": "latest single",
          "description": "Original Poster, Most Recent Poster",
          "user": {
            "id": 18836,
            "username": "23f2003033",
            "name": "Vedang Pawar",
            "avatar_template": "/user_avatar/discourse.onlinedegree.iitm.ac.in/23f2003033/{size}/67243_2.png",
            "primary_group_name": "ds-students",
            "flair_name": "ds-students",
            "flair_group_id": 294,
            "trust_level": 1
          }
        }
      ]
    }
  ],
  "tags": [
    "extra-resources",
    "term1-2025",
    "tds-roe"
  ],
  "tags_descriptions": {},
  "fancy_title": "ROE Common Snippets Repo Feb 2025",
  "id": 168901,
  "title": "ROE Common Snippets Repo Feb 2025",
  "posts_count": 5,
  "created_at": "2025-03-01T21:00:34.798Z",
  "views": 152,
  "reply_count": 2,
  "like_count": 10,
  "last_posted_at": "2025-03-02T11:27:20.581Z",
  "visible": true,
  "closed": false,
  "archived": false,
  "has_summary": false,
  "archetype": "regular",
  "slug": "roe-common-snippets-repo-feb-2025",
  "category_id": 34,
  "word_count": 211,
  "deleted_at": null,
  "user_id": 8725,
  "featured_link": null,
  "pinned_globally": false,
  "pinned_at": null,
  "pinned_until": null,
  "image_url": "https://europe1.discourse-cdn.com/flex013/uploads/iitm/optimized/3X/4/7/4780e9efee3fee9a734598aa75a48693828aadb0_2_1024x512.png",
  "slow_mode_seconds": 0,
  "draft": null,
  "draft_key": "topic_168901",
  "draft_sequence": 0,
  "posted": false,
  "unpinned": null,
  "pinned": false,
  "current_post_number": 1,
  "highest_post_number": 5,
  "last_read_post_number": 4,
  "last_read_post_id": 601969,
  "deleted_by": null,
  "actions_summary": [
    {
      "id": 4,
      "count": 0,
      "hidden": false,
      "can_act": true
    },
    {
      "id": 8,
      "count": 0,
      "hidden": false,
      "can_act": true
    },
    {
      "id": 10,
      "count": 0,
      "hidden": false,
      "can_act": true
    },
    {
      "id": 7,
      "count": 0,
      "hidden": false,
      "can_act": true
    }
  ],
  "chunk_size": 20,
  "bookmarked": false,
  "topic_timer": null,
  "message_bus_last_id": 0,
  "participant_count": 2,
  "show_read_indicator": false,
  "thumbnails": [
    {
      "max_width": null,
      "max_height": null,
      "width": 1200,
      "height": 600,
      "url": "https://europe1.discourse-cdn.com/flex013/uploads/iitm/original/3X/4/7/4780e9efee3fee9a734598aa75a48693828aadb0.png"
    },
    {
      "max_width": 1024,
      "max_height": 1024,
      "width": 1024,
      "height": 512,
      "url": "https://europe1.discourse-cdn.com/flex013/uploads/iitm/optimized/3X/4/7/4780e9efee3fee9a734598aa75a48693828aadb0_2_1024x512.png"
    }
  ],
  "slow_mode_enabled_until": null,
  "tags_disable_ads": false,
  "related_topics": [
    {
      "fancy_title": "DOUBT in Scraping Web",
      "id": 55114,
      "title": "DOUBT in Scraping Web",
      "slug": "doubt-in-scraping-web",
      "posts_count": 1,
      "reply_count": 0,
      "highest_post_number": 1,
      "image_url": null,
      "created_at": "2022-06-25T16:20:55.400Z",
      "last_posted_at": "2022-06-25T16:20:55.514Z",
      "bumped": true,
      "bumped_at": "2022-06-25T16:20:55.514Z",
      "archetype": "regular",
      "unseen": false,
      "pinned": false,
      "unpinned": null,
      "visible": true,
      "closed": false,
      "archived": false,
      "bookmarked": null,
      "liked": null,
      "tags": [
        "activity-question"
      ],
      "tags_descriptions": {},
      "like_count": 0,
      "views": 67,
      "category_id": 34,
      "featured_link": null,
      "has_accepted_answer": false,
      "posters": [
        {
          "extras": "latest single",
          "description": "Original Poster, Most Recent Poster",
          "user": {
            "id": 8141,
            "username": "22ds1000091",
            "name": "KVK",
            "avatar_template": "/user_avatar/discourse.onlinedegree.iitm.ac.in/22ds1000091/{size}/13152_2.png",
            "primary_group_name": "ds-students",
            "flair_name": "ds-students",
            "flair_group_id": 294,
            "trust_level": 1
          }
        }
      ]
    },
    {
      "fancy_title": "ROE confussion",
      "id": 55091,
      "title": "ROE confussion",
      "slug": "roe-confussion",
      "posts_count": 1,
      "reply_count": 0,
      "highest_post_number": 1,
      "image_url": "https://europe1.discourse-cdn.com/flex013/uploads/iitm/original/3X/c/f/cf530ac611cef2b704c2db63f771ec57b6e08883.jpeg",
      "created_at": "2022-06-25T15:14:44.257Z",
      "last_posted_at": "2022-06-25T15:14:44.402Z",
      "bumped": true,
      "bumped_at": "2022-06-25T15:14:44.402Z",
      "archetype": "regular",
      "unseen": false,
      "pinned": false,
      "unpinned": null,
      "visible": true,
      "closed": false,
      "archived": false,
      "bookmarked": null,
      "liked": null,
      "tags": [
        "clarification"
      ],
      "tags_descriptions": {},
      "like_count": 0,
      "views": 48,
      "category_id": 34,
      "featured_link": null,
      "has_accepted_answer": false,
      "posters": [
        {
          "extras": "latest single",
          "description": "Original Poster, Most Recent Poster",
          "user": {
            "id": 2107,
            "username": "ParagSarkar",
            "name": "Parag Sarkar",
            "avatar_template": "/user_avatar/discourse.onlinedegree.iitm.ac.in/paragsarkar/{size}/383_2.png",
            "primary_group_name": "ds-students",
            "flair_name": "ds-students",
            "flair_group_id": 294,
            "trust_level": 1
          }
        }
      ]
    },
    {
      "fancy_title": "TDS_ROE (25th June 22) All Details here",
      "id": 54511,
      "title": "TDS_ROE (25th June 22) All Details here",
      "slug": "tds-roe-25th-june-22-all-details-here",
      "posts_count": 3,
      "reply_count": 0,
      "highest_post_number": 3,
      "image_url": "https://europe1.discourse-cdn.com/flex013/uploads/iitm/optimized/3X/f/c/fc2259e3a40dd3d62fd550cd170a2780c739409a_2_1024x427.png",
      "created_at": "2022-06-21T20:47:44.282Z",
      "last_posted_at": "2022-06-23T20:54:38.245Z",
      "bumped": true,
      "bumped_at": "2022-06-23T20:54:38.245Z",
      "archetype": "regular",
      "unseen": false,
      "pinned": false,
      "unpinned": null,
      "visible": true,
      "closed": false,
      "archived": false,
      "bookmarked": null,
      "liked": null,
      "tags": [
        "clarification"
      ],
      "tags_descriptions": {},
      "like_count": 10,
      "views": 350,
      "category_id": 34,
      "featured_link": null,
      "has_accepted_answer": false,
      "posters": [
        {
          "extras": "latest single",
          "description": "Original Poster, Most Recent Poster",
          "user": {
            "id": 2333,
            "username": "Nirumma",
            "name": "Niraj kumar",
            "avatar_template": "/user_avatar/discourse.onlinedegree.iitm.ac.in/nirumma/{size}/873_2.png",
            "primary_group_name": "ds-students",
            "flair_name": "ds-students",
            "flair_group_id": 294,
            "trust_level": 1
          }
        }
      ]
    },
    {
      "fancy_title": "ROE Clarification",
      "id": 54760,
      "title": "ROE Clarification",
      "slug": "roe-clarification",
      "posts_count": 17,
      "reply_count": 12,
      "highest_post_number": 17,
      "image_url": null,
      "created_at": "2022-06-23T16:33:50.558Z",
      "last_posted_at": "2022-06-25T08:08:20.903Z",
      "bumped": true,
      "bumped_at": "2022-06-25T08:08:20.903Z",
      "archetype": "regular",
      "unseen": false,
      "pinned": false,
      "unpinned": null,
      "visible": true,
      "closed": false,
      "archived": false,
      "bookmarked": null,
      "liked": null,
      "tags": [
        "clarification"
      ],
      "tags_descriptions": {},
      "like_count": 18,
      "views": 503,
      "category_id": 34,
      "featured_link": null,
      "has_accepted_answer": true,
      "posters": [
        {
          "extras": null,
          "description": "Original Poster",
          "user": {
            "id": 2662,
            "username": "Karthees_21",
            "name": "Kartheesa Vela G",
            "avatar_template": "/user_avatar/discourse.onlinedegree.iitm.ac.in/karthees_21/{size}/462_2.png",
            "primary_group_name": "ds-students",
            "flair_name": "ds-students",
            "flair_group_id": 294,
            "trust_level": 1
          }
        },
        {
          "extras": null,
          "description": "Accepted Answer",
          "user": {
            "id": 6142,
            "username": "Dixon",
            "name": "Dixon",
            "avatar_template": "/user_avatar/discourse.onlinedegree.iitm.ac.in/dixon/{size}/1027_2.png",
            "trust_level": 1
          }
        },
        {
          "extras": null,
          "description": "Frequent Poster",
          "user": {
            "id": 7075,
            "username": "21f2001028",
            "name": "Pralay ",
            "avatar_template": "/user_avatar/discourse.onlinedegree.iitm.ac.in/21f2001028/{size}/94_2.png",
            "primary_group_name": "ds-students",
            "flair_name": "ds-students",
            "flair_group_id": 294,
            "trust_level": 1
          }
        },
        {
          "extras": null,
          "description": "Frequent Poster",
          "user": {
            "id": 7374,
            "username": "Sumit2002",
            "name": "Sumit Kumar Singh",
            "avatar_template": "https://avatars.discourse-cdn.com/v4/letter/s/8797f3/{size}.png",
            "primary_group_name": "ds-students",
            "flair_name": "ds-students",
            "flair_group_id": 294,
            "trust_level": 1
          }
        },
        {
          "extras": "latest",
          "description": "Most Recent Poster",
          "user": {
            "id": 2722,
            "username": "swagat",
            "name": "Swagat",
            "avatar_template": "/user_avatar/discourse.onlinedegree.iitm.ac.in/swagat/{size}/2641_2.png",
            "primary_group_name": "ds-students",
            "flair_name": "ds-students",
            "flair_group_id": 294,
            "trust_level": 1
          }
        }
      ]
    },
    {
      "fancy_title": "My Course repository",
      "id": 58216,
      "title": "My Course repository",
      "slug": "my-course-repository",
      "posts_count": 1,
      "reply_count": 0,
      "highest_post_number": 1,
      "image_url": null,
      "created_at": "2022-07-19T07:47:16.062Z",
      "last_posted_at": "2022-07-19T07:47:16.196Z",
      "bumped": true,
      "bumped_at": "2022-07-19T07:47:16.196Z",
      "archetype": "regular",
      "unseen": false,
      "pinned": false,
      "unpinned": null,
      "visible": true,
      "closed": false,
      "archived": false,
      "bookmarked": null,
      "liked": null,
      "tags": [
        "extra-resources"
      ],
      "tags_descriptions": {},
      "like_count": 6,
      "views": 69,
      "category_id": 33,
      "featured_link": null,
      "has_accepted_answer": false,
      "posters": [
        {
          "extras": "latest single",
          "description": "Original Poster, Most Recent Poster",
          "user": {
            "id": 8245,
            "username": "Viswajith",
            "name": "Viswajith E S",
            "avatar_template": "/user_avatar/discourse.onlinedegree.iitm.ac.in/viswajith/{size}/12651_2.png",
            "primary_group_name": "ds-students",
            "flair_name": "ds-students",
            "flair_group_id": 294,
            "trust_level": 1
          }
        }
      ]
    }
  ],
  "summarizable": true,
  "valid_reactions": [
    "heart",
    "+1",
    "laughing",
    "open_mouth",
    "clap",
    "confetti_ball",
    "rocket",
    "-1"
  ],
  "can_vote": false,
  "vote_count": 0,
  "user_voted": false,
  "discourse_zendesk_plugin_zendesk_id": null,
  "discourse_zendesk_plugin_zendesk_url": "https://your-url.zendesk.com/agent/tickets/",
  "details": {
    "can_edit": false,
    "notification_level": 1,
    "notifications_reason_id": null,
    "can_create_post": true,
    "can_reply_as_new_topic": true,
    "can_flag_topic": true,
    "participants": [
      {
        "id": 8725,
        "username": "22f1000120",
        "name": "Ritwik Trivedi",
        "avatar_template": "/user_avatar/discourse.onlinedegree.iitm.ac.in/22f1000120/{size}/119261_2.png",
        "post_count": 4,
        "primary_group_name": "ds-students",
        "flair_name": "ds-students",
        "flair_url": null,
        "flair_color": "",
        "flair_bg_color": "",
        "flair_group_id": 294,
        "trust_level": 1
      },
      {
        "id": 17736,
        "username": "23f2000573",
        "name": "B R GIRI SUBRAHMANYA",
        "avatar_template": "/user_avatar/discourse.onlinedegree.iitm.ac.in/23f2000573/{size}/68306_2.png",
        "post_count": 1,
        "primary_group_name": "ds-students",
        "flair_name": "ds-students",
        "flair_url": null,
        "flair_color": "",
        "flair_bg_color": "",
        "flair_group_id": 294,
        "trust_level": 1
      }
    ],
    "created_by": {
      "id": 8725,
      "username": "22f1000120",
      "name": "Ritwik Trivedi",
      "avatar_template": "/user_avatar/discourse.onlinedegree.iitm.ac.in/22f1000120/{size}/119261_2.png"
    },
    "last_poster": {
      "id": 8725,
      "username": "22f1000120",
      "name": "Ritwik Trivedi",
      "avatar_template": "/user_avatar/discourse.onlinedegree.iitm.ac.in/22f1000120/{size}/119261_2.png"
    },
    "links": [
      {
        "url": "https://github.com/ritwiktrivedi/ROE-Master-Snippets-File",
        "title": "GitHub - ritwiktrivedi/ROE-Master-Snippets-File",
        "internal": false,
        "attachment": false,
        "reflection": false,
        "clicks": 31,
        "user_id": 8725,
        "domain": "github.com",
        "root_domain": "github.com"
      }
    ]
  },
  "pending_posts": [],
  "bookmarks": []
}