{
  "post_stream": {
    "posts": [
      {
        "id": 595549,
        "name": "Vishal Baraiya",
        "username": "TheVishal",
        "avatar_template": "/user_avatar/discourse.onlinedegree.iitm.ac.in/thevishal/{size}/110717_2.png",
        "created_at": "2025-02-15T16:55:08.372Z",
        "cooked": "<p><a class=\"mention\" href=\"/u/s.anand\">@s.anand</a> <a class=\"mention\" href=\"/u/carlton\">@carlton</a> <a class=\"mention\" href=\"/u/jivraj\">@Jivraj</a></p>\n<h1>Please extend the deadline please.</h1> \n<p><div class=\"lightbox-wrapper\"><a class=\"lightbox\" href=\"https://europe1.discourse-cdn.com/flex013/uploads/iitm/original/3X/7/7/7742d688f4b033b15ac1a4af0c1f2eda19c31093.jpeg\" data-download-href=\"/uploads/short-url/h121afIIBiw80GQnTpkJE1e94LF.jpeg?dl=1\" title=\"88394c0c2e80a1326cfffe020684be4a\" rel=\"noopener nofollow ugc\"><img src=\"https://europe1.discourse-cdn.com/flex013/uploads/iitm/original/3X/7/7/7742d688f4b033b15ac1a4af0c1f2eda19c31093.jpeg\" alt=\"88394c0c2e80a1326cfffe020684be4a\" data-base62-sha1=\"h121afIIBiw80GQnTpkJE1e94LF\" width=\"480\" height=\"270\"><div class=\"meta\"><svg class=\"fa d-icon d-icon-far-image svg-icon\" aria-hidden=\"true\"><use href=\"#far-image\"></use></svg><span class=\"filename\">88394c0c2e80a1326cfffe020684be4a</span><span class=\"informations\">480×270 10.3 KB</span><svg class=\"fa d-icon d-icon-discourse-expand svg-icon\" aria-hidden=\"true\"><use href=\"#discourse-expand\"></use></svg></div></a></div></p>",
        "post_number": 1,
        "post_type": 1,
        "posts_count": 13,
        "updated_at": "2025-02-15T20:11:45.865Z",
        "reply_count": 1,
        "reply_to_post_number": null,
        "quote_count": 0,
        "incoming_link_count": 5,
        "reads": 216,
        "readers_count": 215,
        "score": 283.2,
        "yours": false,
        "topic_id": 167344,
        "topic_slug": "project-1-casual-banter",
        "display_username": "Vishal Baraiya",
        "primary_group_name": "ds-students",
        "flair_name": "ds-students",
        "flair_url": null,
        "flair_bg_color": "",
        "flair_color": "",
        "flair_group_id": 294,
        "badges_granted": [],
        "version": 1,
        "can_edit": false,
        "can_delete": false,
        "can_recover": false,
        "can_see_hidden_post": false,
        "can_wiki": false,
        "link_counts": [
          {
            "url": "https://discourse.onlinedegree.iitm.ac.in/t/project-1-llm-based-automation-agent-discussion-thread-tds-jan-2025/164277/462",
            "internal": true,
            "reflection": true,
            "title": "Project 1 - LLM-based Automation Agent - Discussion Thread [TDS Jan 2025]",
            "clicks": 1
          }
        ],
        "read": false,
        "user_title": null,
        "bookmarked": false,
        "actions_summary": [
          {
            "id": 2,
            "count": 14,
            "can_act": true
          },
          {
            "id": 6,
            "can_act": true
          },
          {
            "id": 3,
            "can_act": true
          },
          {
            "id": 4,
            "can_act": true
          },
          {
            "id": 8,
            "can_act": true
          },
          {
            "id": 10,
            "can_act": true
          },
          {
            "id": 7,
            "can_act": true
          }
        ],
        "moderator": false,
        "admin": false,
        "staff": false,
        "user_id": 22294,
        "hidden": false,
        "trust_level": 1,
        "deleted_at": null,
        "user_deleted": false,
        "edit_reason": null,
        "can_view_edit_history": true,
        "wiki": false,
        "post_url": "/t/project-1-casual-banter/167344/1",
        "user_cakedate": "2023-09-19",
        "user_birthdate": "1904-07-12",
        "reactions": [
          {
            "id": "heart",
            "type": "emoji",
            "count": 9
          },
          {
            "id": "laughing",
            "type": "emoji",
            "count": 4
          },
          {
            "id": "confetti_ball",
            "type": "emoji",
            "count": 1
          }
        ],
        "current_user_reaction": null,
        "reaction_users_count": 14,
        "current_user_used_main_reaction": false,
        "can_accept_answer": false,
        "can_unaccept_answer": false,
        "accepted_answer": false,
        "topic_accepted_answer": true,
        "can_vote": false
      },
      {
        "id": 595551,
        "name": "Carlton D'Silva",
        "username": "carlton",
        "avatar_template": "/user_avatar/discourse.onlinedegree.iitm.ac.in/carlton/{size}/56317_2.png",
        "created_at": "2025-02-15T16:56:02.051Z",
        "cooked": "<p>Done <img src=\"https://emoji.discourse-cdn.com/google/slight_smile.png?v=12\" title=\":slight_smile:\" class=\"emoji\" alt=\":slight_smile:\" loading=\"lazy\" width=\"20\" height=\"20\"></p>\n<p>Kind regards<br>\nCant say no to a fuzzy wuzzy cat <img src=\"https://emoji.discourse-cdn.com/google/heart_eyes.png?v=12\" title=\":heart_eyes:\" class=\"emoji\" alt=\":heart_eyes:\" loading=\"lazy\" width=\"20\" height=\"20\"></p>",
        "post_number": 2,
        "post_type": 1,
        "posts_count": 13,
        "updated_at": "2025-02-15T20:11:45.877Z",
        "reply_count": 5,
        "reply_to_post_number": 1,
        "quote_count": 0,
        "incoming_link_count": 1,
        "reads": 199,
        "readers_count": 198,
        "score": 309.8,
        "yours": false,
        "topic_id": 167344,
        "topic_slug": "project-1-casual-banter",
        "display_username": "Carlton D'Silva",
        "primary_group_name": "ds-students",
        "flair_name": "ds-students",
        "flair_url": null,
        "flair_bg_color": "",
        "flair_color": "",
        "flair_group_id": 294,
        "badges_granted": [],
        "version": 1,
        "can_edit": false,
        "can_delete": false,
        "can_recover": false,
        "can_see_hidden_post": false,
        "can_wiki": false,
        "read": false,
        "user_title": "Regular",
        "title_is_group": false,
        "reply_to_user": {
          "id": 22294,
          "username": "TheVishal",
          "name": "Vishal Baraiya",
          "avatar_template": "/user_avatar/discourse.onlinedegree.iitm.ac.in/thevishal/{size}/110717_2.png"
        },
        "bookmarked": false,
        "actions_summary": [
          {
            "id": 2,
            "count": 16,
            "can_act": true
          },
          {
            "id": 6,
            "can_act": true
          },
          {
            "id": 3,
            "can_act": true
          },
          {
            "id": 4,
            "can_act": true
          },
          {
            "id": 8,
            "can_act": true
          },
          {
            "id": 10,
            "can_act": true
          },
          {
            "id": 7,
            "can_act": true
          }
        ],
        "moderator": false,
        "admin": false,
        "staff": false,
        "group_moderator": true,
        "user_id": 16094,
        "hidden": false,
        "trust_level": 3,
        "deleted_at": null,
        "user_deleted": false,
        "edit_reason": null,
        "can_view_edit_history": true,
        "wiki": false,
        "post_url": "/t/project-1-casual-banter/167344/2",
        "user_cakedate": "2023-01-25",
        "reactions": [
          {
            "id": "heart",
            "type": "emoji",
            "count": 11
          },
          {
            "id": "laughing",
            "type": "emoji",
            "count": 4
          },
          {
            "id": "open_mouth",
            "type": "emoji",
            "count": 1
          }
        ],
        "current_user_reaction": null,
        "reaction_users_count": 16,
        "current_user_used_main_reaction": false,
        "can_accept_answer": false,
        "can_unaccept_answer": false,
        "accepted_answer": true,
        "topic_accepted_answer": true
      },
      {
        "id": 595552,
        "name": "Ayush Tiwari",
        "username": "AyushTiwari",
        "avatar_template": "/user_avatar/discourse.onlinedegree.iitm.ac.in/ayushtiwari/{size}/124622_2.png",
        "created_at": "2025-02-15T16:59:12.129Z",
        "cooked": "<p>Thank you very much you do not know but your 1 reply made my heart feels good<br>\n(literally)</p>",
        "post_number": 3,
        "post_type": 1,
        "posts_count": 13,
        "updated_at": "2025-02-15T20:11:45.880Z",
        "reply_count": 1,
        "reply_to_post_number": 2,
        "quote_count": 0,
        "incoming_link_count": 1,
        "reads": 198,
        "readers_count": 197,
        "score": 79.6,
        "yours": false,
        "topic_id": 167344,
        "topic_slug": "project-1-casual-banter",
        "display_username": "Ayush Tiwari",
        "primary_group_name": "ds-students",
        "flair_name": "ds-students",
        "flair_url": null,
        "flair_bg_color": "",
        "flair_color": "",
        "flair_group_id": 294,
        "badges_granted": [],
        "version": 1,
        "can_edit": false,
        "can_delete": false,
        "can_recover": false,
        "can_see_hidden_post": false,
        "can_wiki": false,
        "read": false,
        "user_title": "",
        "reply_to_user": {
          "id": 16094,
          "username": "carlton",
          "name": "Carlton D'Silva",
          "avatar_template": "/user_avatar/discourse.onlinedegree.iitm.ac.in/carlton/{size}/56317_2.png"
        },
        "bookmarked": false,
        "actions_summary": [
          {
            "id": 2,
            "count": 2,
            "can_act": true
          },
          {
            "id": 6,
            "can_act": true
          },
          {
            "id": 3,
            "can_act": true
          },
          {
            "id": 4,
            "can_act": true
          },
          {
            "id": 8,
            "can_act": true
          },
          {
            "id": 10,
            "can_act": true
          },
          {
            "id": 7,
            "can_act": true
          }
        ],
        "moderator": false,
        "admin": false,
        "staff": false,
        "user_id": 16921,
        "hidden": false,
        "trust_level": 1,
        "deleted_at": null,
        "user_deleted": false,
        "edit_reason": null,
        "can_view_edit_history": true,
        "wiki": false,
        "post_url": "/t/project-1-casual-banter/167344/3",
        "user_cakedate": "2023-02-23",
        "user_birthdate": "1904-09-20",
        "reactions": [
          {
            "id": "heart",
            "type": "emoji",
            "count": 2
          }
        ],
        "current_user_reaction": null,
        "reaction_users_count": 2,
        "current_user_used_main_reaction": false,
        "can_accept_answer": false,
        "can_unaccept_answer": false,
        "accepted_answer": false,
        "topic_accepted_answer": true
      },
      {
        "id": 595553,
        "name": "Kumar Rishabh ",
        "username": "Rishabh2",
        "avatar_template": "/user_avatar/discourse.onlinedegree.iitm.ac.in/rishabh2/{size}/66901_2.png",
        "created_at": "2025-02-15T16:59:38.060Z",
        "cooked": "<p>What’s the new date sir</p>",
        "post_number": 4,
        "post_type": 1,
        "posts_count": 13,
        "updated_at": "2025-02-15T20:11:45.883Z",
        "reply_count": 2,
        "reply_to_post_number": 2,
        "quote_count": 0,
        "incoming_link_count": 2,
        "reads": 197,
        "readers_count": 196,
        "score": 74.4,
        "yours": false,
        "topic_id": 167344,
        "topic_slug": "project-1-casual-banter",
        "display_username": "Kumar Rishabh ",
        "primary_group_name": "ds-students",
        "flair_name": "ds-students",
        "flair_url": null,
        "flair_bg_color": "",
        "flair_color": "",
        "flair_group_id": 294,
        "badges_granted": [],
        "version": 1,
        "can_edit": false,
        "can_delete": false,
        "can_recover": false,
        "can_see_hidden_post": false,
        "can_wiki": false,
        "read": false,
        "user_title": null,
        "reply_to_user": {
          "id": 16094,
          "username": "carlton",
          "name": "Carlton D'Silva",
          "avatar_template": "/user_avatar/discourse.onlinedegree.iitm.ac.in/carlton/{size}/56317_2.png"
        },
        "bookmarked": false,
        "actions_summary": [
          {
            "id": 2,
            "count": 1,
            "can_act": true
          },
          {
            "id": 6,
            "can_act": true
          },
          {
            "id": 3,
            "can_act": true
          },
          {
            "id": 4,
            "can_act": true
          },
          {
            "id": 8,
            "can_act": true
          },
          {
            "id": 10,
            "can_act": true
          },
          {
            "id": 7,
            "can_act": true
          }
        ],
        "moderator": false,
        "admin": false,
        "staff": false,
        "user_id": 20017,
        "hidden": false,
        "trust_level": 1,
        "deleted_at": null,
        "user_deleted": false,
        "edit_reason": null,
        "can_view_edit_history": true,
        "wiki": false,
        "post_url": "/t/project-1-casual-banter/167344/4",
        "user_cakedate": "2023-06-12",
        "reactions": [
          {
            "id": "heart",
            "type": "emoji",
            "count": 1
          }
        ],
        "current_user_reaction": null,
        "reaction_users_count": 1,
        "current_user_used_main_reaction": false,
        "can_accept_answer": false,
        "can_unaccept_answer": false,
        "accepted_answer": false,
        "topic_accepted_answer": true
      },
      {
        "id": 595554,
        "name": "Md anas alam",
        "username": "22f3000639",
        "avatar_template": "/user_avatar/discourse.onlinedegree.iitm.ac.in/22f3000639/{size}/97349_2.png",
        "created_at": "2025-02-15T16:59:47.595Z",
        "cooked": "<p>Now I can definitely say that a cat saved me today.</p>",
        "post_number": 5,
        "post_type": 1,
        "posts_count": 13,
        "updated_at": "2025-02-15T20:11:45.886Z",
        "reply_count": 0,
        "reply_to_post_number": 2,
        "quote_count": 0,
        "incoming_link_count": 1,
        "reads": 196,
        "readers_count": 195,
        "score": 104.2,
        "yours": false,
        "topic_id": 167344,
        "topic_slug": "project-1-casual-banter",
        "display_username": "Md anas alam",
        "primary_group_name": "ds-students",
        "flair_name": "ds-students",
        "flair_url": null,
        "flair_bg_color": "",
        "flair_color": "",
        "flair_group_id": 294,
        "badges_granted": [],
        "version": 1,
        "can_edit": false,
        "can_delete": false,
        "can_recover": false,
        "can_see_hidden_post": false,
        "can_wiki": false,
        "read": false,
        "user_title": "",
        "reply_to_user": {
          "id": 16094,
          "username": "carlton",
          "name": "Carlton D'Silva",
          "avatar_template": "/user_avatar/discourse.onlinedegree.iitm.ac.in/carlton/{size}/56317_2.png"
        },
        "bookmarked": false,
        "actions_summary": [
          {
            "id": 2,
            "count": 4,
            "can_act": true
          },
          {
            "id": 6,
            "can_act": true
          },
          {
            "id": 3,
            "can_act": true
          },
          {
            "id": 4,
            "can_act": true
          },
          {
            "id": 8,
            "can_act": true
          },
          {
            "id": 10,
            "can_act": true
          },
          {
            "id": 7,
            "can_act": true
          }
        ],
        "moderator": false,
        "admin": false,
        "staff": false,
        "user_id": 16464,
        "hidden": false,
        "trust_level": 1,
        "deleted_at": null,
        "user_deleted": false,
        "edit_reason": null,
        "can_view_edit_history": true,
        "wiki": false,
        "post_url": "/t/project-1-casual-banter/167344/5",
        "user_cakedate": "2023-01-27",
        "reactions": [
          {
            "id": "heart",
            "type": "emoji",
            "count": 3
          },
          {
            "id": "laughing",
            "type": "emoji",
            "count": 1
          }
        ],
        "current_user_reaction": null,
        "reaction_users_count": 4,
        "current_user_used_main_reaction": false,
        "can_accept_answer": false,
        "can_unaccept_answer": false,
        "accepted_answer": false,
        "topic_accepted_answer": true
      },
      {
        "id": 595556,
        "name": "Andrew David",
        "username": "23f1002382",
        "avatar_template": "/user_avatar/discourse.onlinedegree.iitm.ac.in/23f1002382/{size}/68945_2.png",
        "created_at": "2025-02-15T17:00:50.465Z",
        "cooked": "<p>??? You are joking? BUT really maybe 11:59 + 2 hours <img src=\"https://emoji.discourse-cdn.com/google/thinking.png?v=12\" title=\":thinking:\" class=\"emoji\" alt=\":thinking:\" loading=\"lazy\" width=\"20\" height=\"20\"></p>",
        "post_number": 6,
        "post_type": 1,
        "posts_count": 13,
        "updated_at": "2025-02-15T20:11:45.889Z",
        "reply_count": 0,
        "reply_to_post_number": 2,
        "quote_count": 0,
        "incoming_link_count": 1,
        "reads": 195,
        "readers_count": 194,
        "score": 44.0,
        "yours": false,
        "topic_id": 167344,
        "topic_slug": "project-1-casual-banter",
        "display_username": "Andrew David",
        "primary_group_name": "ds-students",
        "flair_name": "ds-students",
        "flair_url": null,
        "flair_bg_color": "",
        "flair_color": "",
        "flair_group_id": 294,
        "badges_granted": [],
        "version": 1,
        "can_edit": false,
        "can_delete": false,
        "can_recover": false,
        "can_see_hidden_post": false,
        "can_wiki": false,
        "read": false,
        "user_title": null,
        "reply_to_user": {
          "id": 16094,
          "username": "carlton",
          "name": "Carlton D'Silva",
          "avatar_template": "/user_avatar/discourse.onlinedegree.iitm.ac.in/carlton/{size}/56317_2.png"
        },
        "bookmarked": false,
        "actions_summary": [
          {
            "id": 2,
            "can_act": true
          },
          {
            "id": 6,
            "can_act": true
          },
          {
            "id": 3,
            "can_act": true
          },
          {
            "id": 4,
            "can_act": true
          },
          {
            "id": 8,
            "can_act": true
          },
          {
            "id": 10,
            "can_act": true
          },
          {
            "id": 7,
            "can_act": true
          }
        ],
        "moderator": false,
        "admin": false,
        "staff": false,
        "user_id": 18297,
        "hidden": false,
        "trust_level": 1,
        "deleted_at": null,
        "user_deleted": false,
        "edit_reason": null,
        "can_view_edit_history": true,
        "wiki": false,
        "post_url": "/t/project-1-casual-banter/167344/6",
        "user_cakedate": "2023-06-05",
        "user_birthdate": "1904-01-05",
        "reactions": [],
        "current_user_reaction": null,
        "reaction_users_count": 0,
        "current_user_used_main_reaction": false,
        "can_accept_answer": false,
        "can_unaccept_answer": false,
        "accepted_answer": false,
        "topic_accepted_answer": true
      },
      {
        "id": 595559,
        "name": "Ayush Tiwari",
        "username": "AyushTiwari",
        "avatar_template": "/user_avatar/discourse.onlinedegree.iitm.ac.in/ayushtiwari/{size}/124622_2.png",
        "created_at": "2025-02-15T17:03:30.032Z",
        "cooked": "<p>This project is due on 16 Feb 2025 EoD IST. Results will be announced by 26 Feb 2025.</p>",
        "post_number": 7,
        "post_type": 1,
        "posts_count": 13,
        "updated_at": "2025-02-15T20:11:45.891Z",
        "reply_count": 0,
        "reply_to_post_number": 4,
        "quote_count": 0,
        "incoming_link_count": 0,
        "reads": 196,
        "readers_count": 195,
        "score": 84.2,
        "yours": false,
        "topic_id": 167344,
        "topic_slug": "project-1-casual-banter",
        "display_username": "Ayush Tiwari",
        "primary_group_name": "ds-students",
        "flair_name": "ds-students",
        "flair_url": null,
        "flair_bg_color": "",
        "flair_color": "",
        "flair_group_id": 294,
        "badges_granted": [],
        "version": 1,
        "can_edit": false,
        "can_delete": false,
        "can_recover": false,
        "can_see_hidden_post": false,
        "can_wiki": false,
        "read": false,
        "user_title": "",
        "reply_to_user": {
          "id": 20017,
          "username": "Rishabh2",
          "name": "Kumar Rishabh ",
          "avatar_template": "/user_avatar/discourse.onlinedegree.iitm.ac.in/rishabh2/{size}/66901_2.png"
        },
        "bookmarked": false,
        "actions_summary": [
          {
            "id": 2,
            "count": 3,
            "can_act": true
          },
          {
            "id": 6,
            "can_act": true
          },
          {
            "id": 3,
            "can_act": true
          },
          {
            "id": 4,
            "can_act": true
          },
          {
            "id": 8,
            "can_act": true
          },
          {
            "id": 10,
            "can_act": true
          },
          {
            "id": 7,
            "can_act": true
          }
        ],
        "moderator": false,
        "admin": false,
        "staff": false,
        "user_id": 16921,
        "hidden": false,
        "trust_level": 1,
        "deleted_at": null,
        "user_deleted": false,
        "edit_reason": null,
        "can_view_edit_history": true,
        "wiki": false,
        "post_url": "/t/project-1-casual-banter/167344/7",
        "user_cakedate": "2023-02-23",
        "user_birthdate": "1904-09-20",
        "reactions": [
          {
            "id": "heart",
            "type": "emoji",
            "count": 3
          }
        ],
        "current_user_reaction": null,
        "reaction_users_count": 3,
        "current_user_used_main_reaction": false,
        "can_accept_answer": false,
        "can_unaccept_answer": false,
        "accepted_answer": false,
        "topic_accepted_answer": true
      },
      {
        "id": 595562,
        "name": "Carlton D'Silva",
        "username": "carlton",
        "avatar_template": "/user_avatar/discourse.onlinedegree.iitm.ac.in/carlton/{size}/56317_2.png",
        "created_at": "2025-02-15T17:04:20.111Z",
        "cooked": "<p>Sunday 16/02/2025 23:59 IST</p>",
        "post_number": 8,
        "post_type": 1,
        "posts_count": 13,
        "updated_at": "2025-02-15T20:11:45.893Z",
        "reply_count": 0,
        "reply_to_post_number": 4,
        "quote_count": 0,
        "incoming_link_count": 1,
        "reads": 195,
        "readers_count": 194,
        "score": 209.0,
        "yours": false,
        "topic_id": 167344,
        "topic_slug": "project-1-casual-banter",
        "display_username": "Carlton D'Silva",
        "primary_group_name": "ds-students",
        "flair_name": "ds-students",
        "flair_url": null,
        "flair_bg_color": "",
        "flair_color": "",
        "flair_group_id": 294,
        "badges_granted": [],
        "version": 1,
        "can_edit": false,
        "can_delete": false,
        "can_recover": false,
        "can_see_hidden_post": false,
        "can_wiki": false,
        "read": false,
        "user_title": "Regular",
        "title_is_group": false,
        "reply_to_user": {
          "id": 20017,
          "username": "Rishabh2",
          "name": "Kumar Rishabh ",
          "avatar_template": "/user_avatar/discourse.onlinedegree.iitm.ac.in/rishabh2/{size}/66901_2.png"
        },
        "bookmarked": false,
        "actions_summary": [
          {
            "id": 2,
            "count": 11,
            "can_act": true
          },
          {
            "id": 6,
            "can_act": true
          },
          {
            "id": 3,
            "can_act": true
          },
          {
            "id": 4,
            "can_act": true
          },
          {
            "id": 8,
            "can_act": true
          },
          {
            "id": 10,
            "can_act": true
          },
          {
            "id": 7,
            "can_act": true
          }
        ],
        "moderator": false,
        "admin": false,
        "staff": false,
        "group_moderator": true,
        "user_id": 16094,
        "hidden": false,
        "trust_level": 3,
        "deleted_at": null,
        "user_deleted": false,
        "edit_reason": null,
        "can_view_edit_history": true,
        "wiki": false,
        "post_url": "/t/project-1-casual-banter/167344/8",
        "user_cakedate": "2023-01-25",
        "reactions": [
          {
            "id": "heart",
            "type": "emoji",
            "count": 9
          },
          {
            "id": "confetti_ball",
            "type": "emoji",
            "count": 1
          },
          {
            "id": "rocket",
            "type": "emoji",
            "count": 1
          }
        ],
        "current_user_reaction": null,
        "reaction_users_count": 11,
        "current_user_used_main_reaction": false,
        "can_accept_answer": false,
        "can_unaccept_answer": false,
        "accepted_answer": false,
        "topic_accepted_answer": true
      },
      {
        "id": 595566,
        "name": "Tushar Jalan ",
        "username": "23f2003751",
        "avatar_template": "/user_avatar/discourse.onlinedegree.iitm.ac.in/23f2003751/{size}/68010_2.png",
        "created_at": "2025-02-15T17:07:57.722Z",
        "cooked": "<p>bro is obsessed with this <img src=\"https://emoji.discourse-cdn.com/google/rofl.png?v=12\" title=\":rofl:\" class=\"emoji\" alt=\":rofl:\" loading=\"lazy\" width=\"20\" height=\"20\"> <img src=\"https://emoji.discourse-cdn.com/google/rofl.png?v=12\" title=\":rofl:\" class=\"emoji\" alt=\":rofl:\" loading=\"lazy\" width=\"20\" height=\"20\"></p>",
        "post_number": 10,
        "post_type": 1,
        "posts_count": 13,
        "updated_at": "2025-02-15T20:11:45.898Z",
        "reply_count": 0,
        "reply_to_post_number": 9,
        "quote_count": 0,
        "incoming_link_count": 0,
        "reads": 195,
        "readers_count": 194,
        "score": 39.0,
        "yours": false,
        "topic_id": 167344,
        "topic_slug": "project-1-casual-banter",
        "display_username": "Tushar Jalan ",
        "primary_group_name": "ds-students",
        "flair_name": "ds-students",
        "flair_url": null,
        "flair_bg_color": "",
        "flair_color": "",
        "flair_group_id": 294,
        "badges_granted": [],
        "version": 1,
        "can_edit": false,
        "can_delete": false,
        "can_recover": false,
        "can_see_hidden_post": false,
        "can_wiki": false,
        "read": false,
        "user_title": null,
        "reply_to_user": {
          "id": 18297,
          "username": "23f1002382",
          "name": "Andrew David",
          "avatar_template": "/user_avatar/discourse.onlinedegree.iitm.ac.in/23f1002382/{size}/68945_2.png"
        },
        "bookmarked": false,
        "actions_summary": [
          {
            "id": 2,
            "can_act": true
          },
          {
            "id": 6,
            "can_act": true
          },
          {
            "id": 3,
            "can_act": true
          },
          {
            "id": 4,
            "can_act": true
          },
          {
            "id": 8,
            "can_act": true
          },
          {
            "id": 10,
            "can_act": true
          },
          {
            "id": 7,
            "can_act": true
          }
        ],
        "moderator": false,
        "admin": false,
        "staff": false,
        "user_id": 21420,
        "hidden": false,
        "trust_level": 1,
        "deleted_at": null,
        "user_deleted": false,
        "edit_reason": null,
        "can_view_edit_history": true,
        "wiki": false,
        "post_url": "/t/project-1-casual-banter/167344/10",
        "user_cakedate": "2023-09-18",
        "user_birthdate": "1904-04-25",
        "reactions": [],
        "current_user_reaction": null,
        "reaction_users_count": 0,
        "current_user_used_main_reaction": false,
        "can_accept_answer": false,
        "can_unaccept_answer": false,
        "accepted_answer": false,
        "topic_accepted_answer": true
      },
      {
        "id": 595662,
        "name": "Naga durga prasad E",
        "username": "23f3004114",
        "avatar_template": "/user_avatar/discourse.onlinedegree.iitm.ac.in/23f3004114/{size}/68102_2.png",
        "created_at": "2025-02-15T18:34:57.076Z",
        "cooked": "<p>reading this at 12:01 after submitting A1 to A7 .  okay sleeping now. lets see if what i can finish tomorrow.</p>",
        "post_number": 11,
        "post_type": 1,
        "posts_count": 13,
        "updated_at": "2025-02-15T20:11:45.901Z",
        "reply_count": 0,
        "reply_to_post_number": 2,
        "quote_count": 0,
        "incoming_link_count": 0,
        "reads": 156,
        "readers_count": 155,
        "score": 31.2,
        "yours": false,
        "topic_id": 167344,
        "topic_slug": "project-1-casual-banter",
        "display_username": "Naga durga prasad E",
        "primary_group_name": "ds-students",
        "flair_name": "ds-students",
        "flair_url": null,
        "flair_bg_color": "",
        "flair_color": "",
        "flair_group_id": 294,
        "badges_granted": [],
        "version": 1,
        "can_edit": false,
        "can_delete": false,
        "can_recover": false,
        "can_see_hidden_post": false,
        "can_wiki": false,
        "read": false,
        "user_title": null,
        "reply_to_user": {
          "id": 16094,
          "username": "carlton",
          "name": "Carlton D'Silva",
          "avatar_template": "/user_avatar/discourse.onlinedegree.iitm.ac.in/carlton/{size}/56317_2.png"
        },
        "bookmarked": false,
        "actions_summary": [
          {
            "id": 2,
            "can_act": true
          },
          {
            "id": 6,
            "can_act": true
          },
          {
            "id": 3,
            "can_act": true
          },
          {
            "id": 4,
            "can_act": true
          },
          {
            "id": 8,
            "can_act": true
          },
          {
            "id": 10,
            "can_act": true
          },
          {
            "id": 7,
            "can_act": true
          }
        ],
        "moderator": false,
        "admin": false,
        "staff": false,
        "user_id": 25580,
        "hidden": false,
        "trust_level": 1,
        "deleted_at": null,
        "user_deleted": false,
        "edit_reason": null,
        "can_view_edit_history": true,
        "wiki": false,
        "post_url": "/t/project-1-casual-banter/167344/11",
        "user_cakedate": "2024-01-21",
        "user_birthdate": "1904-08-25",
        "reactions": [],
        "current_user_reaction": null,
        "reaction_users_count": 0,
        "current_user_used_main_reaction": false,
        "can_accept_answer": false,
        "can_unaccept_answer": false,
        "accepted_answer": false,
        "topic_accepted_answer": true
      },
      {
        "id": 595688,
        "name": "Rohit Garg",
        "username": "rohitgarg",
        "avatar_template": "/user_avatar/discourse.onlinedegree.iitm.ac.in/rohitgarg/{size}/76048_2.png",
        "created_at": "2025-02-15T20:20:01.955Z",
        "cooked": "<p>yes Ayush, you mentioned about your <a href=\"https://discourse.onlinedegree.iitm.ac.in/t/project-1-llm-based-automation-agent-discussion-thread-tds-jan-2025/164277/460\">heart and liver problems.</a><br>\nits necessary that your heart feels good</p>\n<p>(just kidding bro <img src=\"https://emoji.discourse-cdn.com/google/sweat_smile.png?v=12\" title=\":sweat_smile:\" class=\"emoji\" alt=\":sweat_smile:\" loading=\"lazy\" width=\"20\" height=\"20\">)</p>",
        "post_number": 12,
        "post_type": 1,
        "posts_count": 13,
        "updated_at": "2025-02-15T20:20:56.609Z",
        "reply_count": 0,
        "reply_to_post_number": 3,
        "quote_count": 0,
        "incoming_link_count": 3,
        "reads": 145,
        "readers_count": 144,
        "score": 44.0,
        "yours": false,
        "topic_id": 167344,
        "topic_slug": "project-1-casual-banter",
        "display_username": "Rohit Garg",
        "primary_group_name": "ds-students",
        "flair_name": "ds-students",
        "flair_url": null,
        "flair_bg_color": "",
        "flair_color": "",
        "flair_group_id": 294,
        "badges_granted": [],
        "version": 2,
        "can_edit": false,
        "can_delete": false,
        "can_recover": false,
        "can_see_hidden_post": false,
        "can_wiki": false,
        "link_counts": [
          {
            "url": "https://discourse.onlinedegree.iitm.ac.in/t/project-1-llm-based-automation-agent-discussion-thread-tds-jan-2025/164277/460",
            "internal": true,
            "reflection": false,
            "title": "Project 1 - LLM-based Automation Agent - Discussion Thread [TDS Jan 2025]",
            "clicks": 14
          }
        ],
        "read": false,
        "user_title": "",
        "reply_to_user": {
          "id": 16921,
          "username": "AyushTiwari",
          "name": "Ayush Tiwari",
          "avatar_template": "/user_avatar/discourse.onlinedegree.iitm.ac.in/ayushtiwari/{size}/124622_2.png"
        },
        "bookmarked": false,
        "actions_summary": [
          {
            "id": 2,
            "can_act": true
          },
          {
            "id": 6,
            "can_act": true
          },
          {
            "id": 3,
            "can_act": true
          },
          {
            "id": 4,
            "can_act": true
          },
          {
            "id": 8,
            "can_act": true
          },
          {
            "id": 10,
            "can_act": true
          },
          {
            "id": 7,
            "can_act": true
          }
        ],
        "moderator": false,
        "admin": false,
        "staff": false,
        "user_id": 14179,
        "hidden": false,
        "trust_level": 1,
        "deleted_at": null,
        "user_deleted": false,
        "edit_reason": null,
        "can_view_edit_history": true,
        "wiki": false,
        "post_url": "/t/project-1-casual-banter/167344/12",
        "user_cakedate": "2022-09-02",
        "reactions": [],
        "current_user_reaction": null,
        "reaction_users_count": 0,
        "current_user_used_main_reaction": false,
        "can_accept_answer": false,
        "can_unaccept_answer": false,
        "accepted_answer": false,
        "topic_accepted_answer": true
      },
      {
        "id": 596171,
        "name": "Naman S. ",
        "username": "namanshyamsukha",
        "avatar_template": "/user_avatar/discourse.onlinedegree.iitm.ac.in/namanshyamsukha/{size}/108303_2.png",
        "created_at": "2025-02-16T18:50:57.362Z",
        "cooked": "<p>It is good that the practical elements are core in the course though more time should be given for balanced approach between projects and graded assignments.</p>\n<p>There were some issues I faced. For example, the GitHub link of the datagen.py was incorrect and I was confused due to the code not generating the expected outcome.</p>\n<p>The LLM was giving creative answers which did not follow the strict evaluation guidelines. So, the case was not passed. For example, extracting credit card number from the image is a sensitive information.</p>\n<p>I am alright with it since the evaluation will be different.</p>\n<p>Now, I am really well versed with the tools taught in these weeks. Thanking the whole TDS Team for this project which was very well designed. <img src=\"https://emoji.discourse-cdn.com/google/grinning.png?v=12\" title=\":grinning:\" class=\"emoji\" alt=\":grinning:\" loading=\"lazy\" width=\"20\" height=\"20\"></p>",
        "post_number": 13,
        "post_type": 1,
        "posts_count": 13,
        "updated_at": "2025-02-19T11:00:09.228Z",
        "reply_count": 0,
        "reply_to_post_number": null,
        "quote_count": 0,
        "incoming_link_count": 0,
        "reads": 171,
        "readers_count": 170,
        "score": 79.2,
        "yours": false,
        "topic_id": 167344,
        "topic_slug": "project-1-casual-banter",
        "display_username": "Naman S. ",
        "primary_group_name": "ds-students",
        "flair_name": "ds-students",
        "flair_url": null,
        "flair_bg_color": "",
        "flair_color": "",
        "flair_group_id": 294,
        "badges_granted": [],
        "version": 1,
        "can_edit": false,
        "can_delete": false,
        "can_recover": false,
        "can_see_hidden_post": false,
        "can_wiki": false,
        "link_counts": [
          {
            "url": "https://discourse.onlinedegree.iitm.ac.in/t/project-1-llm-based-automation-agent-discussion-thread-tds-jan-2025/164277/611",
            "internal": true,
            "reflection": true,
            "title": "Project 1 - LLM-based Automation Agent - Discussion Thread [TDS Jan 2025]",
            "clicks": 1
          }
        ],
        "read": false,
        "user_title": "",
        "bookmarked": false,
        "actions_summary": [
          {
            "id": 2,
            "count": 3,
            "can_act": true
          },
          {
            "id": 6,
            "can_act": true
          },
          {
            "id": 3,
            "can_act": true
          },
          {
            "id": 4,
            "can_act": true
          },
          {
            "id": 8,
            "can_act": true
          },
          {
            "id": 10,
            "can_act": true
          },
          {
            "id": 7,
            "can_act": true
          }
        ],
        "moderator": false,
        "admin": false,
        "staff": false,
        "user_id": 12334,
        "hidden": false,
        "trust_level": 1,
        "deleted_at": null,
        "user_deleted": false,
        "edit_reason": null,
        "can_view_edit_history": true,
        "wiki": false,
        "post_url": "/t/project-1-casual-banter/167344/13",
        "user_cakedate": "2022-04-30",
        "user_birthdate": "1904-01-11",
        "reactions": [
          {
            "id": "heart",
            "type": "emoji",
            "count": 3
          }
        ],
        "current_user_reaction": null,
        "reaction_users_count": 3,
        "current_user_used_main_reaction": false,
        "can_accept_answer": false,
        "can_unaccept_answer": false,
        "accepted_answer": false,
        "topic_accepted_answer": true
      },
      {
        "id": 596990,
        "name": "Jivraj Singh Shekhawat",
        "username": "Jivraj",
        "avatar_template": "/user_avatar/discourse.onlinedegree.iitm.ac.in/jivraj/{size}/135985_2.png",
        "created_at": "2025-02-19T11:01:00.149Z",
        "cooked": "<p>A post was split to a new topic: <a href=\"/t/just-some-background-test/167699\">Just some background test</a></p>",
        "post_number": 14,
        "post_type": 3,
        "posts_count": 13,
        "updated_at": "2025-02-19T11:01:00.149Z",
        "reply_count": 0,
        "reply_to_post_number": null,
        "quote_count": 0,
        "incoming_link_count": 0,
        "reads": 125,
        "readers_count": 124,
        "score": 25.0,
        "yours": false,
        "topic_id": 167344,
        "topic_slug": "project-1-casual-banter",
        "display_username": "Jivraj Singh Shekhawat",
        "primary_group_name": "ds-students",
        "flair_name": "ds-students",
        "flair_url": null,
        "flair_bg_color": "",
        "flair_color": "",
        "flair_group_id": 294,
        "badges_granted": [],
        "version": 1,
        "can_edit": false,
        "can_delete": false,
        "can_recover": false,
        "can_see_hidden_post": false,
        "can_wiki": false,
        "link_counts": [
          {
            "url": "https://discourse.onlinedegree.iitm.ac.in/t/just-some-background-test/167699",
            "internal": true,
            "reflection": false,
            "title": "Just some background test",
            "clicks": 0
          }
        ],
        "read": false,
        "user_title": "Course TA",
        "title_is_group": false,
        "bookmarked": false,
        "actions_summary": [
          {
            "id": 2,
            "can_act": true
          },
          {
            "id": 6,
            "can_act": true
          },
          {
            "id": 3,
            "can_act": true
          },
          {
            "id": 4,
            "can_act": true
          },
          {
            "id": 8,
            "can_act": true
          },
          {
            "id": 10,
            "can_act": true
          },
          {
            "id": 7,
            "can_act": true
          }
        ],
        "moderator": false,
        "admin": false,
        "staff": false,
        "group_moderator": true,
        "user_id": 15651,
        "hidden": false,
        "trust_level": 2,
        "deleted_at": null,
        "user_deleted": false,
        "edit_reason": null,
        "can_view_edit_history": true,
        "wiki": false,
        "action_code": "split_topic",
        "post_url": "/t/project-1-casual-banter/167344/14",
        "user_cakedate": "2023-01-25",
        "reactions": [],
        "current_user_reaction": null,
        "reaction_users_count": 0,
        "current_user_used_main_reaction": false,
        "can_accept_answer": false,
        "can_unaccept_answer": false,
        "accepted_answer": false,
        "topic_accepted_answer": true
      }
    ],
    "stream": [
      595549,
      595551,
      595552,
      595553,
      595554,
      595556,
      595559,
      595562,
      595566,
      595662,
      595688,
      596171,
      596990
    ]
  },
  "timeline_lookup": [
    [
      1,
      274
    ],
    [
      12,
      273
    ],
    [
      13,
      271
    ]
  ],
  "suggested_topics": [
    {
      "fancy_title": "Submission Issue",
      "id": 191628,
      "title": "Submission Issue",
      "slug": "submission-issue",
      "posts_count": 1,
      "reply_count": 0,
      "highest_post_number": 1,
      "image_url": "https://europe1.discourse-cdn.com/flex013/uploads/iitm/optimized/3X/4/4/44dc3c61e92c828ce41f420245a133ac58e7488c_2_1024x576.png",
      "created_at": "2025-11-16T18:34:00.062Z",
      "last_posted_at": "2025-11-16T18:34:00.258Z",
      "bumped": true,
      "bumped_at": "2025-11-16T18:34:00.258Z",
      "archetype": "regular",
      "unseen": true,
      "pinned": false,
      "unpinned": null,
      "visible": true,
      "closed": false,
      "archived": false,
      "bookmarked": null,
      "liked": null,
      "tags": [
        "clarification",
        "operational",
        "term3-2025"
      ],
      "tags_descriptions": {},
      "like_count": 0,
      "views": 7,
      "category_id": 34,
      "featured_link": null,
      "has_accepted_answer": false,
      "posters": [
        {
          "extras": "latest single",
          "description": "Original Poster, Most Recent Poster",
          "user": {
            "id": 18836,
            "username": "23f2003033",
            "name": "Vedang Pawar",
            "avatar_template": "/user_avatar/discourse.onlinedegree.iitm.ac.in/23f2003033/{size}/67243_2.png",
            "primary_group_name": "ds-students",
            "flair_name": "ds-students",
            "flair_group_id": 294,
            "trust_level": 1
          }
        }
      ]
    }
  ],
  "tags": [
    "term1-2025",
    "tds-project-1"
  ],
  "tags_descriptions": {},
  "fancy_title": "Project 1 - Casual banter",
  "id": 167344,
  "title": "Project 1 - Casual banter",
  "posts_count": 13,
  "created_at": "2025-02-15T16:55:08.372Z",
  "views": 258,
  "reply_count": 1,
  "like_count": 54,
  "last_posted_at": "2025-02-19T11:01:00.149Z",
  "visible": true,
  "closed": false,
  "archived": false,
  "has_summary": false,
  "archetype": "regular",
  "slug": "project-1-casual-banter",
  "category_id": 34,
  "word_count": 315,
  "deleted_at": null,
  "user_id": 22294,
  "featured_link": null,
  "pinned_globally": false,
  "pinned_at": null,
  "pinned_until": null,
  "image_url": "https://europe1.discourse-cdn.com/flex013/uploads/iitm/original/3X/7/7/7742d688f4b033b15ac1a4af0c1f2eda19c31093.jpeg",
  "slow_mode_seconds": 0,
  "draft": null,
  "draft_key": "topic_167344",
  "draft_sequence": 0,
  "posted": false,
  "unpinned": null,
  "pinned": false,
  "current_post_number": 1,
  "highest_post_number": 14,
  "last_read_post_number": null,
  "last_read_post_id": null,
  "deleted_by": null,
  "actions_summary": [
    {
      "id": 4,
      "count": 0,
      "hidden": false,
      "can_act": true
    },
    {
      "id": 8,
      "count": 0,
      "hidden": false,
      "can_act": true
    },
    {
      "id": 10,
      "count": 0,
      "hidden": false,
      "can_act": true
    },
    {
      "id": 7,
      "count": 0,
      "hidden": false,
      "can_act": true
    }
  ],
  "chunk_size": 20,
  "bookmarked": false,
  "topic_timer": null,
  "message_bus_last_id": 0,
  "participant_count": 10,
  "show_read_indicator": false,
  "thumbnails": [
    {
      "max_width": null,
      "max_height": null,
      "width": 480,
      "height": 270,
      "url": "https://europe1.discourse-cdn.com/flex013/uploads/iitm/original/3X/7/7/7742d688f4b033b15ac1a4af0c1f2eda19c31093.jpeg"
    }
  ],
  "slow_mode_enabled_until": null,
  "tags_disable_ads": false,
  "related_topics": [
    {
      "fancy_title": "Project 1 TDS deadline",
      "id": 69242,
      "title": "Project 1 TDS deadline",
      "slug": "project-1-tds-deadline",
      "posts_count": 2,
      "reply_count": 0,
      "highest_post_number": 2,
      "image_url": null,
      "created_at": "2022-10-30T17:55:15.697Z",
      "last_posted_at": "2022-10-30T18:42:57.206Z",
      "bumped": true,
      "bumped_at": "2022-10-30T18:42:57.206Z",
      "archetype": "regular",
      "unseen": false,
      "pinned": false,
      "unpinned": null,
      "visible": true,
      "closed": false,
      "archived": false,
      "bookmarked": null,
      "liked": null,
      "tags": [
        "clarification"
      ],
      "tags_descriptions": {},
      "like_count": 0,
      "views": 59,
      "category_id": 34,
      "featured_link": null,
      "has_accepted_answer": false,
      "posters": [
        {
          "extras": null,
          "description": "Original Poster",
          "user": {
            "id": 7196,
            "username": "21f2000507",
            "name": "Bhav_s",
            "avatar_template": "/user_avatar/discourse.onlinedegree.iitm.ac.in/21f2000507/{size}/13603_2.png",
            "primary_group_name": "ds-students",
            "flair_name": "ds-students",
            "flair_group_id": 294,
            "trust_level": 1
          }
        },
        {
          "extras": "latest",
          "description": "Most Recent Poster",
          "user": {
            "id": 2423,
            "username": "gkthenayil",
            "name": "GOPESH KRISHNA T",
            "avatar_template": "/user_avatar/discourse.onlinedegree.iitm.ac.in/gkthenayil/{size}/20147_2.png",
            "primary_group_name": "ds-students",
            "flair_name": "ds-students",
            "flair_group_id": 294,
            "trust_level": 1
          }
        }
      ]
    },
    {
      "fancy_title": "Project Work-1 : TDS",
      "id": 55448,
      "title": "Project Work-1 : TDS",
      "slug": "project-work-1-tds",
      "posts_count": 6,
      "reply_count": 3,
      "highest_post_number": 6,
      "image_url": null,
      "created_at": "2022-06-28T10:07:50.768Z",
      "last_posted_at": "2022-06-28T13:50:20.723Z",
      "bumped": true,
      "bumped_at": "2022-06-28T13:50:20.723Z",
      "archetype": "regular",
      "unseen": false,
      "pinned": false,
      "unpinned": null,
      "visible": true,
      "closed": false,
      "archived": false,
      "bookmarked": null,
      "liked": null,
      "tags": [
        "clarification"
      ],
      "tags_descriptions": {},
      "like_count": 2,
      "views": 128,
      "category_id": 34,
      "featured_link": null,
      "has_accepted_answer": false,
      "posters": [
        {
          "extras": null,
          "description": "Original Poster",
          "user": {
            "id": 686,
            "username": "nmaddala",
            "name": "Narayana Maddala",
            "avatar_template": "/user_avatar/discourse.onlinedegree.iitm.ac.in/nmaddala/{size}/67626_2.png",
            "primary_group_name": "ds-students",
            "flair_name": "ds-students",
            "flair_group_id": 294,
            "trust_level": 1
          }
        },
        {
          "extras": null,
          "description": "Frequent Poster",
          "user": {
            "id": 8147,
            "username": "22ds1000035",
            "name": "A.Srinivasa Reddy",
            "avatar_template": "/user_avatar/discourse.onlinedegree.iitm.ac.in/22ds1000035/{size}/12886_2.png",
            "primary_group_name": "ds-students",
            "flair_name": "ds-students",
            "flair_group_id": 294,
            "trust_level": 1
          }
        },
        {
          "extras": null,
          "description": "Frequent Poster",
          "user": {
            "id": 2076,
            "username": "lehani",
            "name": "lehani raj mohanta",
            "avatar_template": "/user_avatar/discourse.onlinedegree.iitm.ac.in/lehani/{size}/131523_2.png",
            "primary_group_name": "ds-students",
            "flair_name": "ds-students",
            "flair_group_id": 294,
            "trust_level": 1
          }
        },
        {
          "extras": null,
          "description": "Frequent Poster",
          "user": {
            "id": 1399,
            "username": "Vaidehi",
            "name": "Vaidehi ",
            "avatar_template": "/user_avatar/discourse.onlinedegree.iitm.ac.in/vaidehi/{size}/310_2.png",
            "primary_group_name": "ds-students",
            "flair_name": "ds-students",
            "flair_group_id": 294,
            "trust_level": 1
          }
        },
        {
          "extras": "latest",
          "description": "Most Recent Poster",
          "user": {
            "id": 8278,
            "username": "22ds1000219",
            "name": "Abhilasha ",
            "avatar_template": "/user_avatar/discourse.onlinedegree.iitm.ac.in/22ds1000219/{size}/12424_2.png",
            "primary_group_name": "ds-students",
            "flair_name": "ds-students",
            "flair_group_id": 294,
            "trust_level": 1
          }
        }
      ]
    },
    {
      "fancy_title": "Regarding tds course project marks",
      "id": 44362,
      "title": "Regarding tds course project marks",
      "slug": "regarding-tds-course-project-marks",
      "posts_count": 4,
      "reply_count": 2,
      "highest_post_number": 4,
      "image_url": null,
      "created_at": "2022-04-08T16:54:25.430Z",
      "last_posted_at": "2022-04-10T08:20:15.562Z",
      "bumped": true,
      "bumped_at": "2022-04-10T08:20:15.562Z",
      "archetype": "regular",
      "unseen": false,
      "pinned": false,
      "unpinned": null,
      "visible": true,
      "closed": false,
      "archived": false,
      "bookmarked": null,
      "liked": null,
      "tags": [
        "clarification"
      ],
      "tags_descriptions": {},
      "like_count": 2,
      "views": 191,
      "category_id": 34,
      "featured_link": null,
      "has_accepted_answer": false,
      "posters": [
        {
          "extras": null,
          "description": "Original Poster",
          "user": {
            "id": 6443,
            "username": "21f2001580",
            "name": "Rishabh Jain",
            "avatar_template": "/user_avatar/discourse.onlinedegree.iitm.ac.in/21f2001580/{size}/20946_2.png",
            "primary_group_name": "ds-students",
            "flair_name": "ds-students",
            "flair_group_id": 294,
            "trust_level": 1
          }
        },
        {
          "extras": "latest",
          "description": "Most Recent Poster",
          "user": {
            "id": 1062,
            "username": "winterrolls",
            "name": "Kautuk N D",
            "avatar_template": "/user_avatar/discourse.onlinedegree.iitm.ac.in/winterrolls/{size}/24435_2.png",
            "primary_group_name": "ds-students",
            "flair_name": "ds-students",
            "flair_group_id": 294,
            "trust_level": 1
          }
        }
      ]
    },
    {
      "fancy_title": "Project-1",
      "id": 57246,
      "title": "Project-1",
      "slug": "project-1",
      "posts_count": 2,
      "reply_count": 0,
      "highest_post_number": 2,
      "image_url": null,
      "created_at": "2022-07-11T05:07:46.583Z",
      "last_posted_at": "2022-07-14T14:37:04.544Z",
      "bumped": true,
      "bumped_at": "2022-07-14T14:37:04.544Z",
      "archetype": "regular",
      "unseen": false,
      "pinned": false,
      "unpinned": null,
      "visible": true,
      "closed": false,
      "archived": false,
      "bookmarked": null,
      "liked": null,
      "tags": [
        "tds"
      ],
      "tags_descriptions": {},
      "like_count": 1,
      "views": 92,
      "category_id": 34,
      "featured_link": null,
      "has_accepted_answer": false,
      "posters": [
        {
          "extras": null,
          "description": "Original Poster",
          "user": {
            "id": 1313,
            "username": "Suriyabalu",
            "name": "Suriyaprasaad B",
            "avatar_template": "/user_avatar/discourse.onlinedegree.iitm.ac.in/suriyabalu/{size}/83_2.png",
            "primary_group_name": "ds-students",
            "flair_name": "ds-students",
            "flair_group_id": 294,
            "trust_level": 1
          }
        },
        {
          "extras": "latest",
          "description": "Most Recent Poster",
          "user": {
            "id": 4091,
            "username": "y3nath",
            "name": "yarlagadda trinath",
            "avatar_template": "/user_avatar/discourse.onlinedegree.iitm.ac.in/y3nath/{size}/2148_2.png",
            "primary_group_name": "ds-students",
            "flair_name": "ds-students",
            "flair_group_id": 294,
            "trust_level": 1
          }
        }
      ]
    },
    {
      "fancy_title": "Delayed in submission the project_2",
      "id": 112156,
      "title": "Delayed in submission the project_2",
      "slug": "delayed-in-submission-the-project-2",
      "posts_count": 1,
      "reply_count": 0,
      "highest_post_number": 1,
      "image_url": null,
      "created_at": "2023-12-15T18:57:43.078Z",
      "last_posted_at": "2023-12-15T18:57:43.258Z",
      "bumped": true,
      "bumped_at": "2023-12-15T18:57:43.258Z",
      "archetype": "regular",
      "unseen": false,
      "pinned": false,
      "unpinned": null,
      "visible": true,
      "closed": false,
      "archived": false,
      "bookmarked": null,
      "liked": null,
      "tags": [
        "clarification"
      ],
      "tags_descriptions": {},
      "like_count": 0,
      "views": 44,
      "category_id": 34,
      "featured_link": null,
      "has_accepted_answer": false,
      "posters": [
        {
          "extras": "latest single",
          "description": "Original Poster, Most Recent Poster",
          "user": {
            "id": 13249,
            "username": "yashggg4",
            "name": "yash Gupta",
            "avatar_template": "/user_avatar/discourse.onlinedegree.iitm.ac.in/yashggg4/{size}/33152_2.png",
            "primary_group_name": "ds-students",
            "flair_name": "ds-students",
            "flair_group_id": 294,
            "trust_level": 1
          }
        }
      ]
    }
  ],
  "summarizable": true,
  "valid_reactions": [
    "heart",
    "+1",
    "laughing",
    "open_mouth",
    "clap",
    "confetti_ball",
    "rocket",
    "-1"
  ],
  "accepted_answer": {
    "post_number": 2,
    "username": "carlton",
    "name": null,
    "excerpt": "Done <img src=\"https://emoji.discourse-cdn.com/google/slight_smile.png?v=12\" title=\":slight_smile:\" class=\"emoji\" alt=\":slight_smile:\" loading=\"lazy\" width=\"20\" height=\"20\"> \nKind regards \nCant say no to a fuzzy wuzzy cat <img src=\"https://emoji.discourse-cdn.com/google/heart_eyes.png?v=12\" title=\":heart_eyes:\" class=\"emoji\" alt=\":heart_eyes:\" loading=\"lazy\" width=\"20\" height=\"20\">",
    "accepter_name": null,
    "accepter_username": "TheVishal"
  },
  "can_vote": false,
  "vote_count": 0,
  "user_voted": false,
  "discourse_zendesk_plugin_zendesk_id": null,
  "discourse_zendesk_plugin_zendesk_url": "https://your-url.zendesk.com/agent/tickets/",
  "details": {
    "can_edit": false,
    "notification_level": 1,
    "notifications_reason_id": null,
    "can_create_post": true,
    "can_reply_as_new_topic": true,
    "can_flag_topic": true,
    "participants": [
      {
        "id": 16921,
        "username": "AyushTiwari",
        "name": "Ayush Tiwari",
        "avatar_template": "/user_avatar/discourse.onlinedegree.iitm.ac.in/ayushtiwari/{size}/124622_2.png",
        "post_count": 2,
        "primary_group_name": "ds-students",
        "flair_name": "ds-students",
        "flair_url": null,
        "flair_color": "",
        "flair_bg_color": "",
        "flair_group_id": 294,
        "trust_level": 1
      },
      {
        "id": 16094,
        "username": "carlton",
        "name": "Carlton D'Silva",
        "avatar_template": "/user_avatar/discourse.onlinedegree.iitm.ac.in/carlton/{size}/56317_2.png",
        "post_count": 2,
        "primary_group_name": "ds-students",
        "flair_name": "ds-students",
        "flair_url": null,
        "flair_color": "",
        "flair_bg_color": "",
        "flair_group_id": 294,
        "trust_level": 3
      },
      {
        "id": 18297,
        "username": "23f1002382",
        "name": "Andrew David",
        "avatar_template": "/user_avatar/discourse.onlinedegree.iitm.ac.in/23f1002382/{size}/68945_2.png",
        "post_count": 1,
        "primary_group_name": "ds-students",
        "flair_name": "ds-students",
        "flair_url": null,
        "flair_color": "",
        "flair_bg_color": "",
        "flair_group_id": 294,
        "trust_level": 1
      },
      {
        "id": 22294,
        "username": "TheVishal",
        "name": "Vishal Baraiya",
        "avatar_template": "/user_avatar/discourse.onlinedegree.iitm.ac.in/thevishal/{size}/110717_2.png",
        "post_count": 1,
        "primary_group_name": "ds-students",
        "flair_name": "ds-students",
        "flair_url": null,
        "flair_color": "",
        "flair_bg_color": "",
        "flair_group_id": 294,
        "trust_level": 1
      },
      {
        "id": 21420,
        "username": "23f2003751",
        "name": "Tushar Jalan ",
        "avatar_template": "/user_avatar/discourse.onlinedegree.iitm.ac.in/23f2003751/{size}/68010_2.png",
        "post_count": 1,
        "primary_group_name": "ds-students",
        "flair_name": "ds-students",
        "flair_url": null,
        "flair_color": "",
        "flair_bg_color": "",
        "flair_group_id": 294,
        "trust_level": 1
      },
      {
        "id": 16464,
        "username": "22f3000639",
        "name": "Md anas alam",
        "avatar_template": "/user_avatar/discourse.onlinedegree.iitm.ac.in/22f3000639/{size}/97349_2.png",
        "post_count": 1,
        "primary_group_name": "ds-students",
        "flair_name": "ds-students",
        "flair_url": null,
        "flair_color": "",
        "flair_bg_color": "",
        "flair_group_id": 294,
        "trust_level": 1
      },
      {
        "id": 20017,
        "username": "Rishabh2",
        "name": "Kumar Rishabh ",
        "avatar_template": "/user_avatar/discourse.onlinedegree.iitm.ac.in/rishabh2/{size}/66901_2.png",
        "post_count": 1,
        "primary_group_name": "ds-students",
        "flair_name": "ds-students",
        "flair_url": null,
        "flair_color": "",
        "flair_bg_color": "",
        "flair_group_id": 294,
        "trust_level": 1
      },
      {
        "id": 14179,
        "username": "rohitgarg",
        "name": "Rohit Garg",
        "avatar_template": "/user_avatar/discourse.onlinedegree.iitm.ac.in/rohitgarg/{size}/76048_2.png",
        "post_count": 1,
        "primary_group_name": "ds-students",
        "flair_name": "ds-students",
        "flair_url": null,
        "flair_color": "",
        "flair_bg_color": "",
        "flair_group_id": 294,
        "trust_level": 1
      },
      {
        "id": 12334,
        "username": "namanshyamsukha",
        "name": "Naman S. ",
        "avatar_template": "/user_avatar/discourse.onlinedegree.iitm.ac.in/namanshyamsukha/{size}/108303_2.png",
        "post_count": 1,
        "primary_group_name": "ds-students",
        "flair_name": "ds-students",
        "flair_url": null,
        "flair_color": "",
        "flair_bg_color": "",
        "flair_group_id": 294,
        "trust_level": 1
      },
      {
        "id": 25580,
        "username": "23f3004114",
        "name": "Naga durga prasad E",
        "avatar_template": "/user_avatar/discourse.onlinedegree.iitm.ac.in/23f3004114/{size}/68102_2.png",
        "post_count": 1,
        "primary_group_name": "ds-students",
        "flair_name": "ds-students",
        "flair_url": null,
        "flair_color": "",
        "flair_bg_color": "",
        "flair_group_id": 294,
        "trust_level": 1
      }
    ],
    "created_by": {
      "id": 22294,
      "username": "TheVishal",
      "name": "Vishal Baraiya",
      "avatar_template": "/user_avatar/discourse.onlinedegree.iitm.ac.in/thevishal/{size}/110717_2.png"
    },
    "last_poster": {
      "id": 15651,
      "username": "Jivraj",
      "name": "Jivraj Singh Shekhawat",
      "avatar_template": "/user_avatar/discourse.onlinedegree.iitm.ac.in/jivraj/{size}/135985_2.png"
    },
    "links": [
      {
        "url": "https://discourse.onlinedegree.iitm.ac.in/t/project-1-llm-based-automation-agent-discussion-thread-tds-jan-2025/164277/460",
        "title": "Project 1 - LLM-based Automation Agent - Discussion Thread [TDS Jan 2025]",
        "internal": true,
        "attachment": false,
        "reflection": false,
        "clicks": 14,
        "user_id": 14179,
        "domain": "discourse.onlinedegree.iitm.ac.in",
        "root_domain": "iitm.ac.in"
      },
      {
        "url": "https://discourse.onlinedegree.iitm.ac.in/t/project-1-llm-based-automation-agent-discussion-thread-tds-jan-2025/164277/462",
        "title": "Project 1 - LLM-based Automation Agent - Discussion Thread [TDS Jan 2025]",
        "internal": true,
        "attachment": false,
        "reflection": true,
        "clicks": 1,
        "user_id": 1,
        "domain": "discourse.onlinedegree.iitm.ac.in",
        "root_domain": "iitm.ac.in"
      },
      {
        "url": "https://discourse.onlinedegree.iitm.ac.in/t/project-1-llm-based-automation-agent-discussion-thread-tds-jan-2025/164277/611",
        "title": "Project 1 - LLM-based Automation Agent - Discussion Thread [TDS Jan 2025]",
        "internal": true,
        "attachment": false,
        "reflection": true,
        "clicks": 1,
        "user_id": 15651,
        "domain": "discourse.onlinedegree.iitm.ac.in",
        "root_domain": "iitm.ac.in"
      }
    ]
  },
  "pending_posts": [],
  "bookmarks": []
}