{
  "post_stream": {
    "posts": [
      {
        "id": 590883,
        "name": "Prasoon Shukla",
        "username": "psisaddicted",
        "avatar_template": "/user_avatar/discourse.onlinedegree.iitm.ac.in/psisaddicted/{size}/111629_2.png",
        "created_at": "2025-02-05T15:01:52.918Z",
        "cooked": "<p>I missed a week’s worth of learning, and I’d like to catch up by attempting the assignments after going through the video tutorials. I’m not asking for grades as deadline is passed, just the opportunity to complete them for the sake of learning. I would really appreciate if this can be made possible.</p>",
        "post_number": 1,
        "post_type": 1,
        "posts_count": 1,
        "updated_at": "2025-02-05T15:01:52.918Z",
        "reply_count": 0,
        "reply_to_post_number": null,
        "quote_count": 0,
        "incoming_link_count": 2,
        "reads": 47,
        "readers_count": 46,
        "score": 19.4,
        "yours": false,
        "topic_id": 166349,
        "topic_slug": "reattempt-graded-assignment-after-deadline",
        "display_username": "Prasoon Shukla",
        "primary_group_name": "ds-students",
        "flair_name": "ds-students",
        "flair_url": null,
        "flair_bg_color": "",
        "flair_color": "",
        "flair_group_id": 294,
        "badges_granted": [],
        "version": 1,
        "can_edit": false,
        "can_delete": false,
        "can_recover": false,
        "can_see_hidden_post": false,
        "can_wiki": false,
        "read": false,
        "user_title": null,
        "bookmarked": false,
        "actions_summary": [
          {
            "id": 2,
            "can_act": true
          },
          {
            "id": 6,
            "can_act": true
          },
          {
            "id": 3,
            "can_act": true
          },
          {
            "id": 4,
            "can_act": true
          },
          {
            "id": 8,
            "can_act": true
          },
          {
            "id": 10,
            "can_act": true
          },
          {
            "id": 7,
            "can_act": true
          }
        ],
        "moderator": false,
        "admin": false,
        "staff": false,
        "user_id": 25514,
        "hidden": false,
        "trust_level": 1,
        "deleted_at": null,
        "user_deleted": false,
        "edit_reason": null,
        "can_view_edit_history": true,
        "wiki": false,
        "post_url": "/t/reattempt-graded-assignment-after-deadline/166349/1",
        "user_cakedate": "2024-01-20",
        "user_birthdate": "1904-01-20",
        "reactions": [],
        "current_user_reaction": null,
        "reaction_users_count": 0,
        "current_user_used_main_reaction": false,
        "can_accept_answer": false,
        "can_unaccept_answer": false,
        "accepted_answer": false,
        "topic_accepted_answer": null,
        "can_vote": false
      }
    ],
    "stream": [
      590883
    ]
  },
  "timeline_lookup": [
    [
      1,
      285
    ]
  ],
  "suggested_topics": [
    {
      "fancy_title": "Submission Issue",
      "id": 191628,
      "title": "Submission Issue",
      "slug": "submission-issue",
      "posts_count": 1,
      "reply_count": 0,
      "highest_post_number": 1,
      "image_url": "https://europe1.discourse-cdn.com/flex013/uploads/iitm/optimized/3X/4/4/44dc3c61e92c828ce41f420245a133ac58e7488c_2_1024x576.png",
      "created_at": "2025-11-16T18:34:00.062Z",
      "last_posted_at": "2025-11-16T18:34:00.258Z",
      "bumped": true,
      "bumped_at": "2025-11-16T18:34:00.258Z",
      "archetype": "regular",
      "unseen": true,
      "pinned": false,
      "unpinned": null,
      "visible": true,
      "closed": false,
      "archived": false,
      "bookmarked": null,
      "liked": null,
      "tags": [
        "clarification",
        "operational",
        "term3-2025"
      ],
      "tags_descriptions": {},
      "like_count": 0,
      "views": 7,
      "category_id": 34,
      "featured_link": null,
      "has_accepted_answer": false,
      "posters": [
        {
          "extras": "latest single",
          "description": "Original Poster, Most Recent Poster",
          "user": {
            "id": 18836,
            "username": "23f2003033",
            "name": "Vedang Pawar",
            "avatar_template": "/user_avatar/discourse.onlinedegree.iitm.ac.in/23f2003033/{size}/67243_2.png",
            "primary_group_name": "ds-students",
            "flair_name": "ds-students",
            "flair_group_id": 294,
            "trust_level": 1
          }
        }
      ]
    }
  ],
  "tags": [
    "operational"
  ],
  "tags_descriptions": {},
  "fancy_title": "Reattempt Graded Assignment after deadline",
  "id": 166349,
  "title": "Reattempt Graded Assignment after deadline",
  "posts_count": 1,
  "created_at": "2025-02-05T15:01:52.746Z",
  "views": 55,
  "reply_count": 0,
  "like_count": 0,
  "last_posted_at": "2025-02-05T15:01:52.918Z",
  "visible": true,
  "closed": false,
  "archived": false,
  "has_summary": false,
  "archetype": "regular",
  "slug": "reattempt-graded-assignment-after-deadline",
  "category_id": 34,
  "word_count": 56,
  "deleted_at": null,
  "user_id": 25514,
  "featured_link": null,
  "pinned_globally": false,
  "pinned_at": null,
  "pinned_until": null,
  "image_url": null,
  "slow_mode_seconds": 0,
  "draft": null,
  "draft_key": "topic_166349",
  "draft_sequence": 0,
  "posted": false,
  "unpinned": null,
  "pinned": false,
  "current_post_number": 1,
  "highest_post_number": 1,
  "last_read_post_number": null,
  "last_read_post_id": null,
  "deleted_by": null,
  "actions_summary": [
    {
      "id": 4,
      "count": 0,
      "hidden": false,
      "can_act": true
    },
    {
      "id": 8,
      "count": 0,
      "hidden": false,
      "can_act": true
    },
    {
      "id": 10,
      "count": 0,
      "hidden": false,
      "can_act": true
    },
    {
      "id": 7,
      "count": 0,
      "hidden": false,
      "can_act": true
    }
  ],
  "chunk_size": 20,
  "bookmarked": false,
  "topic_timer": null,
  "message_bus_last_id": 0,
  "participant_count": 1,
  "show_read_indicator": false,
  "thumbnails": null,
  "slow_mode_enabled_until": null,
  "tags_disable_ads": false,
  "related_topics": [
    {
      "fancy_title": "Missed graded assessment",
      "id": 91273,
      "title": "Missed graded assessment",
      "slug": "missed-graded-assessment",
      "posts_count": 2,
      "reply_count": 0,
      "highest_post_number": 2,
      "image_url": null,
      "created_at": "2023-06-15T02:22:21.446Z",
      "last_posted_at": "2023-06-15T02:35:28.496Z",
      "bumped": true,
      "bumped_at": "2023-06-15T02:35:28.496Z",
      "archetype": "regular",
      "unseen": false,
      "pinned": false,
      "unpinned": null,
      "visible": true,
      "closed": false,
      "archived": false,
      "bookmarked": null,
      "liked": null,
      "tags": [
        "operational",
        "assignment2"
      ],
      "tags_descriptions": {},
      "like_count": 2,
      "views": 67,
      "category_id": 7,
      "featured_link": null,
      "has_accepted_answer": true,
      "posters": [
        {
          "extras": null,
          "description": "Original Poster",
          "user": {
            "id": 19297,
            "username": "23f2001742",
            "name": "Jorige Bala Venkata Ranga Rohith",
            "avatar_template": "/user_avatar/discourse.onlinedegree.iitm.ac.in/23f2001742/{size}/66832_2.png",
            "primary_group_name": "ds-students",
            "flair_name": "ds-students",
            "flair_group_id": 294,
            "trust_level": 1
          }
        },
        {
          "extras": "latest",
          "description": "Most Recent Poster, Accepted Answer",
          "user": {
            "id": 18306,
            "username": "23f1002333",
            "name": "BABA PATRO",
            "avatar_template": "/user_avatar/discourse.onlinedegree.iitm.ac.in/23f1002333/{size}/67200_2.png",
            "primary_group_name": "ds-students",
            "flair_name": "ds-students",
            "flair_group_id": 294,
            "trust_level": 1
          }
        }
      ]
    },
    {
      "fancy_title": "Catch Up Assignment",
      "id": 37507,
      "title": "Catch Up Assignment",
      "slug": "catch-up-assignment",
      "posts_count": 2,
      "reply_count": 0,
      "highest_post_number": 2,
      "image_url": null,
      "created_at": "2022-03-05T07:52:23.719Z",
      "last_posted_at": "2022-03-05T08:00:20.015Z",
      "bumped": true,
      "bumped_at": "2022-03-05T08:00:20.015Z",
      "archetype": "regular",
      "unseen": false,
      "pinned": false,
      "unpinned": null,
      "visible": true,
      "closed": false,
      "archived": false,
      "bookmarked": null,
      "liked": null,
      "tags": [
        "clarification"
      ],
      "tags_descriptions": {},
      "like_count": 1,
      "views": 27,
      "category_id": 24,
      "featured_link": null,
      "has_accepted_answer": true,
      "posters": [
        {
          "extras": null,
          "description": "Original Poster",
          "user": {
            "id": 11529,
            "username": "21f3002920",
            "name": "Rishab R",
            "avatar_template": "/user_avatar/discourse.onlinedegree.iitm.ac.in/21f3002920/{size}/22537_2.png",
            "primary_group_name": "ds-students",
            "flair_name": "ds-students",
            "flair_group_id": 294,
            "trust_level": 1
          }
        },
        {
          "extras": "latest",
          "description": "Most Recent Poster, Accepted Answer",
          "user": {
            "id": 7183,
            "username": "21f2001112",
            "name": "Azhaguraja.R",
            "avatar_template": "/user_avatar/discourse.onlinedegree.iitm.ac.in/21f2001112/{size}/17533_2.png",
            "primary_group_name": "ds-students",
            "flair_name": "ds-students",
            "flair_group_id": 294,
            "trust_level": 1
          }
        }
      ]
    },
    {
      "fancy_title": "Where can I find the catch up assignments?",
      "id": 37750,
      "title": "Where can I find the catch up assignments?",
      "slug": "where-can-i-find-the-catch-up-assignments",
      "posts_count": 6,
      "reply_count": 2,
      "highest_post_number": 6,
      "image_url": null,
      "created_at": "2022-03-06T11:18:05.306Z",
      "last_posted_at": "2022-03-06T12:48:15.504Z",
      "bumped": true,
      "bumped_at": "2022-03-06T12:48:15.504Z",
      "archetype": "regular",
      "unseen": false,
      "pinned": false,
      "unpinned": null,
      "visible": true,
      "closed": false,
      "archived": false,
      "bookmarked": null,
      "liked": null,
      "tags": [
        "clarification"
      ],
      "tags_descriptions": {},
      "like_count": 1,
      "views": 42,
      "category_id": 23,
      "featured_link": null,
      "has_accepted_answer": false,
      "posters": [
        {
          "extras": null,
          "description": "Original Poster",
          "user": {
            "id": 4997,
            "username": "ruchikabhati",
            "name": "Ruchika Bhati",
            "avatar_template": "https://avatars.discourse-cdn.com/v4/letter/r/fbc32d/{size}.png",
            "primary_group_name": "ds-students",
            "flair_name": "ds-students",
            "flair_group_id": 294,
            "trust_level": 0
          }
        },
        {
          "extras": null,
          "description": "Frequent Poster",
          "user": {
            "id": 6983,
            "username": "Pritam_Shaw",
            "name": "Pritam Shaw",
            "avatar_template": "/user_avatar/discourse.onlinedegree.iitm.ac.in/pritam_shaw/{size}/266_2.png",
            "primary_group_name": "ds-students",
            "flair_name": "ds-students",
            "flair_group_id": 294,
            "trust_level": 1
          }
        },
        {
          "extras": null,
          "description": "Frequent Poster",
          "user": {
            "id": 9426,
            "username": "puspraj1982",
            "name": "Rajeev Ranjan",
            "avatar_template": "/user_avatar/discourse.onlinedegree.iitm.ac.in/puspraj1982/{size}/656_2.png",
            "primary_group_name": "ds-students",
            "flair_name": "ds-students",
            "flair_group_id": 294,
            "trust_level": 0
          }
        },
        {
          "extras": null,
          "description": "Frequent Poster",
          "user": {
            "id": 8728,
            "username": "Srinidhi2268",
            "name": "Srinidhi K",
            "avatar_template": "https://avatars.discourse-cdn.com/v4/letter/s/8dc957/{size}.png",
            "primary_group_name": "ds-students",
            "flair_name": "ds-students",
            "flair_group_id": 294,
            "trust_level": 1
          }
        },
        {
          "extras": "latest",
          "description": "Most Recent Poster",
          "user": {
            "id": 11536,
            "username": "21f3000382",
            "name": "bhuvaneswari",
            "avatar_template": "/user_avatar/discourse.onlinedegree.iitm.ac.in/21f3000382/{size}/24968_2.png",
            "primary_group_name": "ds-students",
            "flair_name": "ds-students",
            "flair_group_id": 294,
            "trust_level": 0
          }
        }
      ]
    },
    {
      "fancy_title": "Catch up assignment",
      "id": 37726,
      "title": "Catch up assignment",
      "slug": "catch-up-assignment",
      "posts_count": 7,
      "reply_count": 3,
      "highest_post_number": 7,
      "image_url": null,
      "created_at": "2022-03-06T09:49:39.355Z",
      "last_posted_at": "2022-03-06T11:01:16.445Z",
      "bumped": true,
      "bumped_at": "2022-03-06T11:01:16.445Z",
      "archetype": "regular",
      "unseen": false,
      "pinned": false,
      "unpinned": null,
      "visible": true,
      "closed": false,
      "archived": false,
      "bookmarked": null,
      "liked": null,
      "tags": [
        "clarification"
      ],
      "tags_descriptions": {},
      "like_count": 3,
      "views": 51,
      "category_id": 23,
      "featured_link": null,
      "has_accepted_answer": false,
      "posters": [
        {
          "extras": null,
          "description": "Original Poster",
          "user": {
            "id": 7416,
            "username": "21f3000085",
            "name": "Meenalakshmi",
            "avatar_template": "/user_avatar/discourse.onlinedegree.iitm.ac.in/21f3000085/{size}/17270_2.png",
            "primary_group_name": "ds-students",
            "flair_name": "ds-students",
            "flair_group_id": 294,
            "trust_level": 1
          }
        },
        {
          "extras": null,
          "description": "Frequent Poster",
          "user": {
            "id": 6273,
            "username": "21f3000728",
            "name": "Abinarthana Jayakumar",
            "avatar_template": "https://avatars.discourse-cdn.com/v4/letter/2/da6949/{size}.png",
            "primary_group_name": "ds-students",
            "flair_name": "ds-students",
            "flair_group_id": 294,
            "trust_level": 1
          }
        },
        {
          "extras": null,
          "description": "Frequent Poster",
          "user": {
            "id": 11529,
            "username": "21f3002920",
            "name": "Rishab R",
            "avatar_template": "/user_avatar/discourse.onlinedegree.iitm.ac.in/21f3002920/{size}/22537_2.png",
            "primary_group_name": "ds-students",
            "flair_name": "ds-students",
            "flair_group_id": 294,
            "trust_level": 1
          }
        },
        {
          "extras": null,
          "description": "Frequent Poster",
          "user": {
            "id": 10,
            "username": "subhasis",
            "name": "Subhasis   ",
            "avatar_template": "/user_avatar/discourse.onlinedegree.iitm.ac.in/subhasis/{size}/309_2.png",
            "trust_level": 1
          }
        },
        {
          "extras": "latest",
          "description": "Most Recent Poster",
          "user": {
            "id": 8148,
            "username": "Ranjit",
            "name": "Ranjit Ramanan",
            "avatar_template": "/user_avatar/discourse.onlinedegree.iitm.ac.in/ranjit/{size}/13866_2.png",
            "primary_group_name": "ds-students",
            "flair_name": "ds-students",
            "flair_group_id": 294,
            "trust_level": 1
          }
        }
      ]
    },
    {
      "fancy_title": "What is makeup assignment? I have missed my makeup assignments. Can I reappear?",
      "id": 39545,
      "title": "What is makeup assignment? I have missed my makeup assignments. Can I reappear?",
      "slug": "what-is-makeup-assignment-i-have-missed-my-makeup-assignments-can-i-reappear",
      "posts_count": 21,
      "reply_count": 7,
      "highest_post_number": 21,
      "image_url": null,
      "created_at": "2022-03-15T20:32:53.493Z",
      "last_posted_at": "2022-03-27T13:50:47.434Z",
      "bumped": true,
      "bumped_at": "2022-03-26T14:30:47.076Z",
      "archetype": "regular",
      "unseen": false,
      "pinned": false,
      "unpinned": null,
      "visible": true,
      "closed": true,
      "archived": false,
      "bookmarked": null,
      "liked": null,
      "tags": [
        "maths-2",
        "english-2",
        "ct",
        "week-11"
      ],
      "tags_descriptions": {},
      "like_count": 0,
      "views": 198,
      "category_id": 23,
      "featured_link": null,
      "has_accepted_answer": false,
      "posters": [
        {
          "extras": null,
          "description": "Original Poster",
          "user": {
            "id": 6692,
            "username": "21f2000297",
            "name": "Aditya",
            "avatar_template": "/user_avatar/discourse.onlinedegree.iitm.ac.in/21f2000297/{size}/14225_2.png",
            "primary_group_name": "ds-students",
            "flair_name": "ds-students",
            "flair_group_id": 294,
            "trust_level": 0
          }
        },
        {
          "extras": null,
          "description": "Frequent Poster",
          "user": {
            "id": 6616,
            "username": "aaruni-kale",
            "name": "Aaruni Kale",
            "avatar_template": "/user_avatar/discourse.onlinedegree.iitm.ac.in/aaruni-kale/{size}/53900_2.png",
            "primary_group_name": "ds-students",
            "flair_name": "ds-students",
            "flair_group_id": 294,
            "trust_level": 2
          }
        },
        {
          "extras": null,
          "description": "Frequent Poster",
          "user": {
            "id": 9235,
            "username": "sandeepan",
            "name": "Sandeepan Ganguly",
            "avatar_template": "https://avatars.discourse-cdn.com/v4/letter/s/ecccb3/{size}.png",
            "primary_group_name": "ds-students",
            "flair_name": "ds-students",
            "flair_group_id": 294,
            "trust_level": 1
          }
        },
        {
          "extras": null,
          "description": "Frequent Poster",
          "user": {
            "id": 7849,
            "username": "21f2001510",
            "name": "Vanshika",
            "avatar_template": "/user_avatar/discourse.onlinedegree.iitm.ac.in/21f2001510/{size}/14680_2.png",
            "primary_group_name": "ds-students",
            "flair_name": "ds-students",
            "flair_group_id": 294,
            "trust_level": 1
          }
        },
        {
          "extras": "latest",
          "description": "Most Recent Poster",
          "user": {
            "id": 10,
            "username": "subhasis",
            "name": "Subhasis   ",
            "avatar_template": "/user_avatar/discourse.onlinedegree.iitm.ac.in/subhasis/{size}/309_2.png",
            "trust_level": 1
          }
        }
      ]
    }
  ],
  "summarizable": true,
  "valid_reactions": [
    "heart",
    "+1",
    "laughing",
    "open_mouth",
    "clap",
    "confetti_ball",
    "rocket",
    "-1"
  ],
  "can_vote": false,
  "vote_count": 0,
  "user_voted": false,
  "discourse_zendesk_plugin_zendesk_id": null,
  "discourse_zendesk_plugin_zendesk_url": "https://your-url.zendesk.com/agent/tickets/",
  "details": {
    "can_edit": false,
    "notification_level": 1,
    "notifications_reason_id": null,
    "can_create_post": true,
    "can_reply_as_new_topic": true,
    "can_flag_topic": true,
    "participants": [
      {
        "id": 25514,
        "username": "psisaddicted",
        "name": "Prasoon Shukla",
        "avatar_template": "/user_avatar/discourse.onlinedegree.iitm.ac.in/psisaddicted/{size}/111629_2.png",
        "post_count": 1,
        "primary_group_name": "ds-students",
        "flair_name": "ds-students",
        "flair_url": null,
        "flair_color": "",
        "flair_bg_color": "",
        "flair_group_id": 294,
        "trust_level": 1
      }
    ],
    "created_by": {
      "id": 25514,
      "username": "psisaddicted",
      "name": "Prasoon Shukla",
      "avatar_template": "/user_avatar/discourse.onlinedegree.iitm.ac.in/psisaddicted/{size}/111629_2.png"
    },
    "last_poster": {
      "id": 25514,
      "username": "psisaddicted",
      "name": "Prasoon Shukla",
      "avatar_template": "/user_avatar/discourse.onlinedegree.iitm.ac.in/psisaddicted/{size}/111629_2.png"
    }
  },
  "pending_posts": [],
  "bookmarks": []
}