[
  {
    "post_id": 579381,
    "post_number": 1,
    "topic_id": 163158,
    "topic_title": "Tds jan 2025 calender accesss and video lecture access in portal",
    "author": "RaunakThatoi",
    "content": "dear \n@carlton\n sir i am unable to access the course calender for tds and  also not able to get the recorded videos  of tds in my portal.kindly help  me out with this"
  },
  {
    "post_id": 579393,
    "post_number": 2,
    "topic_id": 163158,
    "topic_title": "Tds jan 2025 calender accesss and video lecture access in portal",
    "author": "jahnavih",
    "content": "Same issue with me sir.\n\nThis is how my dashboard looks like. It shows the same for week 2 as well.\n\n\ndashboard_tds_jahnaviHunsigida\n936×561 93.3 KB"
  },
  {
    "post_id": 579396,
    "post_number": 3,
    "topic_id": 163158,
    "topic_title": "Tds jan 2025 calender accesss and video lecture access in portal",
    "author": "carlton",
    "content": "@RaunakThatoi\n \n@jahnavih\n\n\nThe course content is available at\n\n\nScreenshot 2025-01-13 at 22.47.14\n2068×788 75.4 KB\n\n\nAt \nTools in Data Science\n the course calendar is also available.\n\n\nScreenshot 2025-01-13 at 22.51.33\n2044×1082 250 KB\n\n\nLikewise the GAs also are available through the links in the seek portal as well as on the course domain shared above.\n\n\nThe course introduction has very important information. Many students who faced problems in Tools for Data Science in previous terms usually never read the intro. Please be diligent to read \neverything carefully.\n\n\nDon’t gloss over these bits (they are expandable if you click on them) for eg…\n\n\nScreenshot 2025-01-13 at 22.59.19\n778×268 22.7 KB\n\n\nScreenshot 2025-01-13 at 23.01.49\n1684×920 104 KB\n\n\nKind regards"
  },
  {
    "post_id": 584971,
    "post_number": 5,
    "topic_id": 163158,
    "topic_title": "Tds jan 2025 calender accesss and video lecture access in portal",
    "author": "Mandy",
    "content": "I’m confused where exactly is the TDS course?\n\n\nimage\n1920×1073 124 KB\n\nWhere are the weekly videos?\n\nWhere and what is the assignment?\n\nI’m confused."
  },
  {
    "post_id": 584974,
    "post_number": 6,
    "topic_id": 163158,
    "topic_title": "Tds jan 2025 calender accesss and video lecture access in portal",
    "author": "carlton",
    "content": "Kindly refer to this post\n\n\n\n\n\n\n\n\n\n\nTds jan 2025 calender accesss and video lecture access in portal\n \nTools in Data Science\n\n\n\n\n\n\n@RaunakThatoi\n \n@jahnavih\n \nThe course content is available at \n \n[Screenshot 2025-01-13 at 22.47.14]\n \nAt \nTools in Data Science\n the course calendar is also available. \n \n[Screenshot 2025-01-13 at 22.51.33]\n \nLikewise the GAs also are available through the links in the seek portal as well as on the course domain shared above. \nThe course introduction has very important information. Many students who faced problems in Tools for Data Science in previous terms usually never read the intro. Please be dilig…\n  \n\n\n\n\nKind regards"
  }
]