[
  {
    "post_id": 579333,
    "post_number": 1,
    "topic_id": 163144,
    "topic_title": "Way of conduction of exam",
    "author": "Divya1",
    "content": "My doubt is that “Will there be any coding level questions in the ROE and the weekly graded assignments?”"
  },
  {
    "post_id": 579345,
    "post_number": 2,
    "topic_id": 163144,
    "topic_title": "Way of conduction of exam",
    "author": "ADI_1792",
    "content": "In ROE , usually you have to find the answers of the questions by solving them using codes and tools explained in the course .\n\n\nFor example you have a large pdf file of some patients and their disease and you are said to find number patients having some XYZ disease in that pdf . Now you can get this answer by using parsing tools and few lines of codes and after getting the results you can write that answer back in the portal .\n\n\nSame goes for assignments , they will be more like minor project works."
  }
]