[
  {
    "post_id": 579338,
    "post_number": 1,
    "topic_id": 163147,
    "topic_title": "TDS iitm certified books",
    "author": "Divya1",
    "content": "Can anyone forward the specified links of the books(iitm certified(logo)) or pdf’s for preparation?"
  },
  {
    "post_id": 579586,
    "post_number": 2,
    "topic_id": 163147,
    "topic_title": "TDS iitm certified books",
    "author": "s.anand",
    "content": "@Divya1\n there are no IITM certified books nor PDFs for \nTools in Data Science\n. The site \nhttps://tds.s-anand.net/\n is the reference.\n\n\nWe update the content regularly. You might want to \ntrack the changes\n for recent updates."
  }
]