[
  {
    "post_id": 579576,
    "post_number": 1,
    "topic_id": 163224,
    "topic_title": "Answers are not getting saved",
    "author": "22f3001315",
    "content": "all  the answers are getting erased next day  . when i went to answer remaining questions i had to start it all over again."
  },
  {
    "post_id": 579631,
    "post_number": 2,
    "topic_id": 163224,
    "topic_title": "Answers are not getting saved",
    "author": "Jivraj",
    "content": "GA1 - Development Tools - Discussion Thread [TDS Jan 2025] - Courses / Tools in Data Science - IITM-DSA"
  }
]