[
  {
    "post_id": 580140,
    "post_number": 1,
    "topic_id": 163381,
    "topic_title": "Need friends",
    "author": "RishabhSehgal",
    "content": "I am an international student with none of my peers here in this course. It would be amazing to work with other people taking this course this term and doing the assignments together.\n\n\na few brains are better than one brain"
  },
  {
    "post_id": 580349,
    "post_number": 2,
    "topic_id": 163381,
    "topic_title": "Need friends",
    "author": "23f2000237",
    "content": "Yes indeed. We must connect to solve these assignments and prepare for ROE from now"
  },
  {
    "post_id": 580362,
    "post_number": 3,
    "topic_id": 163381,
    "topic_title": "Need friends",
    "author": "ADI_1792",
    "content": "you can use \nhttps://acegrade.in\n to find community of people with same subjects as you . Just use the ‘Groups’ tab of the website and you will prolly find lot’s of friends there ."
  },
  {
    "post_id": 580535,
    "post_number": 4,
    "topic_id": 163381,
    "topic_title": "Need friends",
    "author": "23f2005121",
    "content": "Hey, I am Azhaan, the regional coordinator of Bandipur International. DM me on WhatsApp and I will connect you with the International Community of IITM BS. I am sending you a chat."
  }
]