[
  {
    "post_id": 581725,
    "post_number": 1,
    "topic_id": 164214,
    "topic_title": "TDS Project 1 release information required",
    "author": "23f30007561",
    "content": "Project details for TDS was supposed to be released on 17 jan ; how to access its details ?"
  },
  {
    "post_id": 581728,
    "post_number": 2,
    "topic_id": 164214,
    "topic_title": "TDS Project 1 release information required",
    "author": "adi3",
    "content": "Yes please, same question!\n\n\n@carlton"
  },
  {
    "post_id": 581944,
    "post_number": 3,
    "topic_id": 164214,
    "topic_title": "TDS Project 1 release information required",
    "author": "carlton",
    "content": "@23f30007561\n \n@adi3\n\n\nIt has been released. Thanks for keeping us on our toes \n\n\nhttps://tds.s-anand.net/#/project-1\n\n\n\n\n\n\n\n\n\n\nProject 1 - LLM-based Automation Agent - Discussion Thread [TDS Jan 2025]\n \nTools in Data Science\n\n\n\n\n\n    Please post any questions related to \nProject 1 - LLM-based Automation Agent\n. \nDeadline: Saturday, February 15, 2025 6:29 PM (UTC) \n\n@carlton\n \n@Jivraj\n \n@Saransh_Saini\n\n\n\n\n\n\nKind regards"
  }
]