[
  {
    "post_id": 583973,
    "post_number": 1,
    "topic_id": 164869,
    "topic_title": "Agenda for Today's Live Session [Flask Tutorial]",
    "author": "Saransh_Saini",
    "content": "Hi Everyone,\n\n\nFor today’s live session [23-01-2025] we will be giving an elaborate tutorial on using Flask framework for API creation, also we will discuss the last 3 questions of GA1.\n\nFlask is a Python Framework used for creating APIs and accessing databases. We highly encourage everyone to join this session at 8pm, as Flask is an important topic which might be useful in your projects and even ROE. Also anyone who is not enrolled in TDS, but wished to learn about Flask are also encouraged to join.\n\n\nLink: \nmeet.google.com/brz-ksac-evo\n\nTimings: 8pm - 10pm\n\n\nRegards,\n\nSaransh Saini\n\nTDS TA"
  },
  {
    "post_id": 584177,
    "post_number": 2,
    "topic_id": 164869,
    "topic_title": "Agenda for Today's Live Session [Flask Tutorial]",
    "author": "23f3003453",
    "content": "Sir, Is the same meeting link valid for all the  future live sessions? It would be really helpful if you could share the updates through mail."
  },
  {
    "post_id": 584416,
    "post_number": 3,
    "topic_id": 164869,
    "topic_title": "Agenda for Today's Live Session [Flask Tutorial]",
    "author": "23f2004097",
    "content": "Was this session recorded? If recorded please provide link. This session was not in calender so missed that."
  },
  {
    "post_id": 584423,
    "post_number": 4,
    "topic_id": 164869,
    "topic_title": "Agenda for Today's Live Session [Flask Tutorial]",
    "author": "Saransh_Saini",
    "content": "This session will be uploaded on YouTube soon. In the meanwhile you can access the recording here\n\n\n\n\ndrive.google.com\n\n\n\n\n\n\n\n\nLive Session - TDS - 2025/01/23 19:54 GMT+05:30 - Recording\n\n\nGoogle Drive file."
  }
]