[
  {
    "post_id": 584748,
    "post_number": 1,
    "topic_id": 165142,
    "topic_title": "GA2 deadline",
    "author": "24f2006531",
    "content": "I wanted to seek clarification regarding the deadline for GA2. The latest email received today mentions the deadline as 26th January, whereas an earlier email stated 2nd February, which is also reflected on the dashboard.\n\n\nCould you please confirm the correct deadline to avoid any confusion?\n\n\nimage\n1056×289 15.4 KB"
  },
  {
    "post_id": 584796,
    "post_number": 2,
    "topic_id": 165142,
    "topic_title": "GA2 deadline",
    "author": "Saransh_Saini",
    "content": "Deadline for GA 2 has been shifted to 2nd Feb.\n\n\nRegards,\n\nTDS TA"
  }
]