[
  {
    "post_id": 586556,
    "post_number": 1,
    "topic_id": 165416,
    "topic_title": "Where can i find the TDS GA1 after the submission date has passed?",
    "author": "cshetty",
    "content": "I cannot find the questions of GA1 since the submission date has passed, can you help me"
  },
  {
    "post_id": 591724,
    "post_number": 3,
    "topic_id": 165416,
    "topic_title": "Where can i find the TDS GA1 after the submission date has passed?",
    "author": "shriaviator",
    "content": "@cshetty\n\nTopic moved to the appropriate category in order to get faster responses.\n\n\nPlease make it easier for others to help you, by ensuring that topics are created in the correct categories."
  }
]