[
  {
    "post_id": 587372,
    "post_number": 1,
    "topic_id": 165687,
    "topic_title": "Meet with Anand (TDS Faculty), Wed 5 Feb, 10:30 am - 2:30 pm",
    "author": "s.anand",
    "content": "I will be at the IIT Madras campus next Wednesday (5 Feb) from 10:30 am to 2:30 pm IST.\n\n\nI’ll be at the NAC (New Academic Complex) or the NAC footsteps.\n\n\nIf anyone would like to chat - about TDS, or anything else - you’re welcome."
  },
  {
    "post_id": 587373,
    "post_number": 2,
    "topic_id": 165687,
    "topic_title": "Meet with Anand (TDS Faculty), Wed 5 Feb, 10:30 am - 2:30 pm",
    "author": "s.anand",
    "content": ""
  },
  {
    "post_id": 587808,
    "post_number": 3,
    "topic_id": 165687,
    "topic_title": "Meet with Anand (TDS Faculty), Wed 5 Feb, 10:30 am - 2:30 pm",
    "author": "carlton",
    "content": "Screenshot 2025-01-30 at 3.07.09 pm\n1300×850 81.3 KB"
  },
  {
    "post_id": 590721,
    "post_number": 4,
    "topic_id": 165687,
    "topic_title": "Meet with Anand (TDS Faculty), Wed 5 Feb, 10:30 am - 2:30 pm",
    "author": "s.anand",
    "content": "We will be at NAC 514"
  },
  {
    "post_id": 590849,
    "post_number": 5,
    "topic_id": 165687,
    "topic_title": "Meet with Anand (TDS Faculty), Wed 5 Feb, 10:30 am - 2:30 pm",
    "author": "21f3001993",
    "content": "Thank you for taking out time to meet today. It was great to meet you Sir, and was a great pleasant surprise to meet our wonderful TAs, \n@carlton\n and \n@jivraj\n (and, TAs for Java and Statistics I too. sorry, I am unable to tag them with names) as well. I am inspired to continue learning deeper and more… such interactions are very helpful. Thank you."
  }
]