[
  {
    "post_id": 590136,
    "post_number": 1,
    "topic_id": 166189,
    "topic_title": "Tds: assignment is not submitting",
    "author": "23f3002530",
    "content": "@carlton\n \n@s.anand\n\ndear sir\n\ni have taken tds in this term. after the first assignment there was no checkbox provided to any graded assignment .for this reason i just saved the assignment at the portal link .and now after the deadline its showing my assignment had not been submitted. pls do something please do it fast."
  },
  {
    "post_id": 590232,
    "post_number": 4,
    "topic_id": 166189,
    "topic_title": "Tds: assignment is not submitting",
    "author": "Saransh_Saini",
    "content": "GA2 - Deployment Tools - Discussion Thread [TDS Jan 2025]\n \nTools in Data Science\n\n\n\n\n\n    We have removed that button, cause it was causing confusion among the students. \nIf you have saved your answers on the TDS portal then you need not worry, you will be marked. The button was just there to ensure you saw the assignment on the TDS portal. \nRegards, \nTDS TA\n  \n\n\n\n\nRead this"
  },
  {
    "post_id": 590930,
    "post_number": 5,
    "topic_id": 166189,
    "topic_title": "Tds: assignment is not submitting",
    "author": "Rishabh2",
    "content": "I saved that too but right now scores of GA2 isn’t visible for me. And in score section it’s showing assignment not submitted. \n@Saransh_Saini"
  },
  {
    "post_id": 591015,
    "post_number": 6,
    "topic_id": 166189,
    "topic_title": "Tds: assignment is not submitting",
    "author": "carlton",
    "content": "Your scores are evaluated on a site that is external to the seek portal and is not integrated with the seek portal. Therefore seek does not know if you have submitted or not and by default says that it has not been submitted because it cannot see your external evaluation. There will not be a fix for this for some time.\n\n\nScores for GA1, GA2, GA3, GA4, GA5, Project1, Project2, ROE will NOT be inside your seek portal.\n\n\nThe scores will only be visible in the dashboard.\n Just ignore anything inside seek portal. The dashboard is where all your subject score cards exists.\n\n\nAs stated in multiple places on discourse as well as in live sessions, The final score is always your last submission. If your dashboard score does not match your final submission score on the assignment page, only then contact us regarding your marks.\n\n\nKind regards"
  },
  {
    "post_id": 591407,
    "post_number": 7,
    "topic_id": 166189,
    "topic_title": "Tds: assignment is not submitting",
    "author": "23f3002530",
    "content": "@Jivraj\n \n@iamprasna\n  i have taken tds in this term. after the first assignment there was no checkbox provided to any graded assignment .for this reason i just saved the assignment at the portal link .and now after the deadline its showing my assignment  had not been submitted. pls do something please do it fast."
  },
  {
    "post_id": 591364,
    "post_number": 10,
    "topic_id": 166189,
    "topic_title": "Tds: assignment is not submitting",
    "author": "shriaviator",
    "content": "@23f3002530\n\nTopic moved to the appropriate category in order to get faster responses.\n\n\nPlease make it easier for others to help you, by ensuring that topics are created in the correct categories."
  },
  {
    "post_id": 591405,
    "post_number": 11,
    "topic_id": 166189,
    "topic_title": "Tds: assignment is not submitting",
    "author": "carlton",
    "content": "@23f3002530\n\n\nPlease refer to this post.\n\n\n\n\n\n\n\n\n\n\nTds: assignment is not submitting\n \nTools in Data Science\n\n\n\n\n\n    Your scores are evaluated on a site that is external to the seek portal and is not integrated with the seek portal. Therefore seek does not know if you have submitted or not and by default says that it has not been submitted because it cannot see your external evaluation. There will not be a fix for this for some time. \nScores for GA1, GA2, GA3, GA4, GA5, Project1, Project2, ROE will NOT be inside your seek portal. \nThe scores will only be visible in the dashboard. Just ignore anything inside se…\n  \n\n\n\n\nKind regards"
  },
  {
    "post_id": 591410,
    "post_number": 12,
    "topic_id": 166189,
    "topic_title": "Tds: assignment is not submitting",
    "author": "bhavanagv",
    "content": "Screenshot (313)\n1920×1080 243 KB"
  },
  {
    "post_id": 591335,
    "post_number": 13,
    "topic_id": 166189,
    "topic_title": "Tds: assignment is not submitting",
    "author": "carlton",
    "content": "Dear Bhavanagv,\n\n\nThe scores have not been pushed to the dashboard yet. Ignore seek portal. Seek portal will not have your submission or your scores because it is evaluated externally from the seek portal.\n\n\nKind regards"
  },
  {
    "post_id": 591414,
    "post_number": 14,
    "topic_id": 166189,
    "topic_title": "Tds: assignment is not submitting",
    "author": "22f3000585",
    "content": "I had submitted the assignment still it’s shwoing that my score is 0 and that i have not submitted the assignment.\n\n\nCan you please look into it as i had saved my answers as well timely.\n\n\nimage\n547×258 12.3 KB"
  },
  {
    "post_id": 590388,
    "post_number": 15,
    "topic_id": 166189,
    "topic_title": "Tds: assignment is not submitting",
    "author": "Pururaj",
    "content": "same thing with my assignment even though i submitted it"
  },
  {
    "post_id": 590403,
    "post_number": 16,
    "topic_id": 166189,
    "topic_title": "Tds: assignment is not submitting",
    "author": "Jivraj",
    "content": "Scores will soon be pushed to seek portal, till then it will show 0."
  },
  {
    "post_id": 590647,
    "post_number": 17,
    "topic_id": 166189,
    "topic_title": "Tds: assignment is not submitting",
    "author": "HRISHIKESH",
    "content": "Same for me…deadline is over and assignment not submitted…"
  },
  {
    "post_id": 590738,
    "post_number": 18,
    "topic_id": 166189,
    "topic_title": "Tds: assignment is not submitting",
    "author": "23f2003413",
    "content": "same issue here as well"
  },
  {
    "post_id": 590981,
    "post_number": 19,
    "topic_id": 166189,
    "topic_title": "Tds: assignment is not submitting",
    "author": "SameerNaik",
    "content": "Yes, same observation for my assignment as well."
  },
  {
    "post_id": 591014,
    "post_number": 20,
    "topic_id": 166189,
    "topic_title": "Tds: assignment is not submitting",
    "author": "carlton",
    "content": "Scores for GA1, GA2, GA3, GA4, GA5, Project1, Project2, ROE will NOT be inside your seek portal.\n\n\nThe scores will only be visible in the dashboard. Just ignore anything inside the seek portal.\n\n\nAs stated in multiple places in discourse as well as in live sessions, The final score is always your last submission.\n\n\nKind regards"
  },
  {
    "post_id": 591798,
    "post_number": 21,
    "topic_id": 166189,
    "topic_title": "Tds: assignment is not submitting",
    "author": "23f2000232",
    "content": "There are some errors in grading for GA2 and  GA3 for TDS, even after submitting the assignments score 0 was given and the seek portal displayed assignment was not submitted given that the login was from my own account and was submitted before the time and still got a score of 0.\n\n\nScreenshot 2025-02-07 201316\n1859×960 88.4 KB\n\nand the same happened for the 3rd assignment"
  },
  {
    "post_id": 591804,
    "post_number": 22,
    "topic_id": 166189,
    "topic_title": "Tds: assignment is not submitting",
    "author": "carlton",
    "content": "Please refer to this post.\n\n\n\n\n\n\n\n\n\n\nTds: assignment is not submitting\n \nTools in Data Science\n\n\n\n\n\n    Scores for GA1, GA2, GA3, GA4, GA5, Project1, Project2, ROE will NOT be inside your seek portal. \nThe scores will only be visible in the dashboard. Just ignore anything inside the seek portal. \nAs stated in multiple places in discourse as well as in live sessions, The final score is always your last submission. \nKind regards"
  },
  {
    "post_id": 592129,
    "post_number": 23,
    "topic_id": 166189,
    "topic_title": "Tds: assignment is not submitting",
    "author": "Dnyanu27",
    "content": "Only 1st Graded assignment scores are visible on dashboard.  I have submitted 2nd and 3rd GA before the deadline but still it showing “not submitted” on the seek portal…"
  },
  {
    "post_id": 633606,
    "post_number": 24,
    "topic_id": 166189,
    "topic_title": "Tds: assignment is not submitting",
    "author": "21f3000697",
    "content": "I recently got mail and checked my marks for GA2 and noticed that the final score is showing as \n4.25\n, but while attempting the assignment earlier, I had scored \n7.25\n shown after submission.\n\n\nCould you please help me understand how the marks were reduced? I want to ensure there was no error or misunderstanding in the evaluation."
  }
]