[
  {
    "post_id": 590924,
    "post_number": 1,
    "topic_id": 166357,
    "topic_title": "Doubts in Q7, Q8",
    "author": "Sakshi6479",
    "content": "sir I am not able to solve these question I have tried all thing also the video which you shared but still after using postman also i am unable to answer it (showing methods not allowed everytime)and also in Q8 I am having this problem\n\n\nScreenshot 2025-02-05 182750\n1917×1018 38.3 KB\n\n\nimport requests\nfrom fastapi import FastAPI, HTTPException\nfrom pydantic import BaseModel\nfrom sentence_transformers import util\nfrom fastapi.middleware.cors import CORSMiddleware\nfrom typing import List\n\n# Create FastAPI app\napp = FastAPI()\n\n# Enable CORS\napp.add_middleware(\n    CORSMiddleware,\n    allow_origins=[\"*\"],  # Allow all origins\n    allow_credentials=True,\n    allow_methods=[\"OPTIONS\", \"POST\"],  # Allow OPTIONS and POST\n    allow_headers=[\"*\"],  # Allow all headers\n)\n\n# Pydantic model to parse incoming data\nclass SimilarityRequest(BaseModel):\n    docs: List[str]\n    query: str\n\n# OpenAI API key and URL\nAPI_URL = \"https://aiproxy.sanand.workers.dev/openai/v1/embeddings\"\nAPI_KEY = \"enter your key\"  # Replace with your actual API key\n\ndef get_embeddings(docs: List[str]) -> List[List[float]]:\n    \"\"\"Retrieve embeddings for a list of documents from OpenAI's API.\"\"\"\n    headers = {\n        \"Content-Type\": \"application/json\",\n        \"Authorization\": f\"Bearer {API_KEY}\",\n    }\n    \n    data = {\n        \"model\": \"text-embedding-3-small\",  # Use the correct model\n        \"input\": docs\n    }\n\n    response = requests.post(API_URL, json=data, headers=headers)\n\n    if response.status_code != 200:\n        raise HTTPException(status_code=response.status_code, detail=\"API request failed\")\n\n    response_data = response.json()\n    if 'data' not in response_data:\n        raise KeyError(\"Missing 'data' field in API response\")\n\n    return [embedding['embedding'] for embedding in response_data['data']]\n\n@app.post(\"/similarity\")\nasync def similarity(request: SimilarityRequest):\n    # Get embeddings for docs and query\n    docs = request.docs\n    query = request.query\n\n    # Get embeddings for the documents and query\n    all_docs = docs + [query]  # Combine documents and query into one list\n    embeddings = get_embeddings(all_docs)  # Get embeddings from OpenAI API\n\n    doc_embeddings = embeddings[:-1]  # All embeddings except for the query\n    query_embedding = embeddings[-1]  # The last embedding is for the query\n\n    # Calculate cosine similarities\n    similarities = util.cos_sim(query_embedding, doc_embeddings)[0].cpu().numpy()\n\n    # Sort documents by similarity (highest first)\n    sorted_docs = sorted(zip(docs, similarities), key=lambda x: x[1], reverse=True)\n\n    # Return the top 3 most similar documents\n    top_matches = [doc for doc, _ in sorted_docs[:3]]\n    \n    return {\"matches\": top_matches}\n\n\n\n\n\nfor Q8\n\n\nfrom fastapi import FastAPI\nfrom fastapi.responses import JSONResponse\nfrom fastapi.middleware.cors import CORSMiddleware\nfrom typing import Dict, Any\nimport re\n\n# Create the FastAPI app\napp = FastAPI()\n\n# CORS configuration to allow any origin\napp.add_middleware(\n    CORSMiddleware,\n    allow_origins=[\"*\"],  # Allows all origins\n    allow_credentials=True,\n    allow_methods=[\"*\"],  # Allows all methods (GET, POST, etc.)\n    allow_headers=[\"*\"],  # Allows all headers\n)\ndef get_ticket_status(ticket_id: int) -> Dict[str, Any]:\n    # Mock response for illustration purposes\n    return {\"ticket_id\": ticket_id, \"status\": \"open\"}\n\ndef schedule_meeting(date: str, time: str, meeting_room: str) -> Dict[str, Any]:\n    # Mock response for illustration purposes\n    return {\"date\": date, \"time\": time, \"meeting_room\": meeting_room, \"status\": \"scheduled\"}\n\ndef get_expense_balance(employee_id: int) -> Dict[str, Any]:\n    # Mock response for illustration purposes\n    return {\"employee_id\": employee_id, \"balance\": 1000.0}\n\ndef calculate_performance_bonus(employee_id: int, current_year: int) -> Dict[str, Any]:\n    # Mock response for illustration purposes\n    return {\"employee_id\": employee_id, \"current_year\": current_year, \"bonus\": 500.0}\n\ndef report_office_issue(issue_code: int, department: str) -> Dict[str, Any]:\n    # Mock response for illustration purposes\n    return {\"issue_code\": issue_code, \"department\": department, \"status\": \"reported\"}\nimport re\n\ndef extract_parameters(query: str) -> Dict[str, Any]:\n    \"\"\"Extract parameters from the query string.\"\"\"\n    # Convert the query to lowercase for case-insensitive matching\n    query = query.strip().lower()\n\n    if match := re.match(r\"what is the status of ticket (\\d+)\\?\", query):\n        return {\n            \"name\": \"get_ticket_status\",\n            \"arguments\": {\"ticket_id\": int(match.group(1))}\n        }\n    elif match := re.match(r\"schedule a meeting on (\\d{4}-\\d{2}-\\d{2}) at (\\d{2}:\\d{2}) in (.+)\\.\", query):\n        return {\n            \"name\": \"schedule_meeting\",\n            \"arguments\": {\n                \"date\": match.group(1),\n                \"time\": match.group(2),\n                \"meeting_room\": match.group(3)\n            }\n        }\n    elif match := re.match(r\"show my expense balance for employee (\\d+)\\.\", query):\n        return {\n            \"name\": \"get_expense_balance\",\n            \"arguments\": {\"employee_id\": int(match.group(1))}\n        }\n    elif match := re.match(r\"calculate performance bonus for employee (\\d+) for (\\d{4})\\.\", query):\n        return {\n            \"name\": \"calculate_performance_bonus\",\n            \"arguments\": {\n                \"employee_id\": int(match.group(1)),\n                \"current_year\": int(match.group(2))\n            }\n        }\n    elif match := re.match(r\"report office issue (\\d+) for the (\\w+) department\\.\", query):\n        return {\n            \"name\": \"report_office_issue\",\n            \"arguments\": {\n                \"issue_code\": int(match.group(1)),\n                \"department\": match.group(2)\n            }\n        }\n    return {}\n\n@app.get(\"/execute\")\nasync def execute_query(q: str):\n    # Extract the function name and arguments from the query\n    result = extract_parameters(q)\n    \n    if not result:\n        return JSONResponse(content={\"error\": \"No matching function found for the query\"}, status_code=400)\n    \n    # Call the respective function\n    func_name = result[\"name\"]\n    arguments = result[\"arguments\"]\n    \n    # Call the function dynamically based on func_name\n    if func_name == \"get_ticket_status\":\n        response = get_ticket_status(**arguments)\n    elif func_name == \"schedule_meeting\":\n        response = schedule_meeting(**arguments)\n    elif func_name == \"get_expense_balance\":\n        response = get_expense_balance(**arguments)\n    elif func_name == \"calculate_performance_bonus\":\n        response = calculate_performance_bonus(**arguments)\n    elif func_name == \"report_office_issue\":\n        response = report_office_issue(**arguments)\n    \n    # Return the response in the requested format\n    return JSONResponse(content={\"name\": func_name, \"arguments\": arguments}, status_code=200)"
  }
]