[
  {
    "post_id": 591772,
    "post_number": 1,
    "topic_id": 166498,
    "topic_title": "Chat GPT new release",
    "author": "gshetty",
    "content": "Chat GPT has stepped up the game and I am excited \n\n\nNow I can not only generate the code, but can run it and ask it to fix the error with a single click. This changes software development and I guess we are moving in the direction we all know. It also makes this course a lot more important -  the number of new things that I have learnt from this course which I am able to directly apply to my day to day work is immense. Thanks to \n@s.anand\n and the entire course team who designed this amazing course\n\n\nI hope ChatGPT solves deployment next \n\n\nScreenshot 2025-02-07 at 7.08.14 PM\n1920×1012 120 KB"
  }
]