[
  {
    "post_id": 592250,
    "post_number": 1,
    "topic_id": 166593,
    "topic_title": "For project 1",
    "author": "Sakshi6479",
    "content": "Sir,\n\nI have facing lots of difficulties in assignments and it was taking alot of time to solve a single assignment, so please extend the deadline for project 1 as it contains more weightage and it required more time to solve it.\n\nPlease kindly consider my request, as I am from non-technical background it is taking most of the time of a week because of which other Courses are suffering.\n\n\n@carlton\n , \n@Jivraj\n , \n@Saransh_Saini"
  },
  {
    "post_id": 592370,
    "post_number": 2,
    "topic_id": 166593,
    "topic_title": "For project 1",
    "author": "21f3000745",
    "content": "yes sir , most of the time goes in solving assignment as it takes a lot of time. o please extend the date of project1."
  },
  {
    "post_id": 593677,
    "post_number": 3,
    "topic_id": 166593,
    "topic_title": "For project 1",
    "author": "Sakshi6479",
    "content": "Sir , kindly extend the deadline for project 1 .\n\n\n@carlton\n , \n@Jivraj\n , \n@Saransh_Saini"
  },
  {
    "post_id": 596439,
    "post_number": 5,
    "topic_id": 166593,
    "topic_title": "For project 1",
    "author": "jkmadathil",
    "content": ""
  }
]