[
  {
    "post_id": 592585,
    "post_number": 1,
    "topic_id": 166634,
    "topic_title": "Doubt in GA4 Q7",
    "author": "Sakshi6479",
    "content": "Sir,\n\nI am not able to understand how to solve Q7 in GA4. kindly guide me how to solve this question or provide some tutorial video to complete it.\n\nAs the deadline is of today please provide the tutorial video for this question soon.\n\n\n@Saransh_Saini\n , \n@Jivraj\n , \n@carlton"
  },
  {
    "post_id": 592816,
    "post_number": 2,
    "topic_id": 166634,
    "topic_title": "Doubt in GA4 Q7",
    "author": "21f3000745",
    "content": "Just create the url with query parameters city and followers."
  },
  {
    "post_id": 592972,
    "post_number": 3,
    "topic_id": 166634,
    "topic_title": "Doubt in GA4 Q7",
    "author": "Sakshi6479",
    "content": "Can you please elaborate a little bit what should be the steps ?"
  },
  {
    "post_id": 592990,
    "post_number": 4,
    "topic_id": 166634,
    "topic_title": "Doubt in GA4 Q7",
    "author": "23f1001301",
    "content": "Connect to the GitHub API-  it lets you fetch user data automatically(go to github developer settings ->personal acceess tokens->tokens(classic)\n\nSearch for Users with criteria mentioned in your question\n\nWe organize the list from newest to oldest, making it easy to spot the freshest account."
  },
  {
    "post_id": 593003,
    "post_number": 5,
    "topic_id": 166634,
    "topic_title": "Doubt in GA4 Q7",
    "author": "Sakshi6479",
    "content": "Ok thank you for the help."
  },
  {
    "post_id": 593026,
    "post_number": 6,
    "topic_id": 166634,
    "topic_title": "Doubt in GA4 Q7",
    "author": "Saransh_Saini",
    "content": "Hi Sakshi,\n\nIt seems you have already got your answers. Kindly mark the solution these two people have given, so that anyone facing the same issue would be able to get to it easily."
  },
  {
    "post_id": 593223,
    "post_number": 7,
    "topic_id": 166634,
    "topic_title": "Doubt in GA4 Q7",
    "author": "Sakshi6479",
    "content": "Sir I am having trouble in q8 also whenever I am pushing commit in git hub it was showing in GitHub repository but it is not working in git hub actions.\n\n\n17391246723344959529301152516720\n1920×1440 174 KB"
  },
  {
    "post_id": 593227,
    "post_number": 8,
    "topic_id": 166634,
    "topic_title": "Doubt in GA4 Q7",
    "author": "Sakshi6479",
    "content": "17391247584894314599446477469566\n1920×1440 170 KB\n\nIt is working in repo"
  }
]