[
  {
    "post_id": 596885,
    "post_number": 1,
    "topic_id": 167679,
    "topic_title": "Inconsistent information in the Grading Document and the website",
    "author": "23f1003186",
    "content": "The deadlines mentioned in the Grading Document provided and the TDS website (\ns-anand.net\n) are different. Project-1’s deadline was 15 Feb, it was then postponed to the 16th of Feb. Can this be reflected here?\n\nNot affecting me particularly, however, it’s good to be consistent across channels of communication to the students…\n\n\ngrab-IIT-Madras--Microsoft Edge_at_11.39.08_on__19-02-2025__003297\n1484×1168 161 KB"
  },
  {
    "post_id": 597385,
    "post_number": 2,
    "topic_id": 167679,
    "topic_title": "Inconsistent information in the Grading Document and the website",
    "author": "carlton",
    "content": "@23f1003186\n\n\nThanks for letting us know (it might take a little while to fix)\n\n\nKind regards"
  }
]