[
  {
    "post_id": 598100,
    "post_number": 1,
    "topic_id": 168011,
    "topic_title": "Q3, GA5 not accepting right answer",
    "author": "muskan2431",
    "content": "image\n1337×683 31.9 KB\n\nIt seems that the question in \nGraded Assignment 5 for TDS\n is producing incorrect results despite the same logic working correctly for other variations of the problem. Please check into this question once as I have cross checked with many of the students and chatgpt and all of us faced  this issue in this question. Thanks!\n\n\n@carlton\n \n@s.anand\n\n\ncode to take reference from:\n\n\nimport gzip\nimport pandas as pd\nfrom datetime import datetime\n\nlog_path = 's-anand.net-May-2024.gz'\nstart_time = datetime.strptime('01:00:00', '%H:%M:%S').time()\nend_time = datetime.strptime('15:00:00', '%H:%M:%S').time()\nlog_data = []\n\ndef parse_log(line):\n    parts = line.split(' ')\n    log_time = datetime.strptime(parts[3][1:], '%d/%b/%Y:%H:%M:%S')\n    method, url, status = parts[5][1:], parts[6], int(parts[8])\n    return log_time, method, url, status\n\nwith gzip.open(log_path, 'rt') as file:\n    for entry in file:\n        log_time, method, url, status = parse_log(entry)\n        if method == 'GET' and url.startswith('/blog/') and 200 <= status < 300:\n            if log_time.weekday() == 0 and start_time <= log_time.time() < end_time:\n                log_data.append(entry)\n\nprint(f\"Successful GET requests: {len(log_data)}\")\n\n\n\nps: I shared code after the deadline hopefully no issues there!"
  },
  {
    "post_id": 598177,
    "post_number": 4,
    "topic_id": 168011,
    "topic_title": "Q3, GA5 not accepting right answer",
    "author": "amitchaurasia",
    "content": "I’m also facing same kind of issue in Q3, GA5, while cross checked answer from different methods getting same result 1603, which is showing incorrect.\n\nKindly check this issue.\n\nThanks"
  },
  {
    "post_id": 598240,
    "post_number": 5,
    "topic_id": 168011,
    "topic_title": "Q3, GA5 not accepting right answer",
    "author": "Aryxn",
    "content": "The same issue is being faced by many students, not only for this condition, but others as well. Please look into it"
  },
  {
    "post_id": 598344,
    "post_number": 6,
    "topic_id": 168011,
    "topic_title": "Q3, GA5 not accepting right answer",
    "author": "23f2000573",
    "content": "actually i got 130 as answer. but the answer accepted by the portal was 129. i felt like, i have to change one or two numbers front and back, i tried the same before. it worked"
  },
  {
    "post_id": 598383,
    "post_number": 7,
    "topic_id": 168011,
    "topic_title": "Q3, GA5 not accepting right answer",
    "author": "muskan2431",
    "content": "For the same question? But it shouldnt be +1 -1 to get the correct answer right."
  },
  {
    "post_id": 598948,
    "post_number": 8,
    "topic_id": 168011,
    "topic_title": "Q3, GA5 not accepting right answer",
    "author": "carlton",
    "content": "Hi \n@muskan2431\n we are running some checks.\n\n\nPlease bear with us,\n\nKind regards"
  },
  {
    "post_id": 599493,
    "post_number": 9,
    "topic_id": 168011,
    "topic_title": "Q3, GA5 not accepting right answer",
    "author": "carlton",
    "content": "We have determined that some students were affected by GA5 Q3. Whoever we have identified as having received the incorrect assessment will receive 1 mark for that particular question. These are the students that we have identified as been assessed incorrectly:\n\n\n\n\n\n\n\n\n\n\nSN\n\n\nEmail\n\n\n\n\n\n\n\n\n\n\n1\n\n\n21f1000131@ds.study.iitm.ac.in\n\n\n\n\n\n\n2\n\n\n21f1001484@ds.study.iitm.ac.in\n\n\n\n\n\n\n3\n\n\n21f1001631@ds.study.iitm.ac.in\n\n\n\n\n\n\n4\n\n\n21f1001729@ds.study.iitm.ac.in\n\n\n\n\n\n\n5\n\n\n21f1001890@ds.study.iitm.ac.in\n\n\n\n\n\n\n6\n\n\n21f1002734@ds.study.iitm.ac.in\n\n\n\n\n\n\n7\n\n\n21f1002773@ds.study.iitm.ac.in\n\n\n\n\n\n\n8\n\n\n21f1003135@ds.study.iitm.ac.in\n\n\n\n\n\n\n9\n\n\n21f1003475@ds.study.iitm.ac.in\n\n\n\n\n\n\n10\n\n\n21f1003816@ds.study.iitm.ac.in\n\n\n\n\n\n\n11\n\n\n21f1005422@ds.study.iitm.ac.in\n\n\n\n\n\n\n12\n\n\n21f1005510@ds.study.iitm.ac.in\n\n\n\n\n\n\n13\n\n\n21f1006234@ds.study.iitm.ac.in\n\n\n\n\n\n\n14\n\n\n21f1006309@ds.study.iitm.ac.in\n\n\n\n\n\n\n15\n\n\n21f1006867@ds.study.iitm.ac.in\n\n\n\n\n\n\n16\n\n\n21f2000525@ds.study.iitm.ac.in\n\n\n\n\n\n\n17\n\n\n21f2000913@ds.study.iitm.ac.in\n\n\n\n\n\n\n18\n\n\n21f2000998@ds.study.iitm.ac.in\n\n\n\n\n\n\n19\n\n\n21f2001061@ds.study.iitm.ac.in\n\n\n\n\n\n\n20\n\n\n21f2001080@ds.study.iitm.ac.in\n\n\n\n\n\n\n21\n\n\n21f2001543@ds.study.iitm.ac.in\n\n\n\n\n\n\n22\n\n\n21f3000311@ds.study.iitm.ac.in\n\n\n\n\n\n\n23\n\n\n21f3000355@ds.study.iitm.ac.in\n\n\n\n\n\n\n24\n\n\n21f3000512@ds.study.iitm.ac.in\n\n\n\n\n\n\n25\n\n\n21f3000591@ds.study.iitm.ac.in\n\n\n\n\n\n\n26\n\n\n21f3000687@ds.study.iitm.ac.in\n\n\n\n\n\n\n27\n\n\n21f3000813@ds.study.iitm.ac.in\n\n\n\n\n\n\n28\n\n\n21f3001091@ds.study.iitm.ac.in\n\n\n\n\n\n\n29\n\n\n21f3001161@ds.study.iitm.ac.in\n\n\n\n\n\n\n30\n\n\n21f3001936@ds.study.iitm.ac.in\n\n\n\n\n\n\n31\n\n\n21f3001965@ds.study.iitm.ac.in\n\n\n\n\n\n\n32\n\n\n21f3002158@ds.study.iitm.ac.in\n\n\n\n\n\n\n33\n\n\n21f3002431@ds.study.iitm.ac.in\n\n\n\n\n\n\n34\n\n\n21f3002444@ds.study.iitm.ac.in\n\n\n\n\n\n\n35\n\n\n21f3002647@ds.study.iitm.ac.in\n\n\n\n\n\n\n36\n\n\n21f3002782@ds.study.iitm.ac.in\n\n\n\n\n\n\n37\n\n\n21f3003195@ds.study.iitm.ac.in\n\n\n\n\n\n\n38\n\n\n22ds2000011@ds.study.iitm.ac.in\n\n\n\n\n\n\n39\n\n\n22f1000376@ds.study.iitm.ac.in\n\n\n\n\n\n\n40\n\n\n22f1000821@ds.study.iitm.ac.in\n\n\n\n\n\n\n41\n\n\n22f1000902@ds.study.iitm.ac.in\n\n\n\n\n\n\n42\n\n\n22f1000935@ds.study.iitm.ac.in\n\n\n\n\n\n\n43\n\n\n22f1000989@ds.study.iitm.ac.in\n\n\n\n\n\n\n44\n\n\n22f1001095@ds.study.iitm.ac.in\n\n\n\n\n\n\n45\n\n\n22f1001316@ds.study.iitm.ac.in\n\n\n\n\n\n\n46\n\n\n22f1001391@ds.study.iitm.ac.in\n\n\n\n\n\n\n47\n\n\n22f1001416@ds.study.iitm.ac.in\n\n\n\n\n\n\n48\n\n\n22f1001438@ds.study.iitm.ac.in\n\n\n\n\n\n\n49\n\n\n22f1001542@ds.study.iitm.ac.in\n\n\n\n\n\n\n50\n\n\n22f1001551@ds.study.iitm.ac.in\n\n\n\n\n\n\n51\n\n\n22f1001552@ds.study.iitm.ac.in\n\n\n\n\n\n\n52\n\n\n22f1001862@ds.study.iitm.ac.in\n\n\n\n\n\n\n53\n\n\n22f2000108@ds.study.iitm.ac.in\n\n\n\n\n\n\n54\n\n\n22f2000113@ds.study.iitm.ac.in\n\n\n\n\n\n\n55\n\n\n22f2000116@ds.study.iitm.ac.in\n\n\n\n\n\n\n56\n\n\n22f2000273@ds.study.iitm.ac.in\n\n\n\n\n\n\n57\n\n\n22f2000467@ds.study.iitm.ac.in\n\n\n\n\n\n\n58\n\n\n22f2000813@ds.study.iitm.ac.in\n\n\n\n\n\n\n59\n\n\n22f2000898@ds.study.iitm.ac.in\n\n\n\n\n\n\n60\n\n\n22f2000946@ds.study.iitm.ac.in\n\n\n\n\n\n\n61\n\n\n22f2001041@ds.study.iitm.ac.in\n\n\n\n\n\n\n62\n\n\n22f2001336@ds.study.iitm.ac.in\n\n\n\n\n\n\n63\n\n\n22f2001532@ds.study.iitm.ac.in\n\n\n\n\n\n\n64\n\n\n22f2001590@ds.study.iitm.ac.in\n\n\n\n\n\n\n65\n\n\n22f3000275@ds.study.iitm.ac.in\n\n\n\n\n\n\n66\n\n\n22f3000337@ds.study.iitm.ac.in\n\n\n\n\n\n\n67\n\n\n22f3000419@ds.study.iitm.ac.in\n\n\n\n\n\n\n68\n\n\n22f3000422@ds.study.iitm.ac.in\n\n\n\n\n\n\n69\n\n\n22f3000487@ds.study.iitm.ac.in\n\n\n\n\n\n\n70\n\n\n22f3000563@ds.study.iitm.ac.in\n\n\n\n\n\n\n71\n\n\n22f3000694@ds.study.iitm.ac.in\n\n\n\n\n\n\n72\n\n\n22f3000814@ds.study.iitm.ac.in\n\n\n\n\n\n\n73\n\n\n22f3000819@ds.study.iitm.ac.in\n\n\n\n\n\n\n74\n\n\n22f3000831@ds.study.iitm.ac.in\n\n\n\n\n\n\n75\n\n\n22f3000833@ds.study.iitm.ac.in\n\n\n\n\n\n\n76\n\n\n22f3001050@ds.study.iitm.ac.in\n\n\n\n\n\n\n77\n\n\n22f3001074@ds.study.iitm.ac.in\n\n\n\n\n\n\n78\n\n\n22f3001108@ds.study.iitm.ac.in\n\n\n\n\n\n\n79\n\n\n22f3001278@ds.study.iitm.ac.in\n\n\n\n\n\n\n80\n\n\n22f3001316@ds.study.iitm.ac.in\n\n\n\n\n\n\n81\n\n\n22f3001675@ds.study.iitm.ac.in\n\n\n\n\n\n\n82\n\n\n22f3001688@ds.study.iitm.ac.in\n\n\n\n\n\n\n83\n\n\n22f3001777@ds.study.iitm.ac.in\n\n\n\n\n\n\n84\n\n\n22f3001834@ds.study.iitm.ac.in\n\n\n\n\n\n\n85\n\n\n22f3001930@ds.study.iitm.ac.in\n\n\n\n\n\n\n86\n\n\n22f3001961@ds.study.iitm.ac.in\n\n\n\n\n\n\n87\n\n\n22f3001967@ds.study.iitm.ac.in\n\n\n\n\n\n\n88\n\n\n22f3002011@ds.study.iitm.ac.in\n\n\n\n\n\n\n89\n\n\n22f3002175@ds.study.iitm.ac.in\n\n\n\n\n\n\n90\n\n\n22f3002184@ds.study.iitm.ac.in\n\n\n\n\n\n\n91\n\n\n22f3002236@ds.study.iitm.ac.in\n\n\n\n\n\n\n92\n\n\n22f3002265@ds.study.iitm.ac.in\n\n\n\n\n\n\n93\n\n\n22f3002291@ds.study.iitm.ac.in\n\n\n\n\n\n\n94\n\n\n22f3002307@ds.study.iitm.ac.in\n\n\n\n\n\n\n95\n\n\n22f3002394@ds.study.iitm.ac.in\n\n\n\n\n\n\n96\n\n\n22f3002447@ds.study.iitm.ac.in\n\n\n\n\n\n\n97\n\n\n22f3002498@ds.study.iitm.ac.in\n\n\n\n\n\n\n98\n\n\n22f3002565@ds.study.iitm.ac.in\n\n\n\n\n\n\n99\n\n\n22f3002634@ds.study.iitm.ac.in\n\n\n\n\n\n\n100\n\n\n22f3002712@ds.study.iitm.ac.in\n\n\n\n\n\n\n101\n\n\n22f3002813@ds.study.iitm.ac.in\n\n\n\n\n\n\n102\n\n\n22f3002844@ds.study.iitm.ac.in\n\n\n\n\n\n\n103\n\n\n22f3002948@ds.study.iitm.ac.in\n\n\n\n\n\n\n104\n\n\n22f3003003@ds.study.iitm.ac.in\n\n\n\n\n\n\n105\n\n\n22f3003237@ds.study.iitm.ac.in\n\n\n\n\n\n\n106\n\n\n23ds1000032@ds.study.iitm.ac.in\n\n\n\n\n\n\n107\n\n\n23ds2000055@ds.study.iitm.ac.in\n\n\n\n\n\n\n108\n\n\n23ds2000069@ds.study.iitm.ac.in\n\n\n\n\n\n\n109\n\n\n23ds3000146@ds.study.iitm.ac.in\n\n\n\n\n\n\n110\n\n\n23ds3000149@ds.study.iitm.ac.in\n\n\n\n\n\n\n111\n\n\n23ds3000224@ds.study.iitm.ac.in\n\n\n\n\n\n\n112\n\n\n23f1000232@ds.study.iitm.ac.in\n\n\n\n\n\n\n113\n\n\n23f1000257@ds.study.iitm.ac.in\n\n\n\n\n\n\n114\n\n\n23f1000292@ds.study.iitm.ac.in\n\n\n\n\n\n\n115\n\n\n23f1000587@ds.study.iitm.ac.in\n\n\n\n\n\n\n116\n\n\n23f1000776@ds.study.iitm.ac.in\n\n\n\n\n\n\n117\n\n\n23f1000813@ds.study.iitm.ac.in\n\n\n\n\n\n\n118\n\n\n23f1000844@ds.study.iitm.ac.in\n\n\n\n\n\n\n119\n\n\n23f1001472@ds.study.iitm.ac.in\n\n\n\n\n\n\n120\n\n\n23f1001651@ds.study.iitm.ac.in\n\n\n\n\n\n\n121\n\n\n23f1001684@ds.study.iitm.ac.in\n\n\n\n\n\n\n122\n\n\n23f1001788@ds.study.iitm.ac.in\n\n\n\n\n\n\n123\n\n\n23f1001861@ds.study.iitm.ac.in\n\n\n\n\n\n\n124\n\n\n23f1002075@ds.study.iitm.ac.in\n\n\n\n\n\n\n125\n\n\n23f1002114@ds.study.iitm.ac.in\n\n\n\n\n\n\n126\n\n\n23f1002279@ds.study.iitm.ac.in\n\n\n\n\n\n\n127\n\n\n23f1002345@ds.study.iitm.ac.in\n\n\n\n\n\n\n128\n\n\n23f1002362@ds.study.iitm.ac.in\n\n\n\n\n\n\n129\n\n\n23f1002535@ds.study.iitm.ac.in\n\n\n\n\n\n\n130\n\n\n23f1002563@ds.study.iitm.ac.in\n\n\n\n\n\n\n131\n\n\n23f1002586@ds.study.iitm.ac.in\n\n\n\n\n\n\n132\n\n\n23f1002630@ds.study.iitm.ac.in\n\n\n\n\n\n\n133\n\n\n23f1002929@ds.study.iitm.ac.in\n\n\n\n\n\n\n134\n\n\n23f1003000@ds.study.iitm.ac.in\n\n\n\n\n\n\n135\n\n\n23f1003115@ds.study.iitm.ac.in\n\n\n\n\n\n\n136\n\n\n23f2000119@ds.study.iitm.ac.in\n\n\n\n\n\n\n137\n\n\n23f2000273@ds.study.iitm.ac.in\n\n\n\n\n\n\n138\n\n\n23f2000762@ds.study.iitm.ac.in\n\n\n\n\n\n\n139\n\n\n23f2000794@ds.study.iitm.ac.in\n\n\n\n\n\n\n140\n\n\n23f2000822@ds.study.iitm.ac.in\n\n\n\n\n\n\n141\n\n\n23f2000926@ds.study.iitm.ac.in\n\n\n\n\n\n\n142\n\n\n23f2000942@ds.study.iitm.ac.in\n\n\n\n\n\n\n143\n\n\n23f2001274@ds.study.iitm.ac.in\n\n\n\n\n\n\n144\n\n\n23f2001347@ds.study.iitm.ac.in\n\n\n\n\n\n\n145\n\n\n23f2001494@ds.study.iitm.ac.in\n\n\n\n\n\n\n146\n\n\n23f2001529@ds.study.iitm.ac.in\n\n\n\n\n\n\n147\n\n\n23f2001539@ds.study.iitm.ac.in\n\n\n\n\n\n\n148\n\n\n23f2001661@ds.study.iitm.ac.in\n\n\n\n\n\n\n149\n\n\n23f2001960@ds.study.iitm.ac.in\n\n\n\n\n\n\n150\n\n\n23f2001992@ds.study.iitm.ac.in\n\n\n\n\n\n\n151\n\n\n23f2002034@ds.study.iitm.ac.in\n\n\n\n\n\n\n152\n\n\n23f2002121@ds.study.iitm.ac.in\n\n\n\n\n\n\n153\n\n\n23f2002865@ds.study.iitm.ac.in\n\n\n\n\n\n\n154\n\n\n23f2002939@ds.study.iitm.ac.in\n\n\n\n\n\n\n155\n\n\n23f2003529@ds.study.iitm.ac.in\n\n\n\n\n\n\n156\n\n\n23f2003751@ds.study.iitm.ac.in\n\n\n\n\n\n\n157\n\n\n23f2003893@ds.study.iitm.ac.in\n\n\n\n\n\n\n158\n\n\n23f2004115@ds.study.iitm.ac.in\n\n\n\n\n\n\n159\n\n\n23f2004244@ds.study.iitm.ac.in\n\n\n\n\n\n\n160\n\n\n23f2004366@ds.study.iitm.ac.in\n\n\n\n\n\n\n161\n\n\n23f2004443@ds.study.iitm.ac.in\n\n\n\n\n\n\n162\n\n\n23f2004473@ds.study.iitm.ac.in\n\n\n\n\n\n\n163\n\n\n23f2004510@ds.study.iitm.ac.in\n\n\n\n\n\n\n164\n\n\n23f2004637@ds.study.iitm.ac.in\n\n\n\n\n\n\n165\n\n\n23f2004770@ds.study.iitm.ac.in\n\n\n\n\n\n\n166\n\n\n23f2004793@ds.study.iitm.ac.in\n\n\n\n\n\n\n167\n\n\n23f2004936@ds.study.iitm.ac.in\n\n\n\n\n\n\n168\n\n\n23f2004979@ds.study.iitm.ac.in\n\n\n\n\n\n\n169\n\n\n23f2005010@ds.study.iitm.ac.in\n\n\n\n\n\n\n170\n\n\n23f2005193@ds.study.iitm.ac.in\n\n\n\n\n\n\n171\n\n\n23f2005325@ds.study.iitm.ac.in\n\n\n\n\n\n\n172\n\n\n23f2005398@ds.study.iitm.ac.in\n\n\n\n\n\n\n173\n\n\n23f2005474@ds.study.iitm.ac.in\n\n\n\n\n\n\n174\n\n\n23f2005525@ds.study.iitm.ac.in\n\n\n\n\n\n\n175\n\n\n23f2005665@ds.study.iitm.ac.in\n\n\n\n\n\n\n176\n\n\n23f2005701@ds.study.iitm.ac.in\n\n\n\n\n\n\n177\n\n\n23f2005706@ds.study.iitm.ac.in\n\n\n\n\n\n\n178\n\n\n23f2005738@ds.study.iitm.ac.in\n\n\n\n\n\n\n179\n\n\n23f3000975@ds.study.iitm.ac.in\n\n\n\n\n\n\n180\n\n\n23f3001271@ds.study.iitm.ac.in\n\n\n\n\n\n\n181\n\n\n23f3001462@ds.study.iitm.ac.in\n\n\n\n\n\n\n182\n\n\n23f3001572@ds.study.iitm.ac.in\n\n\n\n\n\n\n183\n\n\n23f3001745@ds.study.iitm.ac.in\n\n\n\n\n\n\n184\n\n\n23f3001752@ds.study.iitm.ac.in\n\n\n\n\n\n\n185\n\n\n23f3001764@ds.study.iitm.ac.in\n\n\n\n\n\n\n186\n\n\n23f3001848@ds.study.iitm.ac.in\n\n\n\n\n\n\n187\n\n\n23f3002196@ds.study.iitm.ac.in\n\n\n\n\n\n\n188\n\n\n23f3002427@ds.study.iitm.ac.in\n\n\n\n\n\n\n189\n\n\n23f3002537@ds.study.iitm.ac.in\n\n\n\n\n\n\n190\n\n\n23f3002643@ds.study.iitm.ac.in\n\n\n\n\n\n\n191\n\n\n23f3003016@ds.study.iitm.ac.in\n\n\n\n\n\n\n192\n\n\n23f3003027@ds.study.iitm.ac.in\n\n\n\n\n\n\n193\n\n\n23f3003871@ds.study.iitm.ac.in\n\n\n\n\n\n\n194\n\n\n23f3004013@ds.study.iitm.ac.in\n\n\n\n\n\n\n195\n\n\n23f3004024@ds.study.iitm.ac.in\n\n\n\n\n\n\n196\n\n\n23f3004066@ds.study.iitm.ac.in\n\n\n\n\n\n\n197\n\n\n23f3004134@ds.study.iitm.ac.in\n\n\n\n\n\n\n198\n\n\n23f3004230@ds.study.iitm.ac.in\n\n\n\n\n\n\n199\n\n\n23f3004238@ds.study.iitm.ac.in\n\n\n\n\n\n\n200\n\n\n23f3004264@ds.study.iitm.ac.in\n\n\n\n\n\n\n201\n\n\n23f3004394@ds.study.iitm.ac.in\n\n\n\n\n\n\n202\n\n\n23f3004444@ds.study.iitm.ac.in\n\n\n\n\n\n\n203\n\n\n24ds1000079@ds.study.iitm.ac.in\n\n\n\n\n\n\n204\n\n\n24ds2000062@ds.study.iitm.ac.in\n\n\n\n\n\n\n205\n\n\n24ds2000101@ds.study.iitm.ac.in\n\n\n\n\n\n\n206\n\n\n24ds2000112@ds.study.iitm.ac.in\n\n\n\n\n\n\n207\n\n\n24ds3000028@ds.study.iitm.ac.in\n\n\n\n\n\n\n208\n\n\n24ds3000031@ds.study.iitm.ac.in\n\n\n\n\n\n\n209\n\n\n24ds3000074@ds.study.iitm.ac.in\n\n\n\n\n\n\n210\n\n\n24f1000010@ds.study.iitm.ac.in\n\n\n\n\n\n\n211\n\n\n24f1000400@ds.study.iitm.ac.in\n\n\n\n\n\n\n212\n\n\n24f1000784@ds.study.iitm.ac.in\n\n\n\n\n\n\n213\n\n\n24f1000925@ds.study.iitm.ac.in\n\n\n\n\n\n\n214\n\n\n24f1001396@ds.study.iitm.ac.in\n\n\n\n\n\n\n215\n\n\n24f1001439@ds.study.iitm.ac.in\n\n\n\n\n\n\n216\n\n\n24f1001520@ds.study.iitm.ac.in\n\n\n\n\n\n\n217\n\n\n24f1002390@ds.study.iitm.ac.in\n\n\n\n\n\n\n218\n\n\n24f1002474@ds.study.iitm.ac.in\n\n\n\n\n\n\n219\n\n\n24f2000994@ds.study.iitm.ac.in\n\n\n\n\n\n\n220\n\n\n24f2002746@ds.study.iitm.ac.in\n\n\n\n\n\n\n221\n\n\n24f2003375@ds.study.iitm.ac.in\n\n\n\n\n\n\n222\n\n\n24f2004863@ds.study.iitm.ac.in\n\n\n\n\n\n\n\n\nKind regards,\n\nTDS Team"
  }
]