[
  {
    "post_id": 598929,
    "post_number": 1,
    "topic_id": 168310,
    "topic_title": "Request for a functionality to revise the GAs of TDS",
    "author": "22f3002813",
    "content": "@carlton\n \n@s.anand\n\nDear team,\n\nGreetings of the day\n\n\nI am writing this to request for a functionality\n\n\n\n\nPractice the GAs again after their deadline has passed\n\n\nEither the answers can be posted or the same question answering and simultaneous evaluation interface can work just like it does before the deadline.\n\n\n\n\nHow this is beneficial?\n\n\n\n\nAs the GATE exam has now been completed,  we can now practice the questions we either left or could not do at that time\n\n\nRevision will help us ace the ROE, project and end term\n\n\n\n\nOverall this will increase the value of the already most practical and rewarding course of IIT BS i.e TDS.\n\n\nLooking forward to your guidance and kind consideration\n\nRegards\n\nAryan"
  }
]