[
  {
    "post_id": 602435,
    "post_number": 1,
    "topic_id": 168987,
    "topic_title": "Unable to attend the ROE",
    "author": "23f2000093",
    "content": "@carlton\n \n@Jivraj\n\nI wanted to let you know that I was unable to attend the ROE session today. I’ve been running a high fever since yesterday, and while I managed to complete my JAVA OPPE this morning, I started feeling much worse afterward. I felt it was necessary to get checked out by a doctor and unfortunately had to miss ROE as a result.\n\n\nI was wondering if there might be any possibility of taking the ROE at a later time? Please let me know if there’s anything I can do or if any arrangements can be made."
  },
  {
    "post_id": 603015,
    "post_number": 2,
    "topic_id": 168987,
    "topic_title": "Unable to attend the ROE",
    "author": "Jivraj",
    "content": ""
  }
]