[
  {
    "post_id": 601985,
    "post_number": 1,
    "topic_id": 168916,
    "topic_title": "Project 1 tds score not showing i",
    "author": "HARISH.S",
    "content": "My project 1 marks are not showing in the dashboard. please check on that. i submitted my project on 16.02,2025\n\n23f3000975@ds.study.iitm.ac.in  - my id"
  },
  {
    "post_id": 602014,
    "post_number": 2,
    "topic_id": 168916,
    "topic_title": "Project 1 tds score not showing i",
    "author": "23f2000237",
    "content": "Project results have not been released yet. They have posponed everything.\n\nPlease look into this post.\n\n\n\n\n\n\n\n\n\n\nRevised dates [TDS Jan 2025]\n \nTools in Data Science\n\n\n\n\n\n    A few updates on dates. Hope this eases pressure a little. \n\nGraded Assignment 6 moved from 14 Feb to 28 Feb 2025. Submission date moved from 9 Mar to 16 Mar 2025.\nProject 2 moved from 21 Feb to 3 Mar 2025. Submission date moved from 17 Mar to 31 Mar 2025.\nGraded Assignment 7 moved from 28 Feb to 7 Mar 2025. Submission date moved from 16 Mar to 26 Mar 2025.\nProject 1 results will be released by 16 Mar 2025.\n\nThe \nTDS course page\n now reflects these dates."
  },
  {
    "post_id": 611830,
    "post_number": 4,
    "topic_id": 168916,
    "topic_title": "Project 1 tds score not showing i",
    "author": "Nomad",
    "content": "Hi \n@carlton\n,\n\nMy Project 1 scores are not visible on the part, I have definitely submitted before the deadline and on the grades section - its coming as not submitted. I have mailed support team as well. Will it be possible to check the same in any manner.\n\n\nRegards,\n\nAjit"
  },
  {
    "post_id": 611833,
    "post_number": 5,
    "topic_id": 168916,
    "topic_title": "Project 1 tds score not showing i",
    "author": "carlton",
    "content": "No one has received their Project 1 scores yet. We are hoping to very soon announce preliminary results. (maybe in 24 hours or so). Depends how many bugs we get bitten by.\n\n\nKind regards"
  },
  {
    "post_id": 612137,
    "post_number": 6,
    "topic_id": 168916,
    "topic_title": "Project 1 tds score not showing i",
    "author": "21f2000709",
    "content": "@carlton\n any updates on the Project 1 results?"
  },
  {
    "post_id": 612148,
    "post_number": 7,
    "topic_id": 168916,
    "topic_title": "Project 1 tds score not showing i",
    "author": "carlton",
    "content": "We are releasing them today. You will get an email with lots of goodies in it \n\n\nKind regards"
  },
  {
    "post_id": 612152,
    "post_number": 8,
    "topic_id": 168916,
    "topic_title": "Project 1 tds score not showing i",
    "author": "21f2000709",
    "content": "carlton:\n\n\n\n\nlots of goodies in it \n\n\n\n\n\n\nIt is more frightening now…"
  },
  {
    "post_id": 612166,
    "post_number": 9,
    "topic_id": 168916,
    "topic_title": "Project 1 tds score not showing i",
    "author": "roy2003",
    "content": "If we failed in project1 then we will be awarded free marks in Project2 Please conform that \n@carlton\n at least give us some awards for our hard work (Summer special offer), what do you say?"
  },
  {
    "post_id": 612270,
    "post_number": 10,
    "topic_id": 168916,
    "topic_title": "Project 1 tds score not showing i",
    "author": "lakshaygarg654",
    "content": "I think something heavy is coming… But it’s 9:30, and nothing’s here yet. Taking their time, I see!"
  },
  {
    "post_id": 612280,
    "post_number": 11,
    "topic_id": 168916,
    "topic_title": "Project 1 tds score not showing i",
    "author": "carlton",
    "content": "We have marks but we are sending you a package of items as well, for your benefit."
  },
  {
    "post_id": 612316,
    "post_number": 12,
    "topic_id": 168916,
    "topic_title": "Project 1 tds score not showing i",
    "author": "23f2004912",
    "content": "We have been waiting for you for a month… and our patience is wearing thin\n\n\n1306411745_marco_telugu-jpg-1\n1280×720 133 KB"
  },
  {
    "post_id": 612556,
    "post_number": 13,
    "topic_id": 168916,
    "topic_title": "Project 1 tds score not showing i",
    "author": "roy2003",
    "content": "you are dealing with the wrong wrong person"
  },
  {
    "post_id": 613018,
    "post_number": 14,
    "topic_id": 168916,
    "topic_title": "Project 1 tds score not showing i",
    "author": "22f3000118",
    "content": "sir its not showing anything for me, ive got no mail, what should i do?"
  },
  {
    "post_id": 613033,
    "post_number": 15,
    "topic_id": 168916,
    "topic_title": "Project 1 tds score not showing i",
    "author": "carlton",
    "content": "Screenshot 2025-03-29 at 11.24.19 pm\n811×206 29.2 KB\n\n\nYou failed pre requisites check. Hence there is no evaluation email.\n\ni.e. the score is 0 which will be pushed to dashboard on after 1/4/25\n\n\nOnly those that passed the pre requisite check got emails with scores."
  },
  {
    "post_id": 613123,
    "post_number": 16,
    "topic_id": 168916,
    "topic_title": "Project 1 tds score not showing i",
    "author": "HARISH.S",
    "content": "Sir can you check and say if I passed or not. The link that I submitted for project 1 in the gform contains two links. I wrote ‘and’ between two website link.\n\n\nMy mail id: 23f3000975@ds.study.iitm.ac.in"
  },
  {
    "post_id": 613874,
    "post_number": 17,
    "topic_id": 168916,
    "topic_title": "Project 1 tds score not showing i",
    "author": "rahul_pathak12",
    "content": "Sir, I hope you’re doing well. I haven’t received any email regarding \nProject 1\n results. Could you please confirm if there’s an issue?\n\nmy mail id: 23f2000798@ds.study.iitm.ac.in"
  },
  {
    "post_id": 615198,
    "post_number": 18,
    "topic_id": 168916,
    "topic_title": "Project 1 tds score not showing i",
    "author": "carlton",
    "content": "No issue with your submission, you will get a good score.\n\n\nKind regards"
  },
  {
    "post_id": 615199,
    "post_number": 19,
    "topic_id": 168916,
    "topic_title": "Project 1 tds score not showing i",
    "author": "carlton",
    "content": "Hi you were supposed to provide just one github link in the format specified. You failed to do that and therefore your submission was not evaluated.\n\n\nKind regards"
  },
  {
    "post_id": 615206,
    "post_number": 20,
    "topic_id": 168916,
    "topic_title": "Project 1 tds score not showing i",
    "author": "carlton",
    "content": "23f2004912:\n\n\n\n\n1306411745_marco_telugu-jpg-1\n1280×720 133 KB\n\n\n\n\n\n\ntools in datascience\n1024×939 134 KB"
  },
  {
    "post_id": 615216,
    "post_number": 21,
    "topic_id": 168916,
    "topic_title": "Project 1 tds score not showing i",
    "author": "lakshaygarg654",
    "content": "carlton:\n\n\n\n\n1024×939 134 KB\n\n\n\n\n\n\n“Harder the shell, softer the soul” \n\n\nContext - form acceptance"
  }
]