[
  {
    "post_id": 608305,
    "post_number": 1,
    "topic_id": 170413,
    "topic_title": "[TDS JAN 25] Imp. Announcement for Project 2",
    "author": "carlton",
    "content": "Dear Learners,\n\n\nProf. Anand Live Session Alert!\n\n\n\n\n Date & Time:\n Wednesday, March 19, 2025 · 9:00 – 10:00 PM (IST)  \n2025-03-19T15:30:00Z\n\n\n Speaker:\n \nProfessor Anand\n (\n@s.anand\n)\n\n\n Topic:\n Project 2 Q&A + General Course Queries\n\n\n Google Meet Link:\n \nJoin Here\n\n\n\n\n\n\n How to Prepare for the Live Session\n\n\n Ask Questions in Advance  on THIS thread\n\n\n\n\nIf you have doubts about \nProject 2\n, post your specific questions in this thread.\n\n\nStruggling to phrase your question clearly? Use the \nTDS GPT Assistant\n to refine your question before posting.\n\n\n \nTDS GPT Assistant\n\n\nPlease keep this thread clean and do not use it for banter or solutions. Its only for questions.\n\n\nCheck if someone else has already asked the question before posting. Instead just use a thumbs up.\n\n\nIf you still feel the question has not been asked exactly the way you would frame it, then go ahead and ask it.\n\n\n\n\n Continue Using the \noriginal Project 2 Discussion Thread\n for solutions\n\n\n\n\nThe \nProject 2 Discussion Thread\n is still available for peer and faculty support.\n\n\n \nDiscussion Thread Link\n\n\n\n\n Purpose of This Thread\n\n\n\n\nProf. Anand will \nreview questions in advance\n to ensure an effective live session.\n\n\nPlease post \nonly relevant, well-structured questions\n here.\n\n\n\n\n\n\nDon’t miss this opportunity! Get your questions ready and join the session.\n\n\n\nKind regards,\n\n\nTDS Team"
  },
  {
    "post_id": 608306,
    "post_number": 2,
    "topic_id": 170413,
    "topic_title": "[TDS JAN 25] Imp. Announcement for Project 2",
    "author": "carlton",
    "content": ""
  },
  {
    "post_id": 608526,
    "post_number": 3,
    "topic_id": 170413,
    "topic_title": "[TDS JAN 25] Imp. Announcement for Project 2",
    "author": "kushabarodekar",
    "content": "Hi \n@carlton\n ,\n\n\nWill this session be recorded and shared later?\n\nIt conflicts with live session of BA and that session is specially told that It will not be recorded."
  },
  {
    "post_id": 608604,
    "post_number": 4,
    "topic_id": 170413,
    "topic_title": "[TDS JAN 25] Imp. Announcement for Project 2",
    "author": "Muthupalaniappan",
    "content": "@carlton\n sir, I too prefer a recording. I did not even attend the session due to personal work which I couldn\"t avoid. Pls support"
  },
  {
    "post_id": 608612,
    "post_number": 5,
    "topic_id": 170413,
    "topic_title": "[TDS JAN 25] Imp. Announcement for Project 2",
    "author": "Jivraj",
    "content": "@kushabarodekar\n \n@Muthupalaniappan\n\n\nAs usual recording will be uploaded to youtube."
  },
  {
    "post_id": 608759,
    "post_number": 6,
    "topic_id": 170413,
    "topic_title": "[TDS JAN 25] Imp. Announcement for Project 2",
    "author": "carlton",
    "content": "This is the recording of the session.\n\n\nKind regards"
  }
]