[
  {
    "post_id": 611922,
    "post_number": 1,
    "topic_id": 171054,
    "topic_title": "Successfully Completed TDS Project 2 – Seeking Feedback & Demonstration Session",
    "author": "23f2005702",
    "content": "@s.anand\n \n@carlton\n \n@Jivraj\n \n@Saransh_Saini\n\n\nI would like to share that we have successfully completed \nTDS Project 2\n, solving \n46/57\n cases dynamically via \nAzure after deployment\n! We also tested it with our friends’ \nGA questions\n, and it’s working as expected.\n\n\nThis project was a \nteam effort\n by me and two friends [ \n@lakshaygarg654\n and \n@23f2004637\n ], and we are thrilled with the results post-deployment.\n\n\nI would love the opportunity to \ndemonstrate our project\n to \nTA and Anand Sir\n in a \nGoogle Meet session\n on \nMarch 31st\n (since I have OPPE on the 29th and 30th).\n\n\nIf you can spare some time for a quick look at our project, it would be awesome! Looking forward to your response."
  },
  {
    "post_id": 611926,
    "post_number": 2,
    "topic_id": 171054,
    "topic_title": "Successfully Completed TDS Project 2 – Seeking Feedback & Demonstration Session",
    "author": "Saransh_Saini",
    "content": "Hi \n@23f2005702\n \n@lakshaygarg654\n\nFirstly, congratulations on your success. And surely you can demonstrate your project. It would be great if you demonstrate it in today’s live session at 8pm. Otherwise next week is all about project 2 discussion."
  },
  {
    "post_id": 611927,
    "post_number": 3,
    "topic_id": 171054,
    "topic_title": "Successfully Completed TDS Project 2 – Seeking Feedback & Demonstration Session",
    "author": "23f2005702",
    "content": "Thank you for the opportunity! However, I won’t be able to present the project in a public session as my \nAzure API URL would be exposed\n, and since it incurs \ncosts per usage\n, I need to keep it secure.\n\n\nI’d prefer a \nprivate meet\n to demonstrate the project. Please let me know if that can be arranged. Looking forward to discussing it!"
  },
  {
    "post_id": 611942,
    "post_number": 4,
    "topic_id": 171054,
    "topic_title": "Successfully Completed TDS Project 2 – Seeking Feedback & Demonstration Session",
    "author": "21f2000709",
    "content": "That’s amazing \n@23f2005702\n ,\n\nso far I have completed till 44 Qs and deployed it on azure too !! Mine is solving around 40 correctly out of these 44 (checked with another user’s login on the portal)."
  },
  {
    "post_id": 611947,
    "post_number": 5,
    "topic_id": 171054,
    "topic_title": "Successfully Completed TDS Project 2 – Seeking Feedback & Demonstration Session",
    "author": "lakshaygarg654",
    "content": "@Saransh_Saini\n\nI can’t join the meet since I’m out of station and don’t have PC access. I also have other coursework, so I’ll be available for a meet from the 31st onwards"
  },
  {
    "post_id": 613780,
    "post_number": 6,
    "topic_id": 171054,
    "topic_title": "Successfully Completed TDS Project 2 – Seeking Feedback & Demonstration Session",
    "author": "Aryxn",
    "content": "Congrats for your project mate!\n\nJust wanted to ask how did you frame your questions for the Graded Assignments? Cause that will help me complete mine.\n\nThanks in advance"
  }
]