[
  {
    "post_id": 614904,
    "post_number": 1,
    "topic_id": 171668,
    "topic_title": "End term TDS",
    "author": "23f2004752",
    "content": "@carlton\n can you give me some advice regarding preparation for end term exam."
  },
  {
    "post_id": 614917,
    "post_number": 2,
    "topic_id": 171668,
    "topic_title": "End term TDS",
    "author": "Priya5379",
    "content": "any question papers for preparations and on what basis the questions would come"
  },
  {
    "post_id": 616352,
    "post_number": 3,
    "topic_id": 171668,
    "topic_title": "End term TDS",
    "author": "22f2001590",
    "content": "@carlton\n \n@Jivraj\n \n@Saransh_Saini\n\n\nHi,\n\n\nWe have 6 days for ET. I request you to share module weightage (if it’s not secret).\n\nPlease release mock as early as possible because this term course content has been changed so pyqs won’t help much.\n\n\nThanks\n\nSujay D"
  },
  {
    "post_id": 616358,
    "post_number": 4,
    "topic_id": 171668,
    "topic_title": "End term TDS",
    "author": "roy2003",
    "content": "@carlton\n, please release the mock or give us the proper resources. The resources in the course introduction and the pyqs have no similarities. Many questions come from other topics, such as MLT and many others. Those who didn’t complete it find it too difficult. Please don’t keep us in delusion."
  },
  {
    "post_id": 616381,
    "post_number": 5,
    "topic_id": 171668,
    "topic_title": "End term TDS",
    "author": "Nomit",
    "content": "Going through GA’s would be good idea."
  },
  {
    "post_id": 616386,
    "post_number": 6,
    "topic_id": 171668,
    "topic_title": "End term TDS",
    "author": "Sakshi6479",
    "content": "Yes sir please it will help us to prepare better for end term."
  },
  {
    "post_id": 616387,
    "post_number": 7,
    "topic_id": 171668,
    "topic_title": "End term TDS",
    "author": "Sakshi6479",
    "content": "Yes sir we all are facing the same problem."
  },
  {
    "post_id": 616397,
    "post_number": 8,
    "topic_id": 171668,
    "topic_title": "End term TDS",
    "author": "carlton",
    "content": "The Tuesday and the Thursday session will cover end term including a mock.\n\n\nEnd term is usually very easy for TDS. A look at prior end terms is a good indicator of how easy they are.\n\n\nKind regards"
  },
  {
    "post_id": 616415,
    "post_number": 9,
    "topic_id": 171668,
    "topic_title": "End term TDS",
    "author": "23f2004912",
    "content": "@Carlton\n With just 5 days left, I wanted to ask for a quick suggestion.\n\n\nI’m prioritizing PYQs for sure, but between revisiting lectures and attending TA sessions (both quite time-consuming), which one would you recommend focusing on for better returns?\n\n\nAlso, if possible, could you please point out the top 2–3 most important topics—maybe things like LLM, Data Sourcing, etc.—to give more attention to?"
  },
  {
    "post_id": 616425,
    "post_number": 10,
    "topic_id": 171668,
    "topic_title": "End term TDS",
    "author": "carlton",
    "content": "I recommend attending the Tues and Thurs session this week or watching the recordings. Its the same every term, those that attend the session score the best marks. I say this because there is no way for me to convey in a discourse post all the important things to focus on. But I can do that in a 2 hour session."
  },
  {
    "post_id": 616993,
    "post_number": 11,
    "topic_id": 171668,
    "topic_title": "End term TDS",
    "author": "22f2001640",
    "content": "Practice PYQ Drive link provied in Tuesdays End term revision Session\n\n\n\n\ndocs.google.com\n\n\n\n\n\n\n\n\nPYQ Sheet\n\n\nThis Sheet is private"
  },
  {
    "post_id": 617150,
    "post_number": 12,
    "topic_id": 171668,
    "topic_title": "End term TDS",
    "author": "A_LAKSHMI",
    "content": "Sir could you provide the recording for yesterday’s live session as in youtube its not uploaded yet\n\nThank you"
  },
  {
    "post_id": 617151,
    "post_number": 13,
    "topic_id": 171668,
    "topic_title": "End term TDS",
    "author": "A_LAKSHMI",
    "content": "Sir will the recent 3 pyqs be sufficient as the pyqs before 2024 are different compared to the recent ones. Could u pls let us know about it\n\nThank you"
  }
]