[
  {
    "post_id": 614919,
    "post_number": 1,
    "topic_id": 171672,
    "topic_title": "Why Failed?",
    "author": "virajpitale",
    "content": "Screenshot 2025-04-03 161302\n1268×533 16.3 KB\n\n\nvirajpitale/tds-project1\n\non github you can clearly see i added mit license still it is showing failed"
  },
  {
    "post_id": 614922,
    "post_number": 2,
    "topic_id": 171672,
    "topic_title": "Why Failed?",
    "author": "Jivraj",
    "content": "image\n1480×950 140 KB\n\n\nI checked your github repo MIT License file is named as \nLicenese.md\n but standard naming for License is LICENSE or LICENSE.md (with all caps)."
  },
  {
    "post_id": 614931,
    "post_number": 3,
    "topic_id": 171672,
    "topic_title": "Why Failed?",
    "author": "virajpitale",
    "content": "So, should I edit the filename now, or will you count it as missing?"
  },
  {
    "post_id": 614963,
    "post_number": 4,
    "topic_id": 171672,
    "topic_title": "Why Failed?",
    "author": "virajpitale",
    "content": "@Jivraj\n please reply"
  },
  {
    "post_id": 616586,
    "post_number": 5,
    "topic_id": 171672,
    "topic_title": "Why Failed?",
    "author": "virajpitale",
    "content": "Screenshot 2025-04-07 174256\n1710×518 33 KB\n\nI submitted the project \nwithin the deadline\n, and I ensured that \nall requirements were fulfilled\n, including correctly adding the MIT License file. The license file was named properly and contained the correct content.\n\n\nHowever, I received a message stating that the MIT License was not present, and that the prerequisites were not completed — resulting in a failed status. This is surprising and feels unfair, as I’ve double-checked my submission and confirmed that everything, including the license file, is in place and named correctly.\n\n\nHere is my GitHub repo for your reference: \nGitHub - virajpitale/tds-project1\n\n\nI kindly request a re-evaluation of my submission, as I believe I’ve met all the required criteria. I would really appreciate your time in looking into this matter again.\n\n\nThank you for your understanding.\n\n\n@Jivraj"
  }
]