[
  {
    "post_id": 617449,
    "post_number": 1,
    "topic_id": 172254,
    "topic_title": "📜 According to TDS Rule 14(b):",
    "author": "23f2005702",
    "content": "@s.anand\n \n@carlton\n \n@Saransh_Saini\n \n@Jivraj\n\n\n“Students are allowed to take help from their pets in completing assignments.”\n\nSo I did. \n\n\n\n\n \nConfession: My Labrador Did All My Assignments\n \n\n\nYes, I got \ngreat marks\n in Assignments, ROEs, and Project 1.\n\nBut let’s be real…\n\n\nIt was \nmy Labrador\n who did the actual work \n\n\nWhile I was snoozing through deadlines, he was:\n\n\n\n\nSolving \ndeployment issues\n faster than my dev server boots\n\n\nWriting \nfunction calling code\n like a true GPT whisperer\n\n\nFixing \nLLM bugs\n that I didn’t even understand\n\n\n\n\nMeanwhile, I was just vibing in my blanket.\n\nHe growled at broken APIs.\n\nI took the credit. \n\n\n\n\n Message from the Dog Developer:\n\n\n\n\n“Thank you all for an awesome semester!\n\nI learned more than some juniors. From containerization to prompt tuning.\n\nBut I am \npersonally offended\n by one thing…”\n\n\n\n\n\n\n“How dare you give \nbonus marks on Week 7\n?\n\nI skipped it — just like many — because we were told \nonly best 4 of 7 would count\n.\n\nI demand justice. And a belly rub.”\n\n– \n, Full-stack Labrador & Part-time Therapist\n\n\n\n\n\n\n Moral of the story:\n\n\nLet your pets help with your coursework.\n\nYou get the grade. They get the rage."
  },
  {
    "post_id": 617454,
    "post_number": 2,
    "topic_id": 172254,
    "topic_title": "📜 According to TDS Rule 14(b):",
    "author": "23f2004912",
    "content": "After fighting so much for GA, ROE, Project 1, and Project 2, my inner animal got hurt and fell asleep — and that’s how I ended up missing GA7. Please don’t hurt him any further.\n\n\nSwarna-48\n1200×675 15.1 KB"
  },
  {
    "post_id": 617459,
    "post_number": 3,
    "topic_id": 172254,
    "topic_title": "📜 According to TDS Rule 14(b):",
    "author": "23f2000237",
    "content": "I know this is obviously a joke but, is there a rule book by any chance ?"
  },
  {
    "post_id": 617497,
    "post_number": 4,
    "topic_id": 172254,
    "topic_title": "📜 According to TDS Rule 14(b):",
    "author": "roy2003",
    "content": "I think you feed your dog desi ghee instead of pedigree"
  }
]