[
  {
    "post_id": 617409,
    "post_number": 1,
    "topic_id": 172246,
    "topic_title": "Bonus Marks in TDS for Jan 25",
    "author": "23f2004636",
    "content": "@carlton\n \n@Jivraj\n \n@Saransh_Saini\n Greetings sir!\n\nSir, I have a query about the criteria for earning bonus marks in the TDS course. I’ve noticed that some students who completed GA7 are receiving bonus marks for extra peer reviews (5 bonus marks is quite significant as it improves grades as well). However, what about those of us who completed all 6 assignments but missed GA7 for some reason?\n\nAs the course is quite challenging due to the vast syllabus, bonus marks would be really helpful for many of us. Could you kindly clarify the situation?\n\n\nThank you and Regards\n\nAkshit"
  },
  {
    "post_id": 617415,
    "post_number": 2,
    "topic_id": 172246,
    "topic_title": "Bonus Marks in TDS for Jan 25",
    "author": "lakshaygarg654",
    "content": "Yes, I also missed the same assignment due to pressure from other courses.\n\nHowever, awarding a 5-mark bonus instead of a percentile-based system like GA4 seems quite different.\n\nIs this information available to everyone \n@carlton\n sir?"
  },
  {
    "post_id": 617422,
    "post_number": 3,
    "topic_id": 172246,
    "topic_title": "Bonus Marks in TDS for Jan 25",
    "author": "21f2000588",
    "content": "Hello \n@carlton\n \n@Jivraj\n \n@Saransh_Saini\n \n@s.anand\n sir,\n\nI hope you are doing well.\n\n\nAs per the grading document, we were informed that only the best 4 out of the 7 assessments would be considered for grading. However, there was no mention of bonus marks, and before the deadline, we were not informed about the +5 bonus marks for GA7. Due to other academic commitments, such as Project 2, some of us were unable to complete GA7.\n\n\nNow, we have come to know that some of our peers have received an email stating that they have been awarded +5 bonus marks, which directly contribute to the final score. In some cases, this may even impact the final grade. Since this information was not communicated earlier, we kindly request you to consider providing an alternative way for those who missed GA7 to earn these bonus marks—perhaps through reviewing submissions or another form of assessment.\n\n\nWe sincerely request your understanding on this matter and would be grateful if you could provide an opportunity for us to earn the bonus marks as well.\n\n\nLooking forward to your kind consideration.\n\n\nBest regards,\n\nDigvijaysinh Chudasama"
  },
  {
    "post_id": 617425,
    "post_number": 4,
    "topic_id": 172246,
    "topic_title": "Bonus Marks in TDS for Jan 25",
    "author": "Sagan",
    "content": "The Same happened to me. They should have informed this before."
  },
  {
    "post_id": 617426,
    "post_number": 5,
    "topic_id": 172246,
    "topic_title": "Bonus Marks in TDS for Jan 25",
    "author": "Harshjayswal-2003",
    "content": "Hello \n@carlton\n \n@Jivraj\n \n@Saransh_Saini\n \n@s.anand\n sir,\n\nI hope you are doing well.\n\n\nAs per the grading document, we were informed that only the best 4 out of the 7 assessments would be considered for grading. However, there was no mention of bonus marks, and before the deadline, we were not informed about the +5 bonus marks for GA7. Due to other academic commitments, such as Project 2, some of us were unable to complete GA7.\n\n\nNow, we have come to know that some of our peers have received an email stating that they have been awarded +5 bonus marks, which directly contribute to the final score. In some cases, this may even impact the final grade. Since this information was not communicated earlier, we kindly request you to consider providing an alternative way for those who missed GA7 to earn these bonus marks—perhaps through reviewing submissions or another form of assessment.\n\n\nWe sincerely request your understanding on this matter and would be grateful if you could provide an opportunity for us to earn the bonus marks as well.\n\n\nLooking forward to your kind consideration.\n\n\nBest regards,\n\nHARSH JAYSWAL"
  },
  {
    "post_id": 617430,
    "post_number": 6,
    "topic_id": 172246,
    "topic_title": "Bonus Marks in TDS for Jan 25",
    "author": "Harshjayswal-2003",
    "content": "@s.anand\n \n@carlton\n same happens for me also sir plz look into this matter."
  },
  {
    "post_id": 617431,
    "post_number": 7,
    "topic_id": 172246,
    "topic_title": "Bonus Marks in TDS for Jan 25",
    "author": "23f2004912",
    "content": "@carlton\n \n@s.anand\n\nThere seems to be a sudden and unannounced change in the GA marking scheme, which feels quite arbitrary. Initially, we were told that GA would carry 15% weight, calculated as the best 4 out of 7. Based on this, after scoring full marks in four GAs, I didn’t attempt the rest. Even then, I did complete GA5 and GA6, which you can verify.\n\n\nNow I’m seeing in groups that there’s an “extra benefit” being given for GA7. If any changes are being made to the evaluation criteria, they should be communicated clearly via email or discourse. Transparency is important, and as students, we have the right to be informed about such decisions in advance.\n\n\nI could point out several other issues, but to keep it brief — grading should be fair and consistent. Every student deserves an equal opportunity, and if GA7 is being considered differently, everyone should have the chance to attempt or review it accordingly.\n\n\n@carlton\n, we request you to kindly consider this matter. We are looking forward to a quick response — hopefully one that ensures fairness for all students."
  },
  {
    "post_id": 617432,
    "post_number": 8,
    "topic_id": 172246,
    "topic_title": "Bonus Marks in TDS for Jan 25",
    "author": "vikramjncasr",
    "content": "@carlton\n sir ,\n\n\nThis would be a deviation from the grading format right sir? As some of us were proactive and closed the 4 GA requirement earlier, if such extra weightage is given to a certain  GA unannounced then how is it fair on the other students ?\n\nKindly consider"
  },
  {
    "post_id": 617433,
    "post_number": 9,
    "topic_id": 172246,
    "topic_title": "Bonus Marks in TDS for Jan 25",
    "author": "23f2004837",
    "content": "same for me also …\n\nPlease consider all the GA for the calculation and give bonus based on the overall performance in GA’s instead of one GA.\n\n\n@carlton\n \n@Jivraj\n \n@Saransh_Saini"
  },
  {
    "post_id": 617434,
    "post_number": 10,
    "topic_id": 172246,
    "topic_title": "Bonus Marks in TDS for Jan 25",
    "author": "mahi.13",
    "content": "Exactly! This should have been informed beforehand.\n\nIt’s really unfair"
  },
  {
    "post_id": 617435,
    "post_number": 11,
    "topic_id": 172246,
    "topic_title": "Bonus Marks in TDS for Jan 25",
    "author": "23f2004793",
    "content": "It the team wants to give bonus marks then why specifically to peer review week-7 ? Like all the GAs were equally important ! So please do something about this."
  },
  {
    "post_id": 617439,
    "post_number": 12,
    "topic_id": 172246,
    "topic_title": "Bonus Marks in TDS for Jan 25",
    "author": "akashkunwar",
    "content": "@carlton\n \n@Jivraj\n \n@Saransh_Saini\n \n@s.anand\n\nI have completed 5 GAs, but missed others due to the time commitment required, along with managing three other subjects and one project. I kindly request that 5 bonus marks be awarded to all, as the additional marks for GA were not communicated earlier. This could result in a disadvantage for those of us who were unaware of the extra marks for GA7. Thank you for considering this.\n\n\nRegards:\n\nAkash"
  },
  {
    "post_id": 617443,
    "post_number": 13,
    "topic_id": 172246,
    "topic_title": "Bonus Marks in TDS for Jan 25",
    "author": "23f2004912",
    "content": "@carlton\n I genuinely wish I could respond more humbly, but the way this has unfolded makes it hard — and sadly, I’m not MSD to handle it all with silence and a smile."
  },
  {
    "post_id": 617458,
    "post_number": 16,
    "topic_id": 172246,
    "topic_title": "Bonus Marks in TDS for Jan 25",
    "author": "PalaashU",
    "content": "Good evening \n@carlton\n \n@Jivraj\n \n@Saransh_Saini\n \n@s.anand\n Sir,\n\nI hope you are well\n\n\nAccording to the grading document, we were told that only the best 4 out of the 7 assessments would count towards our final grade. There was no mention of any bonus marks, and we were not informed about the +5 bonus marks for GA7 before the deadline. Because of other academic commitments like Project 2, some of us couldn’t complete GA7.\n\n\nRecently, we found out that some students received an email saying they’ve been given +5 bonus marks for GA7, which directly affects their final score and possibly their overall grade. Since this information wasn’t shared earlier, we kindly request you to consider offering an alternative way for those who missed GA7 to earn the bonus marks. This could be through a submission review or another form of assessment.\n\n\nWe genuinely hope for your understanding and would be very grateful if you could provide a chance for us to earn the bonus marks too.\n\n\nBest regards,\n\nPalaash V. Upadhyay"
  },
  {
    "post_id": 617462,
    "post_number": 17,
    "topic_id": 172246,
    "topic_title": "Bonus Marks in TDS for Jan 25",
    "author": "Vedant22",
    "content": "23f2004912:\n\n\n\n\nThere seems to be a sudden and unannounced change in the GA marking scheme, which feels quite arbitrary. Initially, we were told that GA would carry 15% weight, calculated as the best 4 out of 7. Based on this, after scoring full marks in four GAs, I didn’t attempt the rest. Even then, I did complete GA5 and GA6, which you can verify.\n\n\nNow I’m seeing in groups that there’s an “extra benefit” being given for GA7. If any changes are being made to the evaluation criteria, they should be communicated clearly via email or discourse. Transparency is important, and as students, we have the right to be informed about such decisions in advance.\n\n\nI could point out several other issues, but to keep it brief — grading should be fair and consistent. Every student deserves an equal opportunity, and if GA7 is being considered differently, everyone should have the chance to attempt or review it accordingly.\n\n\n\n\n\n\nThere seems to be a sudden and unannounced change in the GA marking scheme, which feels quite arbitrary. Initially, we were told that GA would carry 15% weight, calculated as the best 4 out of 7. Based on this, after scoring full marks in four GAs, I didn’t attempt the rest. Even then, I did complete GA5 and GA6, which you can verify.\n\n\nNow I’m seeing in groups that there’s an “extra benefit” being given for GA7. If any changes are being made to the evaluation criteria, they should be communicated clearly via email or discourse. Transparency is important, and as students, we have the right to be informed about such decisions in advance.\n\n\nI could point out several other issues, but to keep it brief — grading should be fair and consistent. Every student deserves an equal opportunity, and if GA7 is being considered differently, everyone should have the chance to attempt or review it accordingly.\n\n\n@carlton\n sir please look into this"
  },
  {
    "post_id": 617470,
    "post_number": 18,
    "topic_id": 172246,
    "topic_title": "Bonus Marks in TDS for Jan 25",
    "author": "Sonshre8585",
    "content": "@carlton\n \n@Jivraj\n \n@Saransh_Saini\n\nYes sir , we have completed all the previous ga but not able to do week 7  , we feel that the bonus should be given to all on the basis of ga and not only on week 7 . Or it should have been informed earlier if such bonus was to be given . Please do consider our request . Thank you"
  },
  {
    "post_id": 617475,
    "post_number": 19,
    "topic_id": 172246,
    "topic_title": "Bonus Marks in TDS for Jan 25",
    "author": "23f1000598",
    "content": "Exactly , They have to informed this earlier , that week 7 have peer marks too , and now bonus too\n\nin the grading doc , they removed peer marks , so i thought it was removed , but its not"
  },
  {
    "post_id": 617477,
    "post_number": 20,
    "topic_id": 172246,
    "topic_title": "Bonus Marks in TDS for Jan 25",
    "author": "23f2002121",
    "content": "@carlton\n \n@Jivraj\n \n@Saransh_Saini\n \n@s.anand\n\n\nThe sudden introduction of bonus marks for GA7 in Tools in Data Science has left many students confused, as there was no prior intimation regarding this change. We had all planned our submissions based on the clearly communicated “best 4 out of 7” policy. This unexpected shift has raised concerns about transparency and fairness principles that should be central to academic assessment. Fairness is not a privilege to be selectively granted; it is a fundamental right for every student. We respectfully urge the course coordinators to offer clarification and ensure that all students are evaluated on an equal footing. We hope the final grading reflects both justice and academic integrity."
  },
  {
    "post_id": 617478,
    "post_number": 21,
    "topic_id": 172246,
    "topic_title": "Bonus Marks in TDS for Jan 25",
    "author": "Haricharan",
    "content": "@carlton\n \n@Jivraj\n \n@Saransh_Saini\n \n@s.anand\n\nYes Sir, I also completed 6 GAs even tho it was written only best 4 out of 7 GAs would be considered for final grade, but couldn’t complete GA 7 due to pressure of other subjects, if it was written in the grading document I would have done it, hoping you would understand Sir, Please do consider our request.\n\nThank you"
  },
  {
    "post_id": 617490,
    "post_number": 22,
    "topic_id": 172246,
    "topic_title": "Bonus Marks in TDS for Jan 25",
    "author": "Namannn28",
    "content": "@carlton\n sir in the grading document it was mentioned best 4 out of 7 assignments but I did 6 GAs but skipped GA7 due to other assignments and projects but now we got to know that 5 bonus marks are given in ga 7 which seems unfair to all of us as mostly people who did GA7 are the one who were not able to complete previous GAs so giving bonus for the last day give them a edge\n\n\nIf it was announced before deadline of GA 7 it was okay and good for us to improve our grade but now it seems quite unfair so, please come with the best possible solution for this\n\n\nThanking you\n\n\nwaiting for your answer"
  }
]