[
  {
    "post_id": 618435,
    "post_number": 1,
    "topic_id": 172497,
    "topic_title": "Project 1 : not submitted issue",
    "author": "22f3000463",
    "content": "@carlton\n sir my project 1 marks are showing not submited. But i did indeed submit it with proper procedure. What should i do ? For my marks update."
  },
  {
    "post_id": 618453,
    "post_number": 2,
    "topic_id": 172497,
    "topic_title": "Project 1 : not submitted issue",
    "author": "carlton",
    "content": "Some scores will be pushed to dashboard on or after 14th, they are part of an update score batch. Yours is likely waiting to be pushed. We will give a discrepancy form after endterm. If your score is not showing on dashboard, fill that and operations will have a look. From our side we have a score for you of 55 for Project 1."
  }
]